city_id,city,hotel_name,hotel_url,hotel_latitude,hotel_longitude,hotel_rating,hotel_reviews,hotel_description,city_lat,city_lon,hci,temp,temp_feels_like,wind_speed,rain,cloud
1,Mont Saint Michel,La Vieille Auberge,https://www.booking.com/hotel/fr/la-vieille-auberge-le-mont-saint-michel.fr.html?aid=304142&label=mkt123sc-5f611bb5-07cf-43e4-bbcc-a3de372e848d&ucfs=1&arphpl=1&group_adults=2&req_adults=2&no_rooms=1&group_children=0&req_children=0&hpos=1&hapos=1&sr_order=popularity&srpvid=aa1657369490a310a09acd3c2126c42a&srepoch=1766846970&from=searchresults,48.636063,-1.511457,7.5,1603.0,"La Vieille Auberge vous accueille dans le village médiéval du Mont-Saint-Michel, à quelques pas de la célèbre abbaye. Vous pourrez profiter d’une connexion Wi-Fi gratuite, d’un restaurant, d’une terrasse et d’une réception dans la maison principale.

Les chambres sont réparties dans 2 annexes situées en haut du village. Pour y accéder, vous devrez gravir de nombreuses marches. L’une des options, au milieu du village, propose des chambres standard donnant sur la rue, tandis que l’autre option, en haut du village, propose des chambres avec terrasse offrant une vue sur la baie. Toutes les chambres disposent d’une télévision à écran plat et d’une salle de bains privative avec baignoire ou douche.

L’hôtel dispose également d’un bar et d’un restaurant servant une cuisine française traditionnelle.",48.6360211,-1.5114947,63.6,1.8372499999999998,-1.5045,3.6394999999999995,0.0,24.675
1,Mont Saint Michel,Mercure Mont Saint Michel,https://www.booking.com/hotel/fr/mont-saint-michel.fr.html?aid=304142&label=mkt123sc-5f611bb5-07cf-43e4-bbcc-a3de372e848d&ucfs=1&arphpl=1&group_adults=2&req_adults=2&no_rooms=1&group_children=0&req_children=0&hpos=2&hapos=2&sr_order=popularity&srpvid=aa1657369490a310a09acd3c2126c42a&srepoch=1766846970&from=searchresults,48.61424652959294,-1.510545015335083,8.3,3662.0,"Installé dans des espaces verts à seulement 2 km de l'abbaye du Mont-Saint-Michel, le Mercure Mont Saint Michel propose des chambres spacieuses avec salle de bains privative, un bar-restaurant et de nombreuses places de parking gratuites.

Les chambres du Mercure Mont Saint Michel sont dotées de la climatisation, d'un plateau/bouilloire et d'une télévision par satellite/câble à écran plat.

Le restaurant Le Pré Salé, célèbre dans la région, prépare de délicieux fruits de mer ainsi que des spécialités régionales. Le bar Le Normandy sert des boissons dans un cadre convivial et décontracté.

Le Mercure Mont Saint Michel vous accueille à 6,5 km de Pontorson et à 52 km de Saint-Malo.",48.6360211,-1.5114947,63.6,1.8372499999999998,-1.5045,3.6394999999999995,0.0,24.675
1,Mont Saint Michel,Auberge Saint Pierre,https://www.booking.com/hotel/fr/auberge-saint-pierre.fr.html?aid=304142&label=mkt123sc-5f611bb5-07cf-43e4-bbcc-a3de372e848d&ucfs=1&arphpl=1&group_adults=2&req_adults=2&no_rooms=1&group_children=0&req_children=0&hpos=3&hapos=3&sr_order=popularity&srpvid=aa1657369490a310a09acd3c2126c42a&srepoch=1766846970&from=searchresults,48.63568797869143,-1.5098825097084045,8.1,1215.0,"Située sur le Mont-Saint-Michel, l'Auberge Saint Pierre est composée de petits bâtiments à colombages datant du XIVe siècle. Elle allie le charme d’époque des poutres apparentes à des éléments de confort moderne, comme une télévision et une connexion Wi-Fi gratuite.

Idéalement situé pour visiter le Mont-Saint-Michel, cet hôtel se trouve dans la rue principale menant à l'abbaye du Mont-Saint-Michel.

Les 2 annexes de l'hôtel se trouvent au milieu du village et sont accessibles par de nombreux escaliers.

Les chambres de l'Auberge Saint Pierre et les annexes disposent d'une salle de bains privative avec baignoire ou douche. Certaines chambres offrent une vue sur la mer.

L'hôtel sert un petit-déjeuner buffet tous les matins. Le restaurant authentique sert une cuisine traditionnelle normande et des plats à base de poisson. Vous pourrez choisir de dîner sur place.",48.6360211,-1.5114947,63.6,1.8372499999999998,-1.5045,3.6394999999999995,0.0,24.675
1,Mont Saint Michel,Hôtel Vert,https://www.booking.com/hotel/fr/vert.fr.html?aid=304142&label=mkt123sc-5f611bb5-07cf-43e4-bbcc-a3de372e848d&ucfs=1&arphpl=1&group_adults=2&req_adults=2&no_rooms=1&group_children=0&req_children=0&hpos=4&hapos=4&sr_order=popularity&srpvid=aa1657369490a310a09acd3c2126c42a&srepoch=1766846970&from=searchresults,48.61470048629041,-1.5096169710159302,8.2,6099.0,"L’Hotel Vert vous propose des chambres décorées dans des tons pastel, dotées d’une salle de bains privative, d’une télévision ainsi que d’une connexion Wi-Fi gratuite. Il vous accueille à 2 km de l’île intertidale du Mont Saint-Michel, sur la côte normande.

Lors de votre séjour, vous pourrez déguster une cuisine régionale au restaurant du Vert, La salicorne. Vous pourrez également apprécier le bar de l'hôtel, L'Equinoxe, qui s'ouvre sur une terrasse privée.

Le Vert Hotel met également à votre disposition une réception ouverte 24h/24 ainsi qu’un parking privé. Vous bénéficierez aussi d’un supermarché et d’une boutique de souvenirs sur place.",48.6360211,-1.5114947,63.6,1.8372499999999998,-1.5045,3.6394999999999995,0.0,24.675
1,Mont Saint Michel,Appart Standing - La Coque d'Or - Mont-St-Michel,https://www.booking.com/hotel/fr/la-coque-d-or.fr.html?aid=304142&label=mkt123sc-5f611bb5-07cf-43e4-bbcc-a3de372e848d&ucfs=1&arphpl=1&group_adults=2&req_adults=2&no_rooms=1&group_children=0&req_children=0&hpos=5&hapos=5&sr_order=popularity&srpvid=aa1657369490a310a09acd3c2126c42a&srepoch=1766846970&from=searchresults,48.6354874,-1.5101555,9.6,56.0,"L’hébergement Appart Standing - La Coque d'Or - Mont-St-Michel vous accueille au Mont-Saint-Michel, à respectivement 200 mètres, quelques pas et 29 km de ces lieux d’intérêt : Abbaye du Mont Saint Michel, Mont Saint-Michel et Scriptorial d'Avranches. Cet hébergement offre une vue sur la ville et met à votre disposition une connexion Wi-Fi gratuite dans l’ensemble de ses locaux.

Cet appartement se compose de 1 chambre, d'un salon, d'une kitchenette entièrement équipée avec un réfrigérateur et une machine à café, ainsi que de 1 salle de bains avec une douche et un sèche-cheveux. Cet hébergement met à votre disposition des serviettes et du linge de lit.

Vous séjournerez à 49 km de ce lieu d’intérêt : Port de la Houle. L'aéroport le plus proche (Aéroport de Rennes-Saint-Jacques) est à 93 km.",48.6360211,-1.5114947,63.6,1.8372499999999998,-1.5045,3.6394999999999995,0.0,24.675
2,St Malo,Oceania Saint Malo,https://www.booking.com/hotel/fr/oceaniasaintmalo.fr.html?aid=304142&label=mkt123sc-9f31fb8b-c0fd-47bb-9775-089c3052150c&ucfs=1&arphpl=1&group_adults=2&req_adults=2&no_rooms=1&group_children=0&req_children=0&hpos=1&hapos=1&sr_order=popularity&srpvid=a3bc6c43307b06de5f56d39920445c9e&srepoch=1766847025&from=searchresults,48.65175688590083,-2.0184320211410522,8.8,1276.0,"Donnant sur la mer, l'Oceania Saint Malo se situe sur la Chaussée du Sillon, en face de la plage du même nom et à 450 mètres du port de plaisance de Saint-Malo. Il propose des chambres luxueuses et un accès gratuit au spa et à la piscine.

Les logements disposent de la climatisation et de parquet. Ils sont également dotés d'une télévision à écran plat, d'une connexion Wi-Fi gratuite et d'une salle de bains spacieuse.

Vous profiterez d'une terrasse offrant une vue panoramique sur la mer. Le jacuzzi à ciel ouvert vous attend sur la terrasse. La salle de sport est dotée d'équipements ultramodernes. Des massages sont dispensés moyennant des frais supplémentaires.

Le bar-salon de l'Oceania Saint Malo sert différents cocktails ou boissons et accueille des réceptions privées. Il prépare un menu pour le dîner. Tous les matins, vous pourrez déguster un petit-déjeuner sur place.

L'Oceania se trouve à 1,5 km de la gare de Saint-Malo et à 7 km de l'aéroport Dinard Bretagne. Un parking est disponible sur place. Le personnel de la réception parle français, anglais, espagnol et allemand.",48.4904728,-1.7421555,63.6,1.193,-2.254,3.4902500000000005,0.0,24.975
2,St Malo,Hôtel Bristol Union Intra Muros,https://www.booking.com/hotel/fr/bristol-union.fr.html?aid=304142&label=mkt123sc-9f31fb8b-c0fd-47bb-9775-089c3052150c&ucfs=1&arphpl=1&group_adults=2&req_adults=2&no_rooms=1&group_children=0&req_children=0&hpos=2&hapos=2&sr_order=popularity&srpvid=a3bc6c43307b06de5f56d39920445c9e&srepoch=1766847025&from=searchresults,48.64961099853388,-2.024303376674652,9.2,2381.0,"L’Hôtel Bristol Union Intra Muros est situé au cœur de Saint-Malo, dans l’enceinte des remparts de la vieille ville, à 180 mètres du port de plaisance. Il propose des chambres et des suites munies d’une salle de bains privative, d’une télévision par satellite et d’une connexion Wi-Fi gratuite.

Un petit-déjeuner est proposé tous les matins. Vous pourrez le déguster dans le coin repas ou dans le confort de votre chambre. Le bar propose un cadre agréable pour profiter d’une boisson ou d’un apéritif en soirée.

Vous bénéficierez d’un emplacement idéal pour découvrir Saint-Malo et la pittoresque région de Bretagne. Le Mont-Saint-Michel est à seulement 45 minutes de route.",48.4904728,-1.7421555,63.6,1.193,-2.254,3.4902500000000005,0.0,24.975
2,St Malo,Hôtel France et Chateaubriand,https://www.booking.com/hotel/fr/de-france-et-chateaubriand.fr.html?aid=304142&label=mkt123sc-9f31fb8b-c0fd-47bb-9775-089c3052150c&ucfs=1&arphpl=1&group_adults=2&req_adults=2&no_rooms=1&group_children=0&req_children=0&hpos=3&hapos=3&sr_order=popularity&srpvid=a3bc6c43307b06de5f56d39920445c9e&srepoch=1766847025&from=searchresults,48.65119339995932,-2.0237964391708374,7.9,2816.0,"Situé au cœur de la ville historique de Saint-Malo, l’Hôtel France et Chateaubriand offre une vue imprenable sur la mer et le sillon, à 210 mètres du port de plaisance de Saint-Malo.

Les chambres confortables de l’Hôtel France et Chateaubriand présentent un décor raffiné.

Le restaurant sert des fruits de mer préparés de façon traditionnelle et des spécialités régionales.

Sa façade, unique dans la ville de Saint-Malo, et la présence du lieu de naissance de Chateaubriand, en font un bâtiment historique.",48.4904728,-1.7421555,63.6,1.193,-2.254,3.4902500000000005,0.0,24.975
2,St Malo,Hotel Elizabeth - Intra Muros,https://www.booking.com/hotel/fr/elizabeth.fr.html?aid=304142&label=mkt123sc-9f31fb8b-c0fd-47bb-9775-089c3052150c&ucfs=1&arphpl=1&group_adults=2&req_adults=2&no_rooms=1&group_children=0&req_children=0&hpos=4&hapos=4&sr_order=popularity&srpvid=a3bc6c43307b06de5f56d39920445c9e&srepoch=1766847025&from=searchresults,48.64764754676929,-2.0243194699287415,8.4,1103.0,"Situé dans le quartier historique des armateurs, à l'intérieur des remparts de Saint-Malo, l'Hotel Elizabeth propose une atmosphère d'antan avec le confort moderne d'aujourd'hui. Le port de plaisance de Saint-Malo est à 180 mètres.

Les chambres sont réparties entre 2 bâtiments : Les Armateurs comprend les chambres supérieures et Les Skippers, à 50 mètres, inclut les chambres standard. Le premier a été construit au début du XVIIe siècle, tandis que le second est un bâtiment plus récent. Toutes les chambres sont confortables et pourvues d'une salle de bains privative moderne.

Vous profiterez d'une connexion Wi-Fi gratuite dans l'ensemble de ses locaux. Dans la cave aux murs de pierre, vous pourrez savourer un petit-déjeuner sous des poutres apparentes de 400 ans.

À proximité de l'Hotel Elizabeth, vous atteindrez la Demeure de Corsaire du XVIIIe siècle, le quartier de Saint-Servan, la cité d'Aleth et le musée international du Long-Cours Cap-Hornier. Vous pourrez aussi vous promener sur les remparts et la plage de Sillon.",48.4904728,-1.7421555,63.6,1.193,-2.254,3.4902500000000005,0.0,24.975
2,St Malo,Hôtel Cartier,https://www.booking.com/hotel/fr/cartier.fr.html?aid=304142&label=mkt123sc-9f31fb8b-c0fd-47bb-9775-089c3052150c&ucfs=1&arphpl=1&group_adults=2&req_adults=2&no_rooms=1&group_children=0&req_children=0&hpos=5&hapos=5&sr_order=popularity&srpvid=a3bc6c43307b06de5f56d39920445c9e&srepoch=1766847025&from=searchresults,48.65001324862027,-2.024831771850586,8.5,2323.0,"L'Hôtel Cartier Intra-muros est installé à l’intérieur des remparts de Saint-Malo, en plein cœur de la ville et à proximité de lieux animés. Situé à seulement 280 mètres du port de plaisance de Saint-Malo et à seulement 500 mètres de la plage et de la Manche, cet hôtel affiche une décoration moderne et propose des chambres climatisées dotées d'une connexion Internet gratuite.
Les chambres comportent une télévision à écran plat. Entièrement rénovées, les chambres comprennent une salle de bains privative et de la moquette moelleuse.
Vous pourrez savourer un petit-déjeuner buffet chaque matin dans l'agréable salle prévue à cet effet ou dans l'intimité de votre chambre.
L’établissement est idéalement situé à seulement 120 mètres de la cathédrale de Saint-Malo et à 5 minutes en voiture de la gare de Saint-Malo.
L'emplacement central de l'établissement vous permettra d'explorer facilement la ville, mais cela signifie également une exposition à ses activités animées. Toutes les fenêtres de l'Hotel Cartier Intramuros sont équipées de double vitrage pour minimiser les perturbations potentielles. Bien qu'il ne soit pas possible de garantir un silence complet, l'établissement s'efforce d'offrir une retraite paisible à ses clients.",48.4904728,-1.7421555,63.6,1.193,-2.254,3.4902500000000005,0.0,24.975
3,Bayeux,Le Clos des Marmuzots,https://www.booking.com/hotel/fr/le-clos-des-marmuzots.fr.html?aid=304142&label=mkt123sc-b8b56d3b-1923-40fb-8b43-4516007b9ca2&ucfs=1&arphpl=1&group_adults=2&req_adults=2&no_rooms=1&group_children=0&req_children=0&hpos=1&hapos=1&sr_order=popularity&srpvid=4df8cb40ea8702e95585a1e58223ac7a&srepoch=1766847088&from=searchresults,49.2809908,-0.6982983,9.6,7.0,"L’hébergement Le Clos des Marmuzots se trouve à Bayeux, à respectivement 900 mètres, 900 mètres et 8,1 km de ces lieux d’intérêt : Cathédrale Notre-Dame de Bayeux, Musée de la Tapisserie de Bayeux et Batterie allemande de Longues-sur-Mer. Il possède une connexion Wi-Fi gratuite. Cet hébergement est installé à 800 mètres de : Musée d'art et d'histoire Baron Gérard. Il comprend un jardin et un parking privé gratuit.

Disposant d’une terrasse et offrant une vue sur le jardin, cette maison de vacances possède 2 chambres, un salon, une télévision à écran plat, une cuisine équipée avec un réfrigérateur et un lave-vaisselle, ainsi que 2 salles de bains avec une douche. Cet hébergement met à votre disposition des serviettes et du linge de lit.

Vous séjournerez à respectivement 10 km et 11 km de ces lieux d’intérêt : Musée du Débarquement et Cinéma Arromanches 360. L’établissement se situe à 23 km de l’aéroport le plus proche (Aéroport de Caen-Carpiquet) et propose un service de navette aéroport payant.",49.2455634,-0.791677,62.4,1.98275,-1.6735,4.15775,0.0,44.175
3,Bayeux,Hotel Le Lion D'Or et Restaurant La Table Du Lion,https://www.booking.com/hotel/fr/le-lion-d-or-bayeux.fr.html?aid=304142&label=mkt123sc-b8b56d3b-1923-40fb-8b43-4516007b9ca2&ucfs=1&arphpl=1&group_adults=2&req_adults=2&no_rooms=1&group_children=0&req_children=0&hpos=2&hapos=2&sr_order=popularity&srpvid=4df8cb40ea8702e95585a1e58223ac7a&srepoch=1766847088&from=searchresults,49.27627832312484,-0.6983694434165955,8.7,939.0,"Occupant un ancien bureau de poste du XVIIIe siècle, l'Hotel Le Lion D'Or et Restaurant La Table Du Lion est désormais un établissement charmant situé dans l'un des plus anciens quartiers de Bayeux. Doté d'une réception ouverte 24h/24, il est installé à seulement 400 mètres du musée de la Tapisserie de Bayeux.

Claires et spacieuses, toutes les chambres insonorisées possèdent une connexion Wi-Fi gratuite et une salle de bains privative avec un sèche-cheveux.

Chaque matin, vous pourrez déguster un petit-déjeuner buffet. Le restaurant de l'établissement sert une cuisine française créative. Après le dîner, vous pourrez vous détendre dans le bar-salon avec un verre de calvados en écoutant de la musique près de la cheminée.

Le personnel du Lion D’or assure un service de concierge et organise des excursions locales. Sur demande, des soins de massages pourront être dispensés à proximité de l'établissement.",49.2455634,-0.791677,62.4,1.98275,-1.6735,4.15775,0.0,44.175
3,Bayeux,Authentique studio au cœur de Bayeux,https://www.booking.com/hotel/fr/authentique-studio-au-coeur-de-bayeux.fr.html?aid=304142&label=mkt123sc-b8b56d3b-1923-40fb-8b43-4516007b9ca2&ucfs=1&arphpl=1&group_adults=2&req_adults=2&no_rooms=1&group_children=0&req_children=0&hpos=3&hapos=3&sr_order=popularity&srpvid=4df8cb40ea8702e95585a1e58223ac7a&srepoch=1766847088&from=searchresults,49.277501457934,-0.70321646316,9.5,39.0,"L’hébergement Authentique studio au cœur de Bayeux se situe à Bayeux, à respectivement 200 mètres et 600 mètres de ces lieux d’intérêt : Musée d'art et d'histoire Baron Gérard et Musée de la Tapisserie de Bayeux. Il propose des équipements tels qu’une connexion Wi-Fi gratuite et une télévision à écran plat. Cet appartement est à respectivement 300 mètres et 8,3 km de : Cathédrale Notre-Dame de Bayeux et Batterie allemande de Longues-sur-Mer.

Cet appartement comprend 1 chambre, ainsi qu’une cuisine avec un réfrigérateur, un micro-ondes et une machine à café. Cet hébergement met à votre disposition des serviettes et du linge de lit.

Vous séjournerez à respectivement 10 km et 11 km de ces lieux d’intérêt : Musée du Débarquement et Cinéma Arromanches 360. L'aéroport le plus proche (Aéroport de Caen-Carpiquet) est à 27 km.",49.2455634,-0.791677,62.4,1.98275,-1.6735,4.15775,0.0,44.175
3,Bayeux,B&B Nathalie,https://www.booking.com/hotel/fr/imagine-bayeux.fr.html?aid=304142&label=mkt123sc-b8b56d3b-1923-40fb-8b43-4516007b9ca2&ucfs=1&arphpl=1&group_adults=2&req_adults=2&no_rooms=1&group_children=0&req_children=0&hpos=4&hapos=4&sr_order=popularity&srpvid=4df8cb40ea8702e95585a1e58223ac7a&srepoch=1766847088&from=searchresults,49.276465,-0.706367,9.6,337.0,"Situé à Bayeux et offrant une vue sur la ville, l’établissement B&B Nathalie propose un salon commun et une terrasse. Une connexion Wi-Fi gratuite est disponible.

Vous bénéficierez d’une salle de bains privative entièrement équipée avec une douche et un sèche-cheveux.

L’établissement B&B Nathalie sert un petit-déjeuner buffet ou continental.

Vous séjournerez à proximité de ces lieux d’intérêt : Cathédrale Notre-Dame de Bayeux, Musée d'art et d'histoire Baron Gérard et Musée de la Tapisserie de Bayeux. L'aéroport le plus proche (Aéroport de Caen-Carpiquet) est à 27 km.",49.2455634,-0.791677,62.4,1.98275,-1.6735,4.15775,0.0,44.175
3,Bayeux,Ibis Budget Bayeux,https://www.booking.com/hotel/fr/etap-bayeux.fr.html?aid=304142&label=mkt123sc-b8b56d3b-1923-40fb-8b43-4516007b9ca2&ucfs=1&arphpl=1&group_adults=2&req_adults=2&no_rooms=1&group_children=0&req_children=0&hpos=5&hapos=5&sr_order=popularity&srpvid=4df8cb40ea8702e95585a1e58223ac7a&srepoch=1766847088&from=searchresults,49.25375889425724,-0.6468093395233154,8.0,2304.0,"Between Caen and Cherbourg, near the exit 36 on the N13 motorway, Hotel Ibis Budget Bayeux is just 13 km to the D-Day landing beaches. It offers 24-hour reception and air-conditioned rooms with free Wi-Fi Internet access.

Guest rooms are soundproofed and equipped with satellite TV. All rooms are serviced by a lift and have their own bathroom with shower. You can enjoy a buffet breakfast.
Snacks and drinks are available from the vending machines. 

Free private parking is provided on site making this hotel an ideal base for those exploring Normandy by car. The American cemetery is 30 km from the property and the Bayeux Tapestry Museum is an 8-minute drive away.",49.2455634,-0.791677,62.4,1.98275,-1.6735,4.15775,0.0,44.175
4,Le Havre,Hilton Garden Inn Le Havre Centre,https://www.booking.com/hotel/fr/hilton-garden-inn-le-havre-centre.fr.html?aid=304142&label=mkt123sc-621df7a6-f939-4190-985a-6aa6acfe361c&ucfs=1&arphpl=1&group_adults=2&req_adults=2&no_rooms=1&group_children=0&req_children=0&hpos=1&hapos=1&sr_order=popularity&srpvid=3c7db0d9d173e1cd89061ec8d368bf16&srepoch=1766847147&from_sustainable_property_sr=1&from=searchresults,49.49008699,0.097746957,8.5,2589.0,"Emplacement privilégié: L'établissement Hilton Garden Inn Le Havre Centre, situé au Havre, offre un cadre en front de mer avec de superbes vues sur la mer. La plage du Havre se trouve à 7 minutes à pied, tandis que l'Église Saint-Joseph est à 500 mètres.

Hébergements confortables: Les chambres sont équipées de la climatisation, de balcons et d'équipements modernes tels que le Wi-Fi gratuit, des télévisions à écran plat et des bureaux. Pour plus de confort, vous trouverez également des peignoirs, des canapés-lits et des chambres communicantes.

Expérience culinaire: Le restaurant moderne propose une cuisine française avec des options végétariennes et sans gluten. Vous pourrez déguster un petit-déjeuner composé de plats chauds, de viennoiseries fraîches et d'une variété de boissons.

Installations de loisirs: L'hôtel dispose d'un centre de fitness, d'une terrasse et d'un bar. Parmi les équipements supplémentaires, vous trouverez un café, un service de blanchisserie et une patinoire à proximité.

Attractions à proximité: Les attractions à proximité incluent Le Volcan, l'Appartement témoin Perret et l'Église Saint-Michel. L'aéroport de Deauville - Normandie est situé à 39 km.",49.6275492,0.3921241,63.2,1.60975,-1.9405000000000001,3.9317499999999996,0.0,36.075
4,Le Havre,Hotel Spa Le Pasino,https://www.booking.com/hotel/fr/pasino.fr.html?aid=304142&label=mkt123sc-621df7a6-f939-4190-985a-6aa6acfe361c&ucfs=1&arphpl=1&group_adults=2&req_adults=2&no_rooms=1&group_children=0&req_children=0&hpos=2&hapos=2&sr_order=popularity&srpvid=3c7db0d9d173e1cd89061ec8d368bf16&srepoch=1766847147&from=searchresults,49.49117449151481,0.11193662881851196,8.2,976.0,"Situé au cœur du Havre, l'Hotel Spa le Pasino dispose d'une piscine intérieure, d'un spa avec un sauna et d'un casino sur place.

Les chambres climatisées comprennent toutes une télévision à écran plat ainsi qu'un lit queen-size. Certaines offrent une vue sur le port. Leur salle de bains privative est pourvue d'un sèche-cheveux et de peignoirs.

Chaque matin, un petit-déjeuner buffet est servi. Vous pourrez le prendre dans le confort de votre chambre.

Une connexion Wi-Fi gratuite est accessible dans l'ensemble de l'Hotel Spa le Pasino. Lors de votre séjour, vous pourrez faire de l'exercice dans la salle de sport ou vous détendre dans le jacuzzi du spa.

Un parking privé est disponible gratuitement sur place. La gare du Havre se trouve à 6 minutes de route. Le musée Malraux est accessible à 1 km.",49.6275492,0.3921241,63.2,1.60975,-1.9405000000000001,3.9317499999999996,0.0,36.075
4,Le Havre,Appart Hotel Odalys City Le Havre Centre Les Docks,https://www.booking.com/hotel/fr/odalys-city-le-havre-centre-les-docks.fr.html?aid=304142&label=mkt123sc-621df7a6-f939-4190-985a-6aa6acfe361c&ucfs=1&arphpl=1&group_adults=2&req_adults=2&no_rooms=1&group_children=0&req_children=0&hpos=3&hapos=3&sr_order=popularity&srpvid=3c7db0d9d173e1cd89061ec8d368bf16&srepoch=1766847147&from_sustainable_property_sr=1&from=searchresults,49.4925039,0.129779,8.5,2292.0,"L’établissement Appart Hotel Odalys City Le Havre Centre Les Docks se trouve au Havre, à respectivement 2,9 km et 2,4 km de ces lieux d’intérêt : Plage du Havre et Église Saint-Joseph du Havre. Une connexion Wi-Fi gratuite est fournie dans tout l’établissement et un parking privé est disponible sur place.

Chaque hébergement est pourvu d'une télévision à écran plat ainsi que d'une salle de bains privative avec une douche et un sèche-cheveux. La kitchenette comprend un réfrigérateur, un lave-vaisselle et un micro-ondes.

Un petit-déjeuner buffet est servi sur place.

Vous séjournerez à proximité de ces lieux d’intérêt : Le Volcan, Église Saint-Michel et Appartement témoin Perret.",49.6275492,0.3921241,63.2,1.60975,-1.9405000000000001,3.9317499999999996,0.0,36.075
4,Le Havre,ibis Le Havre Centre,https://www.booking.com/hotel/fr/hotelibislehavre.fr.html?aid=304142&label=mkt123sc-621df7a6-f939-4190-985a-6aa6acfe361c&ucfs=1&arphpl=1&group_adults=2&req_adults=2&no_rooms=1&group_children=0&req_children=0&hpos=4&hapos=4&sr_order=popularity&srpvid=3c7db0d9d173e1cd89061ec8d368bf16&srepoch=1766847147&from_sustainable_property_sr=1&from=searchresults,49.4916414175279,0.11876016855239868,8.1,2067.0,"L'ibis Le Havre Centre est situé dans le centre-ville du Havre, à proximité de la gare SNCF, du port ferry et du centre du commerce international. Une connexion Wi-Fi gratuite est disponible.

Les chambres disposent d'une salle de bains privative, d'une télévision par satellite et de matériel de repassage.

Un petit-déjeuner buffet, composé de plats sucrés et salés, comme des œufs, de la salade de fruits, des yaourts et des jus, est servi chaque matin. Des viennoiseries cuites sur place, des madeleines fraîches ainsi qu'une boisson chaude et un fruit à emporter sont aussi proposés. Vous pourrez par ailleurs déguster un petit-déjeuner plus léger à partir de 4h00.

Depuis l'ibis Le Havre Centre, vous rejoindrez facilement les autoroutes A29 et A131. Honfleur se trouve à 23 km, tandis que Deauville vous attend à 40 km. Enfin, vous pourrez profiter d'un espace de stationnement et d'une salle de réunion sur place.",49.6275492,0.3921241,63.2,1.60975,-1.9405000000000001,3.9317499999999996,0.0,36.075
4,Le Havre,Grand appartement - Le Brindeau - 3 ch,https://www.booking.com/hotel/fr/le-brindeau-3-ch.fr.html?aid=304142&label=mkt123sc-621df7a6-f939-4190-985a-6aa6acfe361c&ucfs=1&arphpl=1&group_adults=2&req_adults=2&no_rooms=1&group_children=0&req_children=0&hpos=5&hapos=5&sr_order=popularity&srpvid=3c7db0d9d173e1cd89061ec8d368bf16&srepoch=1766847147&from=searchresults,49.4933124,0.1389606,,,"L’hébergement Grand appartement - Le Brindeau - 3 ch se trouve au Havre, à respectivement 2,7 km, 3 km et 3,4 km de ces lieux d’intérêt : Église Saint-Michel, Appartement témoin Perret et Église Saint-Joseph du Havre. Cet hébergement comprend une connexion Wi-Fi gratuite dans l’ensemble de ses locaux et est installé à 2,7 km de : Le Volcan.

Cet appartement compte 3 chambres, un salon comportant une télévision à écran plat, une cuisine entièrement équipée et 1 salle de bains.

Vous séjournerez à respectivement 22 km et 22 km de ces lieux d’intérêt : Musée d'ethnographie et d'art populaire et Vieux port de Honfleur. L'aéroport le plus proche (Aéroport de Deauville - Normandie) est à 36 km.",49.6275492,0.3921241,63.2,1.60975,-1.9405000000000001,3.9317499999999996,0.0,36.075
5,Rouen,"Radisson Blu Hotel, Rouen Centre",https://www.booking.com/hotel/fr/radisson-blu-rouen-centre.fr.html?aid=304142&label=mkt123sc-434de012-276a-4c8d-8f8c-799f6e8040e8&ucfs=1&arphpl=1&group_adults=2&req_adults=2&no_rooms=1&group_children=0&req_children=0&hpos=1&hapos=1&sr_order=popularity&srpvid=fda356228839fef6eb5eb53d349598af&srepoch=1766847267&from_sustainable_property_sr=1&from=searchresults,49.446441,1.09412,8.9,4904.0,"L’établissement Radisson Blu Hotel, Rouen Centre est idéalement placé dans le centre de Rouen. Il possède une connexion Wi-Fi gratuite, une salle de sport, un salon commun et des hébergements dotés de la climatisation. Il propose un restaurant, une terrasse, un sauna et un hammam. Vous pourrez profiter d'un service d'étage, d'un centre d'affaires et d'un service de bagagerie.

Tous les hébergements comportent un bureau, une télévision à écran plat, une salle de bains privative, du linge de lit et des serviettes. Vous bénéficierez d'un coffre-fort. Certains hébergements comprennent également un balcon. Vous profiterez aussi d’une armoire.

L’établissement Radisson Blu Hotel, Rouen Centre sert un petit-déjeuner buffet ou continental.

Le personnel de la réception parle anglais, espagnol, français et italien.

Vous séjournerez à proximité de ces lieux d’intérêt : Gare de Rouen-Rive-Droite, Cathédrale Notre-Dame de Rouen et Musée des beaux-arts de Rouen. L'aéroport le plus proche (Aéroport de Paris-Beauvais) est à 84 km.",49.518435,1.0221643,63.2,0.8950000000000001,-2.3432500000000003,3.4442500000000003,0.0,34.1
5,Rouen,L’amiral,https://www.booking.com/hotel/fr/amiral-rouen.fr.html?aid=304142&label=mkt123sc-434de012-276a-4c8d-8f8c-799f6e8040e8&ucfs=1&arphpl=1&group_adults=2&req_adults=2&no_rooms=1&group_children=0&req_children=0&hpos=2&hapos=2&sr_order=popularity&srpvid=fda356228839fef6eb5eb53d349598af&srepoch=1766847267&from=searchresults,49.4322018,1.082411,7.4,97.0,"L’hébergement L’amiral vous accueille à Rouen, à respectivement 1,5 km, 2,7 km et 1,7 km de ces lieux d’intérêt : Voltaire Station, Rouen, Hotel de ville de Soteville Station, Rouen et Cathédrale Notre-Dame de Rouen. Cet hébergement met à votre disposition un balcon, un parking privé gratuit et une connexion Wi-Fi gratuite.

Cet appartement compte 2 chambres, une cuisine avec un réfrigérateur et un four, une télévision à écran plat, un coin salon, ainsi que 1 salle de bains possédant une douche. Des serviettes et du linge de lit sont à votre disposition.

Vous séjournerez à respectivement 3,4 km et 3,5 km de ces lieux d’intérêt : 14-juillet Tramway Station, Rouen et Palais des sports de Rouen. L'aéroport le plus proche (Aéroport de Deauville - Normandie) est à 84 km.",49.518435,1.0221643,63.2,0.8950000000000001,-2.3432500000000003,3.4442500000000003,0.0,34.1
5,Rouen,"Hôtel de Bourgtheroulde, Autograph Collection",https://www.booking.com/hotel/fr/de-bourgtheroulde.fr.html?aid=304142&label=mkt123sc-434de012-276a-4c8d-8f8c-799f6e8040e8&ucfs=1&arphpl=1&group_adults=2&req_adults=2&no_rooms=1&group_children=0&req_children=0&hpos=3&hapos=3&sr_order=popularity&srpvid=fda356228839fef6eb5eb53d349598af&srepoch=1766847267&from=searchresults,49.442178,1.088876,8.8,1020.0,"Ce boutique hôtel vous accueille dans le centre historique de Rouen, à côté du Gros-Horloge et à 2 km de la salle omnisports Kindarena. Vous bénéficierez d’un accès gratuit à la piscine intérieure, à la salle de sport et au spa où sont proposés un sauna, un hammam et une gamme de soins.

Toutes les chambres climatisées de l’Hotel de Bourgtheroulde comprennent une connexion Wi-Fi gratuite, une télévision à écran plat et une salle de bains privative. Certains hébergements donnent sur la galerie d’Aumale, la place de la Pucelle ou le temple Saint-Éloi.

Le restaurant L’Aumale sert une cuisine traditionnelle préparée à base de produits régionaux. L’établissement propose également un petit-déjeuner buffet. Vous aurez la possibilité de prendre un verre au bar ou sur la terrasse.

Lors de votre séjour, vous pourrez visiter la ville et ses sites d’intérêt, comme la cathédrale Notre-Dame et la place du Vieux-Marché. Vous séjournerez à 1 km de la gare de Rouen-Rive-Droite. Un parking privé est disponible sur place, sur réservation.",49.518435,1.0221643,63.2,0.8950000000000001,-2.3432500000000003,3.4442500000000003,0.0,34.1
5,Rouen,Hyatt Place Rouen,https://www.booking.com/hotel/fr/hyatt-place-rouen.fr.html?aid=304142&label=mkt123sc-434de012-276a-4c8d-8f8c-799f6e8040e8&ucfs=1&arphpl=1&group_adults=2&req_adults=2&no_rooms=1&group_children=0&req_children=0&hpos=4&hapos=4&sr_order=popularity&srpvid=fda356228839fef6eb5eb53d349598af&srepoch=1766847267&from=searchresults,49.453285640641354,1.0982852973166501,8.6,1399.0,"L’établissement Hyatt Place Rouen vous accueille à Rouen, à 900 mètres de ce lieu d’intérêt : Gare de Rouen-Rive-Droite. Il comprend un jardin, une terrasse, un restaurant et un parking privé. Cet hôtel 4 étoiles propose une salle de sport ainsi que des hébergements dotés de la climatisation, d’une connexion Wi-Fi gratuite et d’une salle de bains privative. Vous pourrez profiter d'un service d'étage, d'une réception ouverte 24h/24 et d'un service de bagagerie.

Les hébergements possèdent un bureau. Vous profiterez d'une télévision à écran plat avec les chaînes du câble et d’un coffre-fort.

Un petit-déjeuner buffet, continental ou américain est servi sur place.

Vous séjournerez à respectivement 1,6 km et 4,3 km de ces lieux d’intérêt : Cathédrale Notre-Dame de Rouen et Palais des sports de Rouen. L'aéroport le plus proche (Aéroport de Paris-Beauvais) est à 84 km.",49.518435,1.0221643,63.2,0.8950000000000001,-2.3432500000000003,3.4442500000000003,0.0,34.1
5,Rouen,Mercure Rouen Centre Cathédrale,https://www.booking.com/hotel/fr/mercure-rouen-centre.fr.html?aid=304142&label=mkt123sc-434de012-276a-4c8d-8f8c-799f6e8040e8&ucfs=1&arphpl=1&group_adults=2&req_adults=2&no_rooms=1&group_children=0&req_children=0&hpos=5&hapos=5&sr_order=popularity&srpvid=fda356228839fef6eb5eb53d349598af&srepoch=1766847267&from=searchresults,49.44117284656542,1.0951754450798035,8.5,3325.0,"Le Mercure Rouen Centre Cathédrale propose des chambres climatisées dotées d'une télévision par satellite, d'une connexion Wi-Fi gratuite et d'une salle de bains privative dans le centre de Rouen, à 160 mètres de la cathédrale Notre-Dame et à 3 km du palais des sports de Rouen.

L'établissement sert un petit-déjeuner complet que vous pourrez déguster dans le confort de votre chambre. Un petit-déjeuner express est également disponible. Vous pourrez par ailleurs prendre un verre au bar de l'hôtel.

Le Mercure Rouen Centre se trouve à seulement quelques pas de la place du Vieux Marché et du Gros-Horloge. La gare de Rouen est située à seulement 1 km. L'établissement met un parking privé souterrain à votre disposition.",49.518435,1.0221643,63.2,0.8950000000000001,-2.3432500000000003,3.4442500000000003,0.0,34.1
6,Paris,Hotel Trianon Rive Gauche,https://www.booking.com/hotel/fr/trianon-rive-gauche.fr.html?aid=304142&label=mkt123sc-317c5f81-979f-421b-9c44-6da1c20c599c&ucfs=1&arphpl=1&group_adults=2&req_adults=2&no_rooms=1&group_children=0&req_children=0&hpos=1&hapos=1&sr_order=popularity&srpvid=2ecb9987f161553e9929788dd1172d72&srepoch=1766847325&from_sustainable_property_sr=1&from=searchresults,48.848853262394854,2.3409099876880646,8.2,4100.0,"Doté de chambres décorées avec goût, l’Hotel Trianon Rive Gauche est installé juste à côté du jardin du Luxembourg, à 1,5 km de la cathédrale Notre-Dame.

Tous les hébergements du Trianon Rive Gauche incluent une télévision par satellite à écran plat, une connexion Wi-Fi gratuite ainsi qu’une salle de bains privative munie d’une baignoire et/ou d’une douche.

L’établissement se situe à 450 mètres de la station de métro Odéon desservant le marché aux puces de Clignancourt ainsi que de la gare RER du Luxembourg donnant accès à l’aéroport de Paris-Charles-de-Gaulle.",48.8534951,2.3483915,64.0,2.3035,0.017999999999999995,2.6109999999999998,0.0,27.925
6,Paris,Hotel La Lanterne & Spa By Timhotel,https://www.booking.com/hotel/fr/la-lanterne-paris.fr.html?aid=304142&label=mkt123sc-317c5f81-979f-421b-9c44-6da1c20c599c&ucfs=1&arphpl=1&group_adults=2&req_adults=2&no_rooms=1&group_children=0&req_children=0&hpos=2&hapos=2&sr_order=popularity&srpvid=2ecb9987f161553e9929788dd1172d72&srepoch=1766847325&from=searchresults,48.848956833623035,2.3485690355300903,8.8,1235.0,"Situé dans le 5ème arrondissement de Paris, à 500 mètres de la cathédrale Notre-Dame, l'Hotel La Lanterne & Spa By Timhotel dispose d’une piscine intérieure.

Les chambres comportent la climatisation et une télévision par satellite à écran plat. Pour davantage de confort, certaines chambres comprennent un coin salon. Les logements sont pourvus d’une salle de bains privative avec une baignoire ou une douche. Vous pourrez profiter gratuitement de peignoirs, de chaussons et d’articles de toilette.

Le petit-déjeuner est servi tous les jours dans la salle à manger de l’hôtel. Vous trouverez des restaurants et des boutiques à quelques minutes de marche. L’établissement possède une réception ouverte 24h/24, un bar et un centre d’affaires. Des services de blanchisserie et de navette aéroport sont disponibles moyennant un supplément.

L’Hotel La Lanterne & Spa By Timhotel se trouve à 6 minutes à pied du musée de Cluny-musée national du Moyen-Âge et à 1 km du jardin du Luxembourg. La station de métro la plus proche, celle de Maubert-Mutualité, vous permettra de rejoindre directement le centre de Paris. L’aéroport de Paris-Orly se trouve à 13 km.",48.8534951,2.3483915,64.0,2.3035,0.017999999999999995,2.6109999999999998,0.0,27.925
6,Paris,Hôtel Saint-Pétersbourg Opéra & Spa,https://www.booking.com/hotel/fr/saintpetersbourg.fr.html?aid=304142&label=mkt123sc-317c5f81-979f-421b-9c44-6da1c20c599c&ucfs=1&arphpl=1&group_adults=2&req_adults=2&no_rooms=1&group_children=0&req_children=0&hpos=3&hapos=3&sr_order=popularity&srpvid=2ecb9987f161553e9929788dd1172d72&srepoch=1766847325&from_sustainable_property_sr=1&from=searchresults,48.87215141747105,2.3281198740005493,8.8,4265.0,"L'Hôtel Saint-Pétersbourg Opéra & Spa propose des hébergements à Paris, à seulement 5 minutes de marche de l'opéra Garnier et de l'église de la Madeleine. Une connexion Wi-Fi est disponible gratuitement, et vous pourrez profiter d'un parking à proximité.

Les chambres climatisées et insonorisées de l'établissement disposent d'un téléphone, d'une télévision par satellite à écran plat ainsi que d'une salle de bains privative. Elles sont également desservies par un ascenseur.

Un petit-déjeuner buffet est servi tous les matins. Vous pourrez le prendre dans la salle prévue à cet effet ou dans le confort de votre chambre. Plusieurs restaurants sont accessibles à proximité pour le déjeuner et le dîner.

La réception de l'hôtel est ouverte 24h/24. L'Hotel Saint-Petersbourg Opera se trouve à 200 mètres de la station de métro Havre-Caumartin, desservie par les lignes 3 et 9. Les célèbres grands magasins Printemps et Galeries Lafayette sont à seulement 5 minutes de marche.",48.8534951,2.3483915,64.0,2.3035,0.017999999999999995,2.6109999999999998,0.0,27.925
6,Paris,Hotel de Seze,https://www.booking.com/hotel/fr/de-seze-paris.fr.html?aid=304142&label=mkt123sc-317c5f81-979f-421b-9c44-6da1c20c599c&ucfs=1&arphpl=1&group_adults=2&req_adults=2&no_rooms=1&group_children=0&req_children=0&hpos=4&hapos=4&sr_order=popularity&srpvid=2ecb9987f161553e9929788dd1172d72&srepoch=1766847325&from=searchresults,48.8705752,2.326383999999962,8.9,543.0,"Situé à 50 mètres de l'église de la Madeleine et de la station de métro Madeleine, l'Hotel de Sèze propose des suites et des chambres dans une splendide maison rénovée. Sur place, vous bénéficierez d'un hammam, d'une salle de sport et d'une réception ouverte 24h/24.

Toutes les chambres climatisées de l'Hotel de Sèze disposent d'une connexion Wi-Fi gratuite, d'un bureau, ainsi que d'une télévision à écran LED de 107 cm pourvue de 42 chaînes du satellite et de vidéos gratuites à la demande. Les salles de bains privatives possèdent une baignoire ou une douche à l’italienne à effet pluie, des articles de toilette de luxe gratuits, des peignoirs et des chaussons.

Le petit-déjeuner est servi chaque matin dans le salon commun, moyennant des frais supplémentaires. Un minibar, une machine à café Nespresso© et une bouilloire électrique sont également fournis dans chaque chambre. Vous trouverez plusieurs commerces, restaurants et boutiques de luxe à quelques pas de l'hôtel.

Enfin, l'Hotel de Sèze est établi à 300 mètres de l'Opéra Garnier et à 700 mètres de la place de la Concorde ainsi que de la gare Saint-Lazare. L'aéroport de Paris-Charles-de-Gaulle est distant de 22 km.",48.8534951,2.3483915,64.0,2.3035,0.017999999999999995,2.6109999999999998,0.0,27.925
6,Paris,Hôtel Albe Saint Michel,https://www.booking.com/hotel/fr/hotelalbe.fr.html?aid=304142&label=mkt123sc-317c5f81-979f-421b-9c44-6da1c20c599c&ucfs=1&arphpl=1&group_adults=2&req_adults=2&no_rooms=1&group_children=0&req_children=0&hpos=5&hapos=5&sr_order=popularity&srpvid=2ecb9987f161553e9929788dd1172d72&srepoch=1766847325&from=searchresults,48.85309928259585,2.3446784913539886,8.7,3221.0,"L'Hôtel Albe Saint Michel bénéficie d'un emplacement central au cœur du Quartier Latin très vivant et animé de Paris. Vous séjournerez à 5 minutes de la cathédrale Notre Dame et du quartier chic de Saint-Germain-des-Prés.

Les chambres de l'Hôtel Albe Saint Michel sont climatisées. Elles présentent une décoration moderne avec de grands imprimés et motifs. Chaque logement dispose d'une salle de bains privative, d'un minibar et d'une télévision par satellite à écran plat.

Un petit-déjeuner continental composé de viennoiseries fraîches et de fruits est servi dans les chambres ou dans le coin repas bien éclairé donnant sur la rue. Vous profiterez en outre d’une réception ouverte 24h/24 avec un service de concierge.

L'Hôtel Albe Saint Michel est situé à seulement 200 mètres de la station de métro et de RER Saint-Michel, menant directement à l'aéroport Charles-de-Gaulle. Le musée du Louvre et l'université de la Sorbonne sont accessibles en 10 minutes à pied.",48.8534951,2.3483915,64.0,2.3035,0.017999999999999995,2.6109999999999998,0.0,27.925
7,Amiens,Nemea Appart Hotel Coliseum Amiens Centre,https://www.booking.com/hotel/fr/nemea-appart-coliseum.fr.html?aid=304142&label=mkt123sc-8423f6a4-f694-404d-beb2-eec4714e44e7&ucfs=1&arphpl=1&group_adults=2&req_adults=2&no_rooms=1&group_children=0&req_children=0&hpos=1&hapos=1&sr_order=popularity&srpvid=51d70c10626a731e8adf1d72c1694453&srepoch=1766847385&from=searchresults,49.8921749,2.2889352,8.5,1204.0,"Situé à Amiens, l’établissement Nemea Appart Hotel Coliseum Amiens Centre possède une connexion Wi-Fi gratuite et offre une vue sur la ville. Il se situe à respectivement 1,7 km et 1,9 km de ces lieux d’intérêt : Gare d'Amiens et Zénith d'Amiens.

Chaque hébergement est pourvu d'une télévision à écran plat ainsi que d'une salle de bains privative avec une douche et des articles de toilette gratuits. La kitchenette possède un réfrigérateur, un micro-ondes et une plaque de cuisson. Un grille-pain et une bouilloire sont également à disposition.

Un petit-déjeuner buffet, continental ou anglais/irlandais complet est servi sur place.

Vous séjournerez à respectivement 2,6 km et 1,1 km de ces lieux d’intérêt : The Floating gardens Park et Tribunal de Grande Instance of Amiens. L'aéroport le plus proche (Aéroport de Paris-Beauvais) est à 64 km.",49.9610783,2.2518181,62.8,1.51925,-1.9985,3.7120000000000006,0.0,38.025
7,Amiens,ibis Styles Amiens Centre,https://www.booking.com/hotel/fr/ibis-styles-amiens-centre.fr.html?aid=304142&label=mkt123sc-8423f6a4-f694-404d-beb2-eec4714e44e7&ucfs=1&arphpl=1&group_adults=2&req_adults=2&no_rooms=1&group_children=0&req_children=0&hpos=2&hapos=2&sr_order=popularity&srpvid=51d70c10626a731e8adf1d72c1694453&srepoch=1766847385&from_sustainable_property_sr=1&from=searchresults,49.891422,2.304996,8.5,1592.0,"Proposant un bar, l’établissement ibis Styles Amiens Centre se trouve à Amiens dans la région Picardie, à respectivement 300 mètres et 3,9 km de ces lieux d’intérêt : Gare d'Amiens et Zénith d'Amiens. Cet hôtel 3 étoiles propose un salon commun ainsi que des hébergements dotés de la climatisation, d’une connexion Wi-Fi gratuite et d’une salle de bains privative. Cet établissement non-fumeurs se situe à 900 mètres de : The Floating gardens Park.

Les hébergements disposent d’une télévision à écran plat avec les chaînes du satellite. Des serviettes et du linge de lit sont fournis.

L’établissement ibis Styles Amiens Centre sert un petit-déjeuner buffet ou continental.

Cet établissement dispose d’une terrasse bien exposée.

Parlant anglais, espagnol, français et portugais, le personnel de la réception se tient à votre disposition pour toute question.

Vous séjournerez à respectivement 500 mètres et 5,2 km de ces lieux d’intérêt : Tribunal de Grande Instance of Amiens et University of Picardie Jules Verne. L'aéroport le plus proche (Aéroport de Paris-Beauvais) est à 66 km.",49.9610783,2.2518181,62.8,1.51925,-1.9985,3.7120000000000006,0.0,38.025
7,Amiens,Moxy Amiens,https://www.booking.com/hotel/fr/campanile-amiens-centre-gare.fr.html?aid=304142&label=mkt123sc-8423f6a4-f694-404d-beb2-eec4714e44e7&ucfs=1&arphpl=1&group_adults=2&req_adults=2&no_rooms=1&group_children=0&req_children=0&hpos=3&hapos=3&sr_order=popularity&srpvid=51d70c10626a731e8adf1d72c1694453&srepoch=1766847385&from_sustainable_property_sr=1&from=searchresults,49.891249,2.30953,8.4,1759.0,"Situé au cœur de la ville et à deux pas de la gare, l’hôtel Moxy Amiens est un pied-à-terre idéal pour vos déplacements professionnels ou sportifs, pour un voyage entre amis ou un séjour découverte en famille. Cet hôtel 3 étoiles entièrement rénové propose 109 chambres climatisées pour 1, 2 ou 3 personnes, dotées d’une connexion Wi-Fi gratuite et d’une télévision connectée à écran de 124 cm.

Vous pourrez prendre un repas sur le pouce ou savourer des plats régionaux dans l’ambiance chaleureuse et moderne du bar-restaurant ouvert à tous 24h/24. La salle de réunion au format atypique saura répondre à vos
attentes.

Proche de tous les atouts majeurs de la capitale picarde, laissez-vous guider par l’équipe de l’établissement pour découvrir la vie de Jules Verne, les hortillonnages et la plus grande cathédrale gothique de France. Un parking public souterrain est disponible à proximité immédiate.",49.9610783,2.2518181,62.8,1.51925,-1.9985,3.7120000000000006,0.0,38.025
7,Amiens,Mercure Amiens Cathédrale,https://www.booking.com/hotel/fr/mercure-amiens-cathdrale.fr.html?aid=304142&label=mkt123sc-8423f6a4-f694-404d-beb2-eec4714e44e7&ucfs=1&arphpl=1&group_adults=2&req_adults=2&no_rooms=1&group_children=0&req_children=0&hpos=4&hapos=4&sr_order=popularity&srpvid=51d70c10626a731e8adf1d72c1694453&srepoch=1766847385&from_sustainable_property_sr=1&from=searchresults,49.89571084445366,2.299562394618988,8.4,1735.0,"L’hôtel 4 étoiles Mercure Amiens Cathédrale vous accueille en face de la plus grande cathédrale médiévale de France, site classé au patrimoine mondial de l'UNESCO.

D’une superficie comprise entre 25 et 41m2, toutes les chambres et suites ont été récemment rénovées. Spacieuses et insonorisées, elles bénéficient de la climatisation en été. Les hébergements sont équipés d'une connexion Wi-Fi gratuite et d'une télévision par satellite à écran plat recevant des chaînes françaises et internationales. Vous bénéficierez également d’un plateau/bouilloire et d’un minibar comportant une bouteille d'eau gratuite.

Sur place, le restaurant l'Échanson sert une large gamme de plats raffinés ainsi que des spécialités à base de produits locaux et régionaux.

Bonjour et bienvenue !

Notre hôtel est idéalement situé à quelques pas de la cathédrale, en plein cœur d’Amiens. Profitez d’un stationnement gratuit aux abords de l’hôtel de 17h30 à 9h00. Un dépose-minute est à votre disposition pour faciliter votre enregistrement et déposer vos bagages en chambre. Pour plus de commodité, un parking payant, le parking St-Leu, se trouve à seulement 2 minutes à pied.

Nous vous souhaitons un agréable séjour !

Bien sûr ! Voici le message traduit :

Bonjour et bienvenue !

Notre hôtel est idéalement situé à quelques pas de la cathédrale, en plein cœur d’Amiens. Profitez d’un parking gratuit autour de l’hôtel de 17h30 à 9h00. Un dépose-minute est à votre disposition pour faciliter votre enregistrement et déposer vos bagages en chambre. Pour plus de commodité, un parking payant, le parking St-Leu, se trouve à seulement 2 minutes à pied.

Nous vous souhaitons un agréable séjour !",49.9610783,2.2518181,62.8,1.51925,-1.9985,3.7120000000000006,0.0,38.025
7,Amiens,Le Bleu - Parking - 2 chambres - 1 bureau,https://www.booking.com/hotel/fr/le-rivage-d-or-appartement-paisible.fr.html?aid=304142&label=mkt123sc-8423f6a4-f694-404d-beb2-eec4714e44e7&ucfs=1&arphpl=1&group_adults=2&req_adults=2&no_rooms=1&group_children=0&req_children=0&hpos=5&hapos=5&sr_order=popularity&srpvid=51d70c10626a731e8adf1d72c1694453&srepoch=1766847385&from=searchresults,49.876693556146115,2.303937668261735,8.3,41.0,"L’hébergement Le Bleu - Parking - 2 chambres - 1 bureau se situe à Amiens, à seulement 700 mètres de ce lieu d’intérêt : Gare d'Amiens. Il offre une vue sur la ville et possède une connexion Wi-Fi gratuite ainsi qu’un parking privé gratuit. Cet hébergement offre une vue sur le jardin et est installé à respectivement 3,1 km et 1,4 km de : Zénith d'Amiens et The Floating gardens Park.

Cet appartement se compose de 2 chambres, d'un salon, d'une cuisine entièrement équipée avec un réfrigérateur et une machine à café, ainsi que de 2 salles de bains avec une douche et un sèche-cheveux. Des serviettes et du linge de lit sont à disposition.

Vous séjournerez à respectivement 800 mètres et 3,8 km de ces lieux d’intérêt : Tribunal de Grande Instance of Amiens et University of Picardie Jules Verne. L'aéroport le plus proche (Aéroport de Paris-Beauvais) est à 57 km.",49.9610783,2.2518181,62.8,1.51925,-1.9985,3.7120000000000006,0.0,38.025
8,Lille,Grand Hotel Bellevue - Grand Place,https://www.booking.com/hotel/fr/grandhotelbellevue.fr.html?aid=304142&label=mkt123sc-c045f99c-a2d3-4e1c-b582-0e99643f1179&ucfs=1&arphpl=1&group_adults=2&req_adults=2&no_rooms=1&group_children=0&req_children=0&hpos=1&hapos=1&sr_order=popularity&srpvid=1d83e662cb24ff83d391b277c1a7d7b4&srepoch=1766847450&from_sustainable_property_sr=1&from=searchresults,50.63654706975337,3.062342405319214,8.3,3163.0,"Situé sur la Grand-Place, dans le Vieux-Lille, le Grand Hotel Bellevue - Grand Place occupe un bâtiment à l'architecture flamande. Ses chambres disposent d'une salle de bains en marbre et de mobilier d'époque. La station de métro Rihour est accessible à 100 mètres. Vous pourrez rejoindre le centre de conventions Le Nouveau Siècle en 2 minutes à pied et le Lille Grand Palais se trouve à 1,4 km.

Cet hôtel a été rénové en 2018. Toutes les chambres sont équipées de la climatisation, de la télévision par satellite et d'une connexion Wi-Fi gratuite. Élégantes et insonorisées, elles comprennent un minibar. Certaines disposent d'un plateau/bouilloire. Le personnel se tient à votre disposition 24h/24.

Vous aurez droit à un petit-déjeuner buffet copieux tous les matins. Vous pourrez déguster des cocktails au bar Le Windsor et trouverez des restaurants à 50 mètres.

Le centre historique est accessible en 5 minutes à pied et la gare de Lille-Flandres se trouve à 900 mètres. Le parc du Bois de Boulogne et la Citadelle vous attendent à 1,5 km tandis que l'aéroport de Lille-Lesquin se situe à 11 km. Des salles de réunions sont à votre disposition sur place. Vous trouverez un parking public à 100 mètres.",50.618064,3.0453037,61.2,2.1935,-1.07175,3.55925,0.006750000000000001,49.05
8,Lille,Moxy Lille City,https://www.booking.com/hotel/fr/moxy-lille-city-center-france.fr.html?aid=304142&label=mkt123sc-c045f99c-a2d3-4e1c-b582-0e99643f1179&ucfs=1&arphpl=1&group_adults=2&req_adults=2&no_rooms=1&group_children=0&req_children=0&hpos=2&hapos=2&sr_order=popularity&srpvid=1d83e662cb24ff83d391b277c1a7d7b4&srepoch=1766847450&from=searchresults,50.627831,3.063592,8.2,4810.0,"L’établissement Moxy Lille City bénéficie d’un emplacement idéal dans le centre de Lille. Il propose une connexion Wi-Fi gratuite, une salle de sport, une terrasse et des hébergements dotés de la climatisation. Cet hôtel 3 étoiles propose un bar. Un parking privé est disponible sur place.

Les hébergements disposent d’une télévision à écran plat. Vous bénéficierez d'une salle de bains privative dotée d’une douche, d'articles de toilette gratuits et d'un sèche-cheveux.

L’établissement Moxy Lille City sert un petit-déjeuner buffet ou continental.

Le personnel de la réception parle anglais et français.

Vous séjournerez à proximité de ces lieux d’intérêt : Maison Coilliot, Printemps et Hospice Gantois. L'aéroport le plus proche (Aéroport de Lille - Lesquin) est à 7 km.",50.618064,3.0453037,61.2,2.1935,-1.07175,3.55925,0.006750000000000001,49.05
8,Lille,Hilton Lille,https://www.booking.com/hotel/fr/hotel-lille-euralille-hilton-affiliate.fr.html?aid=304142&label=mkt123sc-c045f99c-a2d3-4e1c-b582-0e99643f1179&ucfs=1&arphpl=1&group_adults=2&req_adults=2&no_rooms=1&group_children=0&req_children=0&hpos=3&hapos=3&sr_order=popularity&srpvid=1d83e662cb24ff83d391b277c1a7d7b4&srepoch=1766847450&from_sustainable_property_sr=1&from=searchresults,50.63993565332629,3.0756890773773193,8.2,685.0,"L’Hilton Lille vous accueille en face de la gare de Lille-Europe, proposant des liaisons directes vers Paris et Londres. L’hôtel se trouve à 1,6 km du parc des expositions Lille Grand Palais et à 1,8 km du centre de conventions du Nouveau Siècle. L’établissement dispose d’une salle de sport et d’une connexion Wi-Fi haut débit gratuite.

Toutes les chambres et suites sont luxueuses et spacieuses. Chaque logement offre une vue panoramique sur la ville et comprend une télévision. Leur salle de bains privative est pourvue d’une baignoire et d’une douche.

Le restaurant Europa sert des plats traditionnels et régionaux français à la carte et sous forme de buffet. Au bar Le Copper sur place, vous pourrez vous détendre en savourant un verre dans un cadre chaleureux et apaisant.

Vous séjournerez à seulement 10 minutes à pied du Vieux-Lille et à 20 minutes de marche du palais des Beaux-Arts. L’Hilton Lille est situé à 9 km du stade Pierre-Mauroy.",50.618064,3.0453037,61.2,2.1935,-1.07175,3.55925,0.006750000000000001,49.05
8,Lille,Grand Hôtel Lille,https://www.booking.com/hotel/fr/le-grand-hotel.fr.html?aid=304142&label=mkt123sc-c045f99c-a2d3-4e1c-b582-0e99643f1179&ucfs=1&arphpl=1&group_adults=2&req_adults=2&no_rooms=1&group_children=0&req_children=0&hpos=4&hapos=4&sr_order=popularity&srpvid=1d83e662cb24ff83d391b277c1a7d7b4&srepoch=1766847450&from=searchresults,50.63685667939772,3.0679428577423096,8.0,1545.0,"Situé dans le centre de Lille, juste à côté de la gare de Lille-Flandres, le Grand Hôtel Lille dispose d'une réception ouverte 24h/24, d'une bagagerie et d'un ascenseur. L'hôtel vous accueille à 900 mètres du Grand Palais de Lille et à 650 mètres du centre de conventions Nouveau Siècle. Il se trouve à seulement 300 mètres de la Grand'Place et à 5 minutes à pied du Vieux-Lille.

Toutes les chambres sont équipées d'une télévision par satellite à écran plat et d'un téléphone. Leur salle de bains privative est pourvue d'un sèche-cheveux.

Un petit-déjeuner buffet est servi chaque matin sur place. Vous trouverez plusieurs restaurants à quelques minutes de marche.

Le Grand Hôtel Lille met à votre disposition un service d'étage et une connexion Wi-Fi gratuite. L'établissement est à 600 mètres de la gare de Lille-Europe, tandis que la station de métro Gare Lille-Flandres vous attend à seulement 50 mètres. Enfin, vous séjournerez à 18 minutes de route du stade Pierre-Mauroy.",50.618064,3.0453037,61.2,2.1935,-1.07175,3.55925,0.006750000000000001,49.05
8,Lille,Best Western Premier Why Hotel,https://www.booking.com/hotel/fr/why.fr.html?aid=304142&label=mkt123sc-c045f99c-a2d3-4e1c-b582-0e99643f1179&ucfs=1&arphpl=1&group_adults=2&req_adults=2&no_rooms=1&group_children=0&req_children=0&hpos=5&hapos=5&sr_order=popularity&srpvid=1d83e662cb24ff83d391b277c1a7d7b4&srepoch=1766847450&from=searchresults,50.63430829317451,3.061618208885193,8.5,1600.0,"Doté d’un bar, d’une terrasse meublée, d’une connexion Wi-Fi gratuite et d’une réception ouverte 24h/24, l’hôtel design Best Western Premier Why Hotel se situe au cœur de Lille, à 200 mètres de la Grand Place et à 400 mètres du centre de conventions du Nouveau Siècle. 

Affichant une décoration élégante et contemporaine, les chambres sont revêtues de parquet. Elles comprennent également un bureau, une station d’accueil pour iPod, une télévision par câble à écran plat, un minibar gratuit et une machine à café. 

Un petit-déjeuner buffet est servi tous les matins dans le salon commun ou dans le confort de votre chambre. Lors de votre séjour, vous pourrez profiter d’un ascenseur, de journaux gratuits et d’une blanchisserie. Des chambres adaptées aux personnes à mobilité réduite sont également disponibles.

La station de métro Rihour (ligne 1) est à 200 mètres, tandis que la gare Lille-Europe est à 1 km. Un parking privé payant est disponible à proximité, sous réserve de disponibilité.",50.618064,3.0453037,61.2,2.1935,-1.07175,3.55925,0.006750000000000001,49.05
9,Strasbourg,voco Strasbourg Centre - The Garden by IHG,https://www.booking.com/hotel/fr/golden-tulip-strasbourg-centre-the-garden.fr.html?aid=304142&label=mkt123sc-8808450d-f64a-46db-a9e0-4b9c21dfddc3&ucfs=1&arphpl=1&group_adults=2&req_adults=2&no_rooms=1&group_children=0&req_children=0&hpos=1&hapos=1&sr_order=popularity&srpvid=4eeee09b31aedad9ec875b2712d56f9f&srepoch=1766847512&from=searchresults,48.589685,7.739508,8.5,4755.0,"Doté d'un jardin et d'un restaurant, le voco Strasbourg Centre - The Garden, an IHG Hotel est situé à Strasbourg. Cet établissement possède également une terrasse, un salon commun et un bar. Le marché de Noël de Strasbourg se trouve à 1,5 km et l’église Saint-Paul est à 1,9 km.

Toutes les chambres comprennent un bureau, une télévision à écran plat et une salle de bains privative. Les chambres du voco Strasbourg Centre disposent de la climatisation et d'une armoire.

Un petit-déjeuner buffet est servi sur place.

Cet hôtel 4 étoiles possède un baby-foot et une salle de sport accessible gratuitement 24h/24. Sur réservation, sous réserve de disponibilité et moyennant des frais supplémentaires, les personnes âgées de 18 ans minimum pourront accéder à la piscine et au centre de bien-être. Merci de consulter la rubrique « À savoir », pour prendre connaissance des conditions d’admission des enfants. Des massages sont également dispensés, sur réservation et moyennant des frais supplémentaires.

Le personnel de la réception se tient à votre service 24h/24.

La cathédrale de Strasbourg se trouve à 2,3 km. Enfin, l’aéroport international de Strasbourg, le plus proche, se trouve à 12 km. Un parking est disponible, sous réserve de disponibilité, sur réservation et moyennant des frais supplémentaires.",48.5681009,7.6885972,63.2,-0.62675,-2.89525,2.1020000000000003,0.0,24.7
9,Strasbourg,Hotel Kaijoo by HappyCulture,https://www.booking.com/hotel/fr/hotel-kaijoo-by-happyculture.fr.html?aid=304142&label=mkt123sc-8808450d-f64a-46db-a9e0-4b9c21dfddc3&ucfs=1&arphpl=1&group_adults=2&req_adults=2&no_rooms=1&group_children=0&req_children=0&hpos=2&hapos=2&sr_order=popularity&srpvid=4eeee09b31aedad9ec875b2712d56f9f&srepoch=1766847512&from=searchresults,48.58341403128821,7.741765156388283,8.0,4952.0,"L'Hotel Kaijoo by HappyCulture se trouve dans le quartier de la Petite France, à 600 mètres de la gare SNCF de Strasbourg. L’établissement propose des chambres à la décoration éclectique dotées d’une télévision par satellite.

Toutes les chambres sont spacieuses et équipées d’une télévision à écran plat. Certaines chambres insonorisées comprennent un balcon offrant une vue sur la ville. Les salles de bains privatives sont pourvues d’un sèche-cheveux.
Le Kaijoo Hotel by HappyCulture sert un petit-déjeuner buffet tous les matins. Vous pourrez également savourer des boissons et des collations au Kaijoo Kafé.

Cet hôtel ouvert 24h/24 possède un bureau d’excursions où vous pourrez obtenir des informations pratiques sur la région. Vous profiterez d’une connexion Wi-Fi gratuite dans les parties communes du Kaijoo Hotel by HappyCulture.

Lors de votre séjour, vous aurez accès aux salons de l’ensemble des hôtels HappyCulture Collection de la ville. Vous pourrez ainsi déposer vos sacs de courses, emprunter un parapluie ou recharger votre téléphone portable. Un parking public est accessible à 300 mètres de l’établissement. L’arrêt de tramway Alt Winmarik, situé à 180 mètres, vous permettra de rejoindre directement le jardin botanique.

Veuillez noter que notre parking est disponible uniquement sur réservation. La réception traitera chaque demande et vous enverra un e-mail de confirmation.",48.5681009,7.6885972,63.2,-0.62675,-2.89525,2.1020000000000003,0.0,24.7
9,Strasbourg,ibis Strasbourg Centre Les Halles,https://www.booking.com/hotel/fr/ibis-strasbourg-centre-les-halles.fr.html?aid=304142&label=mkt123sc-8808450d-f64a-46db-a9e0-4b9c21dfddc3&ucfs=1&arphpl=1&group_adults=2&req_adults=2&no_rooms=1&group_children=0&req_children=0&hpos=3&hapos=3&sr_order=popularity&srpvid=4eeee09b31aedad9ec875b2712d56f9f&srepoch=1766847512&from=searchresults,48.58599411098718,7.743063457282915,8.1,2872.0,"L’ibis Strasbourg Centre Les Halles se trouve à 600 mètres du centre-ville et à 900 mètres de la gare de Strasbourg. Vous bénéficierez gratuitement d’une connexion Wi-Fi.

Les chambres insonorisées possèdent une télévision par câble à écran plat. Leur salle de bains privative est pourvue d'une douche à l'italienne.

Un petit-déjeuner buffet composé de plats sucrés et salés tels que des œufs, de la salade de fruits, des yaourts et des jus de fruits est proposé chaque jour. Des viennoiseries cuites sur place, des madeleines fraîches ainsi qu’une boisson chaude et un fruit à emporter sont également disponibles. En dehors des horaires habituels, un petit-déjeuner plus léger est proposé à partir de 4h00. Vous pourrez également déguster une boisson au bar sur place.

Le restaurant-bar ICI&LA sert une cuisine simple, saine et équilibrée tout au long de la journée.

L’hôtel se trouve à 800 mètres de la cathédrale de Strasbourg et à 1 km du palais Rohan. Un parking public couvert accessible directement par un ascenseur est disponible moyennant 21 EUR pour 24 heures. L’ibis Strasbourg Centre Les Halles se trouve à 70 mètres de l’arrêt de bus Les Halles - Pont de Paris et à 18 km de l’aéroport de Strasbourg-Entzheim.",48.5681009,7.6885972,63.2,-0.62675,-2.89525,2.1020000000000003,0.0,24.7
9,Strasbourg,Hôtel le Grillon,https://www.booking.com/hotel/fr/grillonstrasbourg.fr.html?aid=304142&label=mkt123sc-8808450d-f64a-46db-a9e0-4b9c21dfddc3&ucfs=1&arphpl=1&group_adults=2&req_adults=2&no_rooms=1&group_children=0&req_children=0&hpos=4&hapos=4&sr_order=popularity&srpvid=4eeee09b31aedad9ec875b2712d56f9f&srepoch=1766847512&from=searchresults,48.58389842897197,7.737652659416199,8.4,3763.0,"Cet hôtel est situé dans le centre de Strasbourg, à 5 minutes à pied de la gare TGV et de la Petite France. Il comprend une terrasse en bois et des chambres insonorisées dotées d'une connexion Wi-Fi gratuite.

Les chambres de l'hôtel Grillon sont décorées individuellement. Chacune possède une télévision par satellite et une salle de bains privative avec douche.

Un petit-déjeuner buffet est proposé chaque matin dans la salle à manger de l'hôtel. La terrasse comprend également des tables et des chaises. Dans la soirée, vous pourrez prendre un verre au bar de l'hôtel.

La réception de l'établissement est ouverte 24h/24. Un service de location de vélos est disponible sur demande. La place Kléber ainsi que le Musée d'art moderne et contemporain sont situés à 700 mètres.",48.5681009,7.6885972,63.2,-0.62675,-2.89525,2.1020000000000003,0.0,24.7
9,Strasbourg,Hôtel LÉONOR the place to live,https://www.booking.com/hotel/fr/leonor-the-place-to-live.fr.html?aid=304142&label=mkt123sc-8808450d-f64a-46db-a9e0-4b9c21dfddc3&ucfs=1&arphpl=1&group_adults=2&req_adults=2&no_rooms=1&group_children=0&req_children=0&hpos=5&hapos=5&sr_order=popularity&srpvid=4eeee09b31aedad9ec875b2712d56f9f&srepoch=1766847512&from_sustainable_property_sr=1&from=searchresults,48.585942,7.747235,9.3,4703.0,"Hébergements Confortables: L’établissement Hôtel LÉONOR à Strasbourg propose des chambres climatisées avec salles de bains privatives, machines à thé et café, ainsi qu'une connexion Wi-Fi gratuite. Chaque chambre est équipée d'un minibar, d'une télévision et d'une isolation phonique pour un séjour agréable.

Installations Exceptionnelles: Vous pourrez vous détendre sur la terrasse ensoleillée ou profiter du bar, très apprécié des visiteurs. L'hôtel offre une réception ouverte 24h/24, un service de conciergerie et une sécurité assurée toute la journée. Parmi les équipements supplémentaires, vous trouverez un café, un espace extérieur et un parking pour vélos.

Emplacement Idéal: Situé en centre-ville, l'hôtel se trouve à moins de 1 km de la Petite France et de l'église Saint-Paul. La cathédrale de Strasbourg est à 500 mètres, tandis que le musée historique de Strasbourg est à moins de 1 km. L'aéroport international de Strasbourg est à 12 km de l'établissement.

Attractions Locales: Parmi les attractions à proximité, on trouve le Jardin botanique de l'Université de Strasbourg (1,7 km) et le Parc des Expositions de Strasbourg (2,6 km). Vous pourrez également profiter du patinage sur glace et des balades en bateau dans les environs.",48.5681009,7.6885972,63.2,-0.62675,-2.89525,2.1020000000000003,0.0,24.7
10,Chateau du Haut Koenigsbourg,Domaine du Haut-Koenigsbourg,https://www.booking.com/hotel/fr/les-chambres-du-haut-koenigsbourg.fr.html?aid=304142&label=mkt123sc-6c9506ce-a29d-4a71-938b-3fcb352ac47d&ucfs=1&arphpl=1&group_adults=2&req_adults=2&no_rooms=1&group_children=0&req_children=0&hpos=1&hapos=1&sr_order=popularity&srpvid=077af295629e86b2428ef44ea743470e&srepoch=1766847574&from=searchresults,48.24702280361078,7.346320925292957,8.2,730.0,"L’établissement Domaine du Haut-Koenigsbourg se situe à Orschwiller (Alsace), à proximité de ce lieu d’intérêt : Château du Haut-Kœnigsbourg. Il possède une connexion Wi-Fi gratuite et un parking privé gratuit.

L’établissement dispose d’une télévision à écran plat, ainsi que d'une salle de bains privative comprenant des articles de toilette gratuits, un sèche-cheveux et une douche. Des serviettes et du linge de lit moyennant des frais supplémentaires.

L’établissement Domaine du Haut-Koenigsbourg sert un petit-déjeuner à la carte ou continental.

Vous pourrez profiter d’une terrasse bien exposée sur place et pratiquer la randonnée et le vélo dans les environs.

Vous séjournerez à respectivement 23 km et 26 km de ces lieux d’intérêt : Parc des expositions et des congrès de Colmar et Maison des Têtes. L'aéroport le plus proche (Aéroport de Strasbourg Entzheim) est à 48 km.",48.2495226,7.3454923,62.4,-2.9987500000000002,-4.282,1.39025,0.0,24.35
10,Chateau du Haut Koenigsbourg,Au pied du Château,https://www.booking.com/hotel/fr/au-pied-du-chateau-orschwiller.fr.html?aid=304142&label=mkt123sc-6c9506ce-a29d-4a71-938b-3fcb352ac47d&ucfs=1&arphpl=1&group_adults=2&req_adults=2&no_rooms=1&group_children=0&req_children=0&hpos=2&hapos=2&sr_order=popularity&srpvid=077af295629e86b2428ef44ea743470e&srepoch=1766847574&from=searchresults,48.2484025,7.3548257,10.0,4.0,"L’hébergement Au pied du Château se trouve à Orschwiller, à seulement 3,2 km de ce lieu d’intérêt : Château du Haut-Kœnigsbourg. Il offre une vue sur la montagne et propose une connexion Wi-Fi gratuite ainsi qu’un parking privé gratuit. Cet hébergement offre une vue sur le jardin et possède un balcon.

Cet appartement avec climatisation se compose de 2 chambres, d'un salon, d'une cuisine entièrement équipée avec un réfrigérateur et une machine à café, ainsi que de 1 salle de bains avec une douche et un sèche-cheveux. Des serviettes et du linge de lit sont mis à votre disposition.

Vous séjournerez à respectivement 24 km et 26 km de ces lieux d’intérêt : Parc des expositions et des congrès de Colmar et Maison des Têtes. L'aéroport le plus proche (Aéroport de Strasbourg Entzheim) est à 47 km.",48.2495226,7.3454923,62.4,-2.9987500000000002,-4.282,1.39025,0.0,24.35
10,Chateau du Haut Koenigsbourg,La forêt Enchantée - Cozy Immo,https://www.booking.com/hotel/fr/la-foret-enchantee-cozy-immo.fr.html?aid=304142&label=mkt123sc-6c9506ce-a29d-4a71-938b-3fcb352ac47d&ucfs=1&arphpl=1&group_adults=2&req_adults=2&no_rooms=1&group_children=0&req_children=0&hpos=3&hapos=3&sr_order=popularity&srpvid=077af295629e86b2428ef44ea743470e&srepoch=1766847574&from=searchresults,48.2484025,7.3548257,9.3,39.0,"L’hébergement La forêt Enchantée - Cozy Immo se trouve à Orschwiller, à respectivement 24 km, 26 km et 27 km de ces lieux d’intérêt : Parc des expositions et des congrès de Colmar, Maison des Têtes et Collégiale Saint-Martin. Cet hébergement est installé à 3,2 km de : Château du Haut-Kœnigsbourg. Vous pourrez profiter d'un parking privé disponible sur place et d'une connexion Wi-Fi gratuite.

Cet appartement avec climatisation se compose de 2 chambres séparées, d'une cuisine entièrement équipée avec un réfrigérateur et un four, ainsi que de 1 salle de bains. Cet hébergement met à votre disposition des serviettes et du linge de lit.

Vous séjournerez à respectivement 31 km et 35 km de ces lieux d’intérêt : Gare de Colmar et Musée Würth. L'aéroport le plus proche (Aéroport de Strasbourg Entzheim) est à 47 km.",48.2495226,7.3454923,62.4,-2.9987500000000002,-4.282,1.39025,0.0,24.35
10,Chateau du Haut Koenigsbourg,Chambres d'Hôtes Le Domaine des Remparts,https://www.booking.com/hotel/fr/le-domaine-des-remparts.fr.html?aid=304142&label=mkt123sc-6c9506ce-a29d-4a71-938b-3fcb352ac47d&ucfs=1&arphpl=1&group_adults=2&req_adults=2&no_rooms=1&group_children=0&req_children=0&hpos=4&hapos=4&sr_order=popularity&srpvid=077af295629e86b2428ef44ea743470e&srepoch=1766847574&from=searchresults,48.25543163185316,7.45202824473381,8.8,404.0,"Situé à Sélestat, l’établissement Chambres d'Hôtes Le Domaine des Remparts possède une connexion Wi-Fi gratuite, un salon commun, un bar et des équipements de sports nautiques.

Certains hébergements sont dotés d'une télévision par satellite, d'une kitchenette entièrement équipée avec un réfrigérateur, ainsi que d'une salle de bains privative avec une douche et des articles de toilette gratuits.

Cet établissement dispose d’une aire de jeux pour enfants.

Vous pourrez jouer au billard sur place, et pratiquer la pêche et le vélo dans les environs.

Vous séjournerez à respectivement 13 km et 21 km de ces lieux d’intérêt : Château du Haut-Kœnigsbourg et Parc des expositions et des congrès de Colmar. L'aéroport le plus proche (Aéroport de Strasbourg Entzheim) est à 39 km.",48.2495226,7.3454923,62.4,-2.9987500000000002,-4.282,1.39025,0.0,24.35
10,Chateau du Haut Koenigsbourg,Logis Hotel Le Parc & Spa,https://www.booking.com/hotel/fr/logis-le-parc-st-hippolyte.fr.html?aid=304142&label=mkt123sc-6c9506ce-a29d-4a71-938b-3fcb352ac47d&ucfs=1&arphpl=1&group_adults=2&req_adults=2&no_rooms=1&group_children=0&req_children=0&hpos=5&hapos=5&sr_order=popularity&srpvid=077af295629e86b2428ef44ea743470e&srepoch=1766847574&from=searchresults,48.23240406062429,7.36546665430069,8.8,1660.0,"Le Logis Hôtel Le Parc se trouve dans le village alsacien historique de Saint-Hippolyte. Sur place, vous pourrez profiter de la piscine couverte ainsi que de l'accès au sauna, au hammam et au centre de remise en forme.

Les chambres élégantes sont dotées d'une télévision, d'un minibar et d'un plateau/bouilloire. Leur salle de bains privative est pourvue d'un sèche-cheveux.

Le restaurant sert des plats d'inspiration régionale ainsi qu'un large choix de vins locaux. En soirée, vous pourrez vous détendre autour d'un verre et profiter de concerts au bar de l'hôtel.

L'établissement se trouve à 6,5 km du château du Haut-Koenigsbourg. Vous pourrez également faire des randonnées à pied et à vélo dans le massif des Vosges, situé à proximité.",48.2495226,7.3454923,62.4,-2.9987500000000002,-4.282,1.39025,0.0,24.35
11,Colmar,Appartement Luxueux Centre Ville,https://www.booking.com/hotel/fr/appartement-luxueux-centre-ville.fr.html?aid=304142&label=mkt123sc-cec4ecc3-e3fe-442c-8809-cb273a9e22e6&ucfs=1&arphpl=1&group_adults=2&req_adults=2&no_rooms=1&group_children=0&req_children=0&hpos=1&hapos=1&sr_order=popularity&srpvid=b7a0dc6956446800d42f046bc8884e95&srepoch=1766847634&from=searchresults,48.077796035864495,7.354608079762329,9.4,244.0,"Cadre Historique: L'établissement Appartement Luxueux Centre Ville à Colmar est situé dans un bâtiment historique, offrant une vue sur le jardin et un emplacement central.

Équipements Modernes: Vous bénéficiez du Wi-Fi gratuit, d'un salon et d'une station de recharge pour véhicules électriques. Un parking privé payant hors site est disponible.

Confort de Vie: L'appartement dispose d'une kitchenette, d'un lave-linge, d'une salle de bains privative et d'un coin repas. Des équipements supplémentaires incluent un bureau et des parquets.

Emplacement Idéal: Situé à 55 km de l'EuroAirport de Mulhouse, l'établissement se trouve à quelques pas de la Maison des Têtes et à 4 minutes à pied de l'église collégiale Saint-Martin. La gare de Colmar est à 1 km.",48.0777517,7.3579641,63.2,-0.37775000000000003,-2.39,2.0075,0.0,22.15
11,Colmar,Hôtel Maison Turenne,https://www.booking.com/hotel/fr/turenne-colmar.fr.html?aid=304142&label=mkt123sc-cec4ecc3-e3fe-442c-8809-cb273a9e22e6&ucfs=1&arphpl=1&group_adults=2&req_adults=2&no_rooms=1&group_children=0&req_children=0&hpos=2&hapos=2&sr_order=popularity&srpvid=b7a0dc6956446800d42f046bc8884e95&srepoch=1766847634&from_sustainable_property_sr=1&from=searchresults,48.07192026320514,7.360539436340332,8.6,5494.0,"L’Hôtel Turenne est situé à l’entrée du vieux quartier de Colmar, à 750 mètres de l’église Saint-Martin. Il propose des chambres climatisées avec une connexion Wi-Fi gratuite.

Toutes les chambres sont dotées d’une télévision par satellite à écran plat et d’une salle de bains privative. Toutes les chambres sont desservies par un ascenseur.

Un petit-déjeuner buffet est servi tous les matins sur place. Vous trouverez de nombreux restaurants alsaciens typiques dans les environs. Vous pourrez également prendre un verre au bar de l’hôtel.

La réception de l'Hotel Turenne est ouverte 24h/24. Un parking privé pour les voitures, les vélos et les motos est également disponible moyennant des frais supplémentaires et sous réserve de disponibilité (sur réservation préalable). Le garage est disponible jusqu’à midi le jour du départ.

Vous séjournerez à proximité des musées réputés Bartholdi et Unterlinden ainsi que des quartiers piétons et commerçants de la ville. La gare de Colmar est à 1,3 km de l’Hôtel Turenne, tandis que la frontière allemande est à 20 km.",48.0777517,7.3579641,63.2,-0.37775000000000003,-2.39,2.0075,0.0,22.15
11,Colmar,Appart Hotel Odalys City Colmar La Rose d'Argent,https://www.booking.com/hotel/fr/appart-39-odalys-la-rose-d-39-argent.fr.html?aid=304142&label=mkt123sc-cec4ecc3-e3fe-442c-8809-cb273a9e22e6&ucfs=1&arphpl=1&group_adults=2&req_adults=2&no_rooms=1&group_children=0&req_children=0&hpos=3&hapos=3&sr_order=popularity&srpvid=b7a0dc6956446800d42f046bc8884e95&srepoch=1766847634&from=searchresults,48.07891558140651,7.365148393658274,8.2,5268.0,"Situé à Colmar, à seulement 1,6 km de la gare, l'Appart Hotel Odalys City Colmar La Rose d'Argent propose une salle de sport et une piscine à contre-courant avec jets de massage. Il se trouve à 700 mètres de la collégiale Saint-Martin et à 1 km de la Maison des Têtes.

Cet hébergement comprend un coin salon, une télévision à écran plat, une armoire ainsi qu'une salle de bains privative avec une baignoire ou une douche. La kitchenette est équipée de plaques de cuisson, d'un micro-ondes et d'un réfrigérateur.

Un petit-déjeuner est servi chaque matin à l'Appart Hotel Odalys City Colmar La Rose d'Argent et les enfants peuvent en profiter à un tarif réduit. De nombreux restaurants sont également accessibles à quelques pas de l'Appart'hôtel Odalys La Rose d'Argent.

Une connexion Wi-Fi est disponible gratuitement dans l'ensemble des locaux. Vous pourrez profiter du parking privé sur réservation préalable. Le parc des expositions de Colmar se trouve à 3,3 km. L'aéroport international de Bâle-Mulhouse-Fribourg est accessible à 54 km.",48.0777517,7.3579641,63.2,-0.37775000000000003,-2.39,2.0075,0.0,22.15
11,Colmar,Hotel Le Colombier,https://www.booking.com/hotel/fr/colombiercolmar.fr.html?aid=304142&label=mkt123sc-cec4ecc3-e3fe-442c-8809-cb273a9e22e6&ucfs=1&arphpl=1&group_adults=2&req_adults=2&no_rooms=1&group_children=0&req_children=0&hpos=4&hapos=4&sr_order=popularity&srpvid=b7a0dc6956446800d42f046bc8884e95&srepoch=1766847634&from_sustainable_property_sr=1&from=searchresults,48.073768034303555,7.358293756842613,8.8,2360.0,"L'hôtel Hotel Le Colombier est situé dans le quartier de la Petite Venise, dans le centre-ville de Colmar. Le musée d'histoire naturelle de Colmar se trouve à 50 mètres et le musée Unterlinden à 1,1 km. Une connexion Wi-Fi est fournie gratuitement.

Les chambres et les suites disposent de la climatisation, d'un minibar et d'une télévision par câble à écran plat. Leur salle de bains privative est pourvue d'une douche, d'articles de toilette gratuits, de chaussons et de peignoirs.

Un petit-déjeuner buffet est servi tous les jours et la réception de l'hôtel Hotel Le Colombier est ouverte 24h/24. Vous pourrez vous détendre dans le bar ou dans le jardin.

La gare de Colmar vous attend à 1 km. L'aéroport le plus proche est l'aéroport de Strasbourg, à 72 km.",48.0777517,7.3579641,63.2,-0.37775000000000003,-2.39,2.0075,0.0,22.15
11,Colmar,Colmar Hotel,https://www.booking.com/hotel/fr/colmar.fr.html?aid=304142&label=mkt123sc-cec4ecc3-e3fe-442c-8809-cb273a9e22e6&ucfs=1&arphpl=1&group_adults=2&req_adults=2&no_rooms=1&group_children=0&req_children=0&hpos=5&hapos=5&sr_order=popularity&srpvid=b7a0dc6956446800d42f046bc8884e95&srepoch=1766847634&from=searchresults,48.070800737248675,7.346389726389361,9.1,9551.0,"Le Colmar Hotel vous accueille à Colmar, à 1 km de la Maison des Têtes et à 1,2 km de la place des Dominicains, où se déroule le marché de Noël. Il possède une réception ouverte 24h/24 et un bar. Vous profiterez gratuitement d'une connexion Wi-Fi et d'un parking privé en face de l'hôtel.

Toutes les chambres comprennent une télévision par satellite à écran plat, une bouilloire ainsi qu'une salle de bains privative pourvue d'articles de toilette gratuits et d'un sèche-cheveux.

Un parking gratuit et un parking sécurisé payant sont disponibles sur place. Vous séjournerez à 1,1 km de la collégiale Saint-Martin et à 3,5 km du parc des expositions Colmar Expo. L'aéroport de Bâle-Mulhouse-Fribourg, le plus proche, se trouve à 54 km du Colmar Hotel. ",48.0777517,7.3579641,63.2,-0.37775000000000003,-2.39,2.0075,0.0,22.15
12,Eguisheim,Hotel SPA Husseren Collections - Proche Colmar - Eguisheim,https://www.booking.com/hotel/fr/husseren-les-chateaux.fr.html?aid=304142&label=mkt123sc-b9ad52c4-c549-4621-a5ed-ba65e2de9e9a&ucfs=1&arphpl=1&group_adults=2&req_adults=2&no_rooms=1&group_children=0&req_children=0&hpos=1&hapos=1&sr_order=popularity&srpvid=51806449ceb4b85b8a383a2ab15981eb&srepoch=1766847705&from=searchresults,48.0349876742797,7.27613836526871,8.9,6597.0,"Entouré de vignobles et d’une forêt, l’Hotel SPA Husseren Collections - Proche Colmar - Eguisheim est situé au pied des vestiges de 3 châteaux, sur la route des vins d’Alsace, à 6 km de Colmar et à 70 km de Strasbourg. Il possède des terrasses orientées au sud.

L’établissement propose un restaurant bistronomique, Bain de forêt, doté d’une terrasse offrant une vue sur la forêt. Vous pourrez profiter sur place d’une piscine intérieure, d’un sauna, ainsi que de salles de réunion lumineuses pourvues de matériel professionnel et d’une connexion Wi-Fi gratuite.

Le personnel de l’établissement parle anglais, allemand et italien. Neuf stations de recharge pour voitures électriques (dont 3 stations Tesla) sont disponibles dans cet établissement.

Un parking est disponible gratuitement.",48.0447968,7.3079618,63.2,-0.52525,-2.6544999999999996,2.06275,0.0,21.75
12,Eguisheim,"James Vignoble Hôtel, Eguisheim",https://www.booking.com/hotel/fr/james-vignoble-eguisheim.fr.html?aid=304142&label=mkt123sc-b9ad52c4-c549-4621-a5ed-ba65e2de9e9a&ucfs=1&arphpl=1&group_adults=2&req_adults=2&no_rooms=1&group_children=0&req_children=0&hpos=2&hapos=2&sr_order=popularity&srpvid=51806449ceb4b85b8a383a2ab15981eb&srepoch=1766847705&from=searchresults,48.04496277423659,7.30157844722271,8.9,2000.0,"Le James Vignoble Hôtel, Eguisheim se trouve au cœur des vignobles d'Éguisheim. L’établissement offre une vue spectaculaire sur la Forêt-Noire.

L'établissement est équipé de 2 piscines dont une extérieure chauffée à 29°C (fermée en hiver, ouverte selon les conditions climatiques et les saisons). Vous accéderez à l’espace détente de l’établissement, avec piscine intérieure chauffée à 29° C. Il est également doté d’un jacuzzi et d’un sauna panoramique, dont vous pourrez profiter moyennant des frais supplémentaires. Vous pourrez vous procurer des peignoirs, des serviettes et des tongs à la réception, moyennant des frais supplémentaires.

Les 31 chambres meublées sont pourvues d’une salle de bains privative. Chaque chambre est équipée d'une télévision, d'un téléphone, de la climatisation et d'un minibar.

Un petit-déjeuner buffet, composé de mets sucrés et salés, est servi tous les matins. Le petit-déjeuner doit être réservé à l’arrivée. Une connexion Wi-Fi est disponible gratuitement dans l’ensemble de l’établissement.

Un supplément de 8 EUR par jour s’applique pour le parking sur place. Vous trouverez plusieurs restaurants à moins de 5 minutes de marche de l’hôtel. Le marché de Noël d’Eguisheim se trouve à 500 mètres.

L'espace spa est ouvert de 8h00 à 20h00. Cet espace privé entraîne un supplément de 11 EUR, quel que soit votre âge.

Pour les suites vignes, les chambres Deluxe et les chambres supérieures, des lits d'appoint sont disponibles sur demande et moyennant des frais supplémentaires de 25 EUR par lit et par nuit. Le canapé-lit peut être utilisé moyennant des frais supplémentaires de 30 EUR, comme indiqué dans l’information en petits caractères.",48.0447968,7.3079618,63.2,-0.52525,-2.6544999999999996,2.06275,0.0,21.75
12,Eguisheim,L'Adresse - Rempart Sud - Eguisheim avec garage privé,https://www.booking.com/hotel/fr/adresse-rempart-sud.fr.html?aid=304142&label=mkt123sc-b9ad52c4-c549-4621-a5ed-ba65e2de9e9a&ucfs=1&arphpl=1&group_adults=2&req_adults=2&no_rooms=1&group_children=0&req_children=0&hpos=3&hapos=3&sr_order=popularity&srpvid=51806449ceb4b85b8a383a2ab15981eb&srepoch=1766847705&from=searchresults,48.0417699,7.3063084,9.6,73.0,"L’hébergement L'Adresse - Rempart Sud - Eguisheim avec garage privé vous accueille à Eguisheim, à seulement 6,1 km de ce lieu d’intérêt : Gare de Colmar. Il offre une vue sur la ville et comprend une connexion Wi-Fi gratuite ainsi qu’un parking privé gratuit. Cet hébergement offre une vue sur la montagne et est installé à respectivement 6,9 km et 7,3 km de : Maison des Têtes et Collégiale Saint-Martin.

Cet appartement avec climatisation se compose de 2 chambres, d'un salon, d'une cuisine entièrement équipée avec un réfrigérateur et une machine à café, ainsi que de 1 salle de bains avec une douche et des articles de toilette gratuits. Des serviettes et du linge de lit sont à votre disposition.

Vous séjournerez à respectivement 10 km et 35 km de ces lieux d’intérêt : Parc des expositions et des congrès de Colmar et Château du Haut-Kœnigsbourg. L’établissement se situe à 54 km de l’aéroport le plus proche (EuroAirport Mulhouse) et propose un service de navette aéroport payant.",48.0447968,7.3079618,63.2,-0.52525,-2.6544999999999996,2.06275,0.0,21.75
12,Eguisheim,Gîte le Petit Muscat à Eguisheim,https://www.booking.com/hotel/fr/gite-et-jacuzzi.fr.html?aid=304142&label=mkt123sc-b9ad52c4-c549-4621-a5ed-ba65e2de9e9a&ucfs=1&arphpl=1&group_adults=2&req_adults=2&no_rooms=1&group_children=0&req_children=0&hpos=4&hapos=4&sr_order=popularity&srpvid=51806449ceb4b85b8a383a2ab15981eb&srepoch=1766847705&from=searchresults,48.041822895723,7.305279444775,8.9,91.0,"L’hébergement Gîte le Petit Muscat à Eguisheim se trouve à Eguisheim, à 6 km de ce lieu d’intérêt : Gare de Colmar. Il propose un jardin, une connexion Wi-Fi gratuite et une réception ouverte 24h/24. Cet hébergement offre une vue sur le jardin et est installé à respectivement 6,8 km et 7,3 km de : Maison des Têtes et Collégiale Saint-Martin.

Disposant d’une terrasse et offrant une vue sur la ville, cette maison de vacances comprend 1 chambre, un salon, une télévision à écran plat, une cuisine équipée avec un réfrigérateur et un four, ainsi que 1 salle de bains avec une douche.

Vous pourrez profiter d’un barbecue sur place et pratiquer la randonnée dans les environs.

Vous séjournerez à respectivement 10 km et 35 km de ces lieux d’intérêt : Parc des expositions et des congrès de Colmar et Château du Haut-Kœnigsbourg. L'aéroport le plus proche (EuroAirport Mulhouse) est à 54 km.",48.0447968,7.3079618,63.2,-0.52525,-2.6544999999999996,2.06275,0.0,21.75
12,Eguisheim,Hotel Colmar Vignes Eguisheim,https://www.booking.com/hotel/fr/auberge-des-comtes.fr.html?aid=304142&label=mkt123sc-b9ad52c4-c549-4621-a5ed-ba65e2de9e9a&ucfs=1&arphpl=1&group_adults=2&req_adults=2&no_rooms=1&group_children=0&req_children=0&hpos=5&hapos=5&sr_order=popularity&srpvid=51806449ceb4b85b8a383a2ab15981eb&srepoch=1766847705&from=searchresults,48.043271326244984,7.3041218519210815,9.1,1677.0,"Situé à 200 mètres du centre-ville d'Eguishein et à 10 minutes en voiture de Colmar, l'Hotel Colmar Vignes Eguisheim met gratuitement à votre disposition une connexion Wi-Fi ainsi qu'un parking privé.

Les chambres sont équipées d'une télévision. Certaines sont dotées d'un balcon privé.

Chaque matin, un petit-déjeuner buffet est servi.

La route des vins d'Alsace et les Vosges sont facilement accessibles depuis l'Hotel Colmar Vignes Eguisheim.",48.0447968,7.3079618,63.2,-0.52525,-2.6544999999999996,2.06275,0.0,21.75
13,Besancon,Best Western Citadelle,https://www.booking.com/hotel/fr/bestwesterncitadelle.fr.html?aid=304142&label=mkt123sc-5385cf15-0781-4fb2-9530-0d85e8826951&ucfs=1&arphpl=1&group_adults=2&req_adults=2&no_rooms=1&group_children=0&req_children=0&hpos=1&hapos=1&sr_order=popularity&srpvid=efedeb92db7dca21161c46450e073f86&srepoch=1766847779&from_sustainable_property_sr=1&from=searchresults,47.23154100035795,6.026580333709717,8.0,2095.0,"Le Best Western Citadelle est situé dans le centre-ville historique de Besançon, à 5 minutes à pied du Doubs et de la Citadelle. La connexion Wi-Fi est gratuite dans les chambres.

Les chambres climatisées disposent d'une télévision avec les chaînes Canal+. Les salles de bains privatives sont pourvues d'eau chauffée à l'énergie solaire. L'établissement propose des chambres adaptées aux personnes à mobilité réduite.

L'hôtel sert le petit-déjeuner tous les matins moyennant des frais supplémentaires. Vous pourrez prendre le petit-déjeuner dans votre chambre ou sous forme de buffet dans la salle à manger. Un service d'étage est également assuré.

Le petit parking, qui compte 10 places, est uniquement accessible sur réservation et moyennant un supplément de 15 EUR par place. Vous pourrez utiliser la borne de recharge électrique sur demande et sous réserve de disponibilité, moyennant un supplément de 25 EUR.

Veuillez noter que le parking, (une petite cour dans le centre-ville), est uniquement adapté aux véhicules de taille standard.

L'établissement se trouve à 5 km du centre de conventions Micropolis. Le parking public sur place entraîne des frais supplémentaires. Veuillez contacter l'établissement directement si vous souhaitez réserver une place de stationnement.

Si vous voyagez avec des animaux domestiques, veuillez contacter directement l'établissement pour vous renseigner sur les conditions relatives aux animaux. Il est essentiel de contacter l'établissement.

Vous séjournerez dans l'une des 41 chambres réparties dans différents bâtiments comme suit :

• Le bâtiment principal, avec ascenseur, où se trouvent 21 chambres.
• L'Annexe, également dans le bâtiment principal, sans ascenseur.
• L'Hotel Pavilion, avec 9 chambres, sans ascenseur.
• L’Atelier, qui comprend 2 chambres spacieuses spécialement adaptées aux personnes à mobilité réduite.

Si vous avez une préférence, n'hésitez pas à en informer le personnel lors de la réservation. Le personnel fera de son mieux pour répondre à toutes vos demandes, sans garantie cependant.",47.2283679,6.0189231,65.6,-0.172,-2.55925,2.6790000000000003,0.0,13.525
13,Besancon,ibis Styles Besançon,https://www.booking.com/hotel/fr/besancon.fr.html?aid=304142&label=mkt123sc-5385cf15-0781-4fb2-9530-0d85e8826951&ucfs=1&arphpl=1&group_adults=2&req_adults=2&no_rooms=1&group_children=0&req_children=0&hpos=2&hapos=2&sr_order=popularity&srpvid=efedeb92db7dca21161c46450e073f86&srepoch=1766847779&from=searchresults,47.2542534551454,6.021639704704285,7.8,5543.0,"Idéalement situé dans un parc, l'hôtel ibis Styles Besançon se trouve à 15 minutes à pied de la gare TGV et du centre de Besançon. Il met à votre disposition une piscine extérieure dotée d'une terrasse bien exposée ainsi qu'une connexion Wi-Fi gratuite.

Ses chambres climatisées et spacieuses affichent une décoration de style contemporain. Elles comprennent également une télévision à écran LCD et une connexion Wi-Fi gratuite.

L'établissement vous proposera chaque matin un petit-déjeuner buffet. Vous pourrez siroter un verre au bar de l'hôtel ou dîner dans son restaurant. Une aire de jeux pour enfants et des salles de réunion sont également disponibles sur place.

L'hôtel met à votre disposition un parking privé gratuit ainsi qu'une réception ouverte 24h/24. Il se situe à 10 minutes en voiture du parc des expositions Micropolis et à seulement 3,7 km de la citadelle de Besançonet, site classé au patrimoine mondial de l'UNESCO.",47.2283679,6.0189231,65.6,-0.172,-2.55925,2.6790000000000003,0.0,13.525
13,Besancon,Le Viking,https://www.booking.com/hotel/fr/le-viking-besancon.fr.html?aid=304142&label=mkt123sc-5385cf15-0781-4fb2-9530-0d85e8826951&ucfs=1&arphpl=1&group_adults=2&req_adults=2&no_rooms=1&group_children=0&req_children=0&hpos=3&hapos=3&sr_order=popularity&srpvid=efedeb92db7dca21161c46450e073f86&srepoch=1766847779&from=searchresults,47.239559876783,6.01799421315905,8.8,17.0,"Doté d’un sauna, l’hébergement Le Viking se situe à Besançon, à 1 km de ce lieu d’intérêt : Gare de Besançon-Viotte. Cet appartement est à respectivement 4 km et 12 km de : Micropolis et Gare de Besançon Franche-Comté TGV.

Bénéficiant d’une connexion Wi-Fi gratuite, cet appartement de 1 chambre possède une télévision à écran plat, un lave-linge, ainsi qu’une kitchenette avec un réfrigérateur et un micro-ondes. Cet hébergement met à votre disposition des serviettes et du linge de lit.

Vous séjournerez à proximité de ces lieux d’intérêt : Gare de Besançon-Mouillère, Musée du Temps de Besançon et Musée des beaux-arts et d'archéologie de Besançon. L'aéroport le plus proche (Aéroport de Dole-Jura) est à 59 km.",47.2283679,6.0189231,65.6,-0.172,-2.55925,2.6790000000000003,0.0,13.525
13,Besancon,ibis Besançon Centre la City,https://www.booking.com/hotel/fr/ibis-besancon-la-city.fr.html?aid=304142&label=mkt123sc-5385cf15-0781-4fb2-9530-0d85e8826951&ucfs=1&arphpl=1&group_adults=2&req_adults=2&no_rooms=1&group_children=0&req_children=0&hpos=4&hapos=4&sr_order=popularity&srpvid=efedeb92db7dca21161c46450e073f86&srepoch=1766847779&from_sustainable_property_sr=1&from=searchresults,47.23549140373459,6.0149883853889605,7.8,2518.0,"L’ibis Besançon la City se trouve sur les rives du Doubs, dans le quartier d’affaires La City, à 10 minutes de marche du centre-ville de Besançon et de ses musées. Vous rejoindrez la Citadelle en 35 minutes à pied.

L’établissement propose des chambres climatisées, dont 4 sont accessibles aux personnes à mobilité réduite.

Tous les matins, vous dégusterez un petit-déjeuner buffet incluant des mets sucrés et salés tels que des œufs, de la salade de fruits, des yaourts et des jus de fruits. Le restaurant Bistro Régent propose un menu de style bistro à base de produits frais.

Une réception ouverte 24h/24 est présente sur place et un parking souterrain sécurisé est disponible moyennant des frais supplémentaires.",47.2283679,6.0189231,65.6,-0.172,-2.55925,2.6790000000000003,0.0,13.525
13,Besancon,Hôtel de Paris,https://www.booking.com/hotel/fr/de-paris-besanasson.fr.html?aid=304142&label=mkt123sc-5385cf15-0781-4fb2-9530-0d85e8826951&ucfs=1&arphpl=1&group_adults=2&req_adults=2&no_rooms=1&group_children=0&req_children=0&hpos=5&hapos=5&sr_order=popularity&srpvid=efedeb92db7dca21161c46450e073f86&srepoch=1766847779&from=searchresults,47.23856536577556,6.025325059890747,8.5,1980.0,"Situé dans le centre de Besançon, l’Hôtel de Paris est un établissement à la décoration contemporaine doté d’une terrasse et d’une réception ouverte 24h/24. La citadelle de Besançon est à seulement 15 minutes de marche. Vesoul se trouve à 48 km.

Toutes les chambres disposent de la climatisation, d’une télévision par satellite à écran plat, d’un bureau, d’une armoire et d’un téléphone. La salle de bains privative est pourvue d’un sèche-cheveux et d’articles de toilette gratuits.

Un petit-déjeuner buffet est proposé tous les matins à l’Hôtel de Paris. Vous trouverez des restaurants traditionnels à quelques minutes de marche.

L’hôtel est à seulement 5 minutes de marche du musée des beaux-arts et à 12 km de la gare TGV de Besançon Franche-Comté. Une bagagerie, des journaux quotidiens et une connexion Internet par câble gratuite sont également à votre disposition.",47.2283679,6.0189231,65.6,-0.172,-2.55925,2.6790000000000003,0.0,13.525
14,Dijon,"Aloft Hotel, By Marriott",https://www.booking.com/hotel/fr/aloft-dijon.fr.html?aid=304142&label=mkt123sc-171ca153-1104-4d32-9276-5e632c781ab5&ucfs=1&arphpl=1&group_adults=2&req_adults=2&no_rooms=1&group_children=0&req_children=0&hpos=1&hapos=1&sr_order=popularity&srpvid=2b1d4060d1c8873c33e479920539fbce&srepoch=1766847844&from=searchresults,47.32359832,5.037261159,8.5,2456.0,"L’établissement Aloft Hotel, By Marriott se trouve à Dijon, à 800 mètres de ce lieu d’intérêt : Gare de Dijon. Il comprend un bar, des hébergements non-fumeurs, ainsi qu'une connexion Wi-Fi gratuite dans l’ensemble de ses locaux. Il est installé à proximité de plusieurs attractions connues, notamment à respectivement 800 mètres, 400 mètres et 1,6 km de : Arrêt de tramway Foch-Gare, Église Saint-Philibert et Parc des expositions et des congrès de Dijon. Le spa et centre de bien-être sur place propose une piscine intérieure, une salle de sport, un sauna et un bain à remous.

Les hébergements comprennent la climatisation, une armoire, une machine à café, un réfrigérateur, un coffre-fort, une télévision à écran plat et une salle de bains privative dotée d’une douche. Certains hébergements offrent une vue sur la ville. Tous proposent une bouilloire.

L’établissement Aloft Hotel, By Marriott sert un petit-déjeuner buffet ou continental.

Cet établissement 4 étoiles dispose d’un hammam.

Le personnel de la réception ouverte 24h/24 parle allemand, anglais, espagnol et français.

Vous séjournerez à respectivement 4,3 km et 4,6 km de ces lieux d’intérêt : Arrêt de tramway CHU - Hopitaux et Arrêt de tramway Université. L'aéroport le plus proche (Aéroport de Dole-Jura) est à 52 km.",47.408796,5.0646164,64.0,-0.8154999999999999,-4.061249999999999,3.13025,0.0,15.2
14,Dijon,"Vertigo Hotel, By Marriott, a Member of Design Hotels",https://www.booking.com/hotel/fr/vertigo.fr.html?aid=304142&label=mkt123sc-171ca153-1104-4d32-9276-5e632c781ab5&ucfs=1&arphpl=1&group_adults=2&req_adults=2&no_rooms=1&group_children=0&req_children=0&hpos=2&hapos=2&sr_order=popularity&srpvid=2b1d4060d1c8873c33e479920539fbce&srepoch=1766847844&from=searchresults,47.32428953092841,5.034272273016313,8.3,1524.0,"Proposant une piscine intérieure, un spa Nuxe et un centre de bien-être, le Vertigo - Design Hotels est un hôtel design situé à Dijon. Vous bénéficierez gratuitement d'une connexion Wi-Fi disponible dans l'ensemble de l'établissement, de vélos, d'un sauna et d'un hammam.

Décorées individuellement, les chambres climatisées possèdent des lits suspendus, une télévision par satellite à écran plat, une machine à café et offrent une vue sur la ville ainsi que sur le jardin. Leur salle de bains privative est pourvue d'une douche, de peignoirs et d'un sèche-cheveux.

Le petit-déjeuner est servi chaque matin dans le salon commun ou dans le confort de votre chambre, moyennant des frais supplémentaires. L'hôtel comporte également un bar préparant des boissons et des repas légers.

Vous séjournerez à 400 mètres de l'église Saint-Philibert et à 500 mètres de la gare ferroviaire de Dijon.",47.408796,5.0646164,64.0,-0.8154999999999999,-4.061249999999999,3.13025,0.0,15.2
14,Dijon,Holiday Inn Dijon Toison D'or by IHG,https://www.booking.com/hotel/fr/holiday-inn-dijon.fr.html?aid=304142&label=mkt123sc-171ca153-1104-4d32-9276-5e632c781ab5&ucfs=1&arphpl=1&group_adults=2&req_adults=2&no_rooms=1&group_children=0&req_children=0&hpos=3&hapos=3&sr_order=popularity&srpvid=2b1d4060d1c8873c33e479920539fbce&srepoch=1766847844&from=searchresults,47.3557,5.052,8.2,5030.0,"Doté d'un spa avec un sauna, un hammam et une salle de sport, le Holiday Inn Dijon Toison D'or vous accueille en périphérie du centre-ville historique de Dijon, en plein cœur du parc technologique de la Toison d'Or. Il propose des hébergements dotés de la climatisation et d'une connexion Wi-Fi gratuite.

Les chambres sont spacieuses et disposent d'une télévision par satellite à écran plat. Elles affichent une décoration contemporaine ponctuée de touches de couleur. Leur salle de bains privative est pourvue d'équipements du créateur Philippe Starck.

L'établissement sert tous les matins un petit-déjeuner buffet. Son restaurant, le Gallery 412, propose des spécialités françaises traditionnelles et modernes. Un grand choix de vins est disponible au bar Light.

Le Holiday Inn Dijon est à 5 minutes de marche du Zénith et à 15 minutes en tramway de la gare de la ville. Un parking est disponible gratuitement sur place et l'autoroute est accessible en 2 minutes en voiture. Le centre commercial de la Toison d'Or, regroupant 180 magasins, est à seulement 1 minute de marche.",47.408796,5.0646164,64.0,-0.8154999999999999,-4.061249999999999,3.13025,0.0,15.2
14,Dijon,ibis Styles Dijon Central,https://www.booking.com/hotel/fr/ibis-central.fr.html?aid=304142&label=mkt123sc-171ca153-1104-4d32-9276-5e632c781ab5&ucfs=1&arphpl=1&group_adults=2&req_adults=2&no_rooms=1&group_children=0&req_children=0&hpos=4&hapos=4&sr_order=popularity&srpvid=2b1d4060d1c8873c33e479920539fbce&srepoch=1766847844&from_sustainable_property_sr=1&from=searchresults,47.323121491343166,5.03729984164238,8.2,2831.0,"Situé dans une zone piétonne, au cœur du quartier historique de Dijon, l'hôtel ibis Styles Dijon Central se trouve à seulement 1 km de la gare de Dijon. Il propose une réception ouverte 24h/24 et une connexion Wi-Fi gratuite.

L'hôtel ibis Styles Dijon Central dispose de chambres climatisées et insonorisées ainsi que d'une salle de conférences à l'organisation fiable et gérée par un personnel qualifié.

Le succès de l'hôtel ibis Styles Dijon Central est étroitement lié à ses restaurants gastronomiques, Le Central et son restaurant de style brasserie. Après avoir dégusté un savoureux repas, vous pourrez découvrir la ville de Dijon et ses innombrables sites d'intérêt.

Le palais des Ducs de Bourgogne se trouve à 400 mètres de l'établissement.",47.408796,5.0646164,64.0,-0.8154999999999999,-4.061249999999999,3.13025,0.0,15.2
14,Dijon,Hôtel des Ducs,https://www.booking.com/hotel/fr/des-ducs-dijon.fr.html?aid=304142&label=mkt123sc-171ca153-1104-4d32-9276-5e632c781ab5&ucfs=1&arphpl=1&group_adults=2&req_adults=2&no_rooms=1&group_children=0&req_children=0&hpos=5&hapos=5&sr_order=popularity&srpvid=2b1d4060d1c8873c33e479920539fbce&srepoch=1766847844&from=searchresults,47.32170511764295,5.0436533242464066,8.6,2782.0,"L’Hôtel des Ducs se trouve dans le centre historique de Dijon, classé au patrimoine mondial de l’UNESCO, à 50 mètres du palais des ducs. L’établissement se compose d’un bâtiment principal (l’Hôtel des Ducs) et de 2 annexes (la Maison des Ducs située à 150 mètres et l’Hôtel et Résidence des Ducs, à 300 mètres de l'hôtel).

Vous trouverez un bar sur place, et une connexion Wi-Fi est disponible gratuitement. L’Hotel Des Ducs propose un petit-déjeuner buffet tous les matins, et vous pourrez vous détendre avec un verre sur la terrasse.

Les chambres de l’Hotel Des Ducs disposent d’un téléphone, d’une télévision à écran plat et d’une salle de bains privative avec une baignoire ou une douche. Les chambres sont desservies par un ascenseur, et certaines sont climatisées.

L’Hotel Des Ducs se trouve à moins de 50 mètres du musée des beaux-arts, de l’opéra et du quartier commerçant de la ville. La route des vins de Bourgogne est accessible en seulement 10 minutes en voiture.",47.408796,5.0646164,64.0,-0.8154999999999999,-4.061249999999999,3.13025,0.0,15.2
15,Annecy,Le Pélican,https://www.booking.com/hotel/fr/le-pelican-annecy1.fr.html?aid=304142&label=mkt123sc-cd53a9a0-b0fc-4ebb-a864-d2b59aa032ca&ucfs=1&arphpl=1&group_adults=2&req_adults=2&no_rooms=1&group_children=0&req_children=0&hpos=1&hapos=1&sr_order=popularity&srpvid=abb83fe30778f338f18af2ba4ad01978&srepoch=1766847915&from=searchresults,45.897015,6.131543,8.8,4910.0,"L’établissement Le Pélican vous accueille à Annecy, à 37 km de ce lieu d’intérêt : Rochexpo. Il comprend une piscine extérieure ouverte en saison, une terrasse, un restaurant et un parking privé. Cet hôtel 4 étoiles propose un service d'étage, une réception ouverte 24h/24 et une connexion Wi-Fi gratuite. Vous pourrez prendre un verre au bar sur place.

L’établissement propose des hébergements dotés de la climatisation, d’un bureau, d'une machine à café, d'un réfrigérateur, d'un coffre-fort et d'une télévision à écran plat. Ils comprennent également une salle de bains privative pourvue d’une douche. Vous profiterez aussi d’une armoire.

Un petit-déjeuner buffet, continental et sans gluten est servi sur place.

Vous séjournerez à respectivement 38 km et 43 km de ces lieux d’intérêt : Lac du Bourget et Stade de Genève. L'aéroport le plus proche (Aéroport de Chambéry - Savoie) est à 43 km.",45.8782687,6.1700093,64.8,1.0237500000000002,-0.3155,1.7079999999999997,0.0,33.2
15,Annecy,Rivage Hôtel & Spa Annecy,https://www.booking.com/hotel/fr/rivage-amp-spa-annecy.fr.html?aid=304142&label=mkt123sc-cd53a9a0-b0fc-4ebb-a864-d2b59aa032ca&ucfs=1&arphpl=1&group_adults=2&req_adults=2&no_rooms=1&group_children=0&req_children=0&hpos=2&hapos=2&sr_order=popularity&srpvid=abb83fe30778f338f18af2ba4ad01978&srepoch=1766847915&from_sustainable_property_sr=1&from=searchresults,45.905699,6.151953,8.8,2762.0,"Établissement 4 étoiles, le Rivage Hôtel & Spa Annecy vous accueille à Annecy, à 2,1 km du palais de l’Isle et à 2,2 km du château d’Annecy. Cet hôtel est situé près de plusieurs lieux d’intérêt prisés, comme le pont des Amours, à environ 1,7 km, et le centre culturel de Bonlieu, à environ 1,8 km. Vous séjournerez également à proximité d’attractions populaires telles que l’école supérieure d’art, l’hôtel de ville et le palais de justice d’Annecy.

Toutes les chambres de l’hôtel disposent d’une télévision à écran plat. Chaque logement est équipé de la climatisation et certains bénéficient également d’un balcon.

Tous les matins, vous pourrez savourer un petit-déjeuner buffet sur place. L’hôtel possède un restaurant ouvert pour le déjeuner et le dîner, agrémenté d’une terrasse donnant sur le lac d’Annecy.

L’établissement comporte une piscine intérieure, un sauna, un hammam, un bain à remous et une salle de sport accessible gratuitement. Des massages spa et des séances de yoga sont disponibles moyennant des frais supplémentaires.

Vous trouverez 2 parkings privés (intérieur et extérieur) sur place, accessibles moyennant un supplément.

Parlant français et anglais, le personnel de la réception est à votre disposition 24h/24.

Le Rivage Hôtel & Spa Annecy se trouve à 2 km du palais de justice d’Annecy et à 2,1 km de l’église Saint-François. L’aéroport de Chambéry-Savoie-Mont-Blanc est implanté à 37 km.",45.8782687,6.1700093,64.8,1.0237500000000002,-0.3155,1.7079999999999997,0.0,33.2
15,Annecy,Impérial Palace,https://www.booking.com/hotel/fr/imperial-palace.fr.html?aid=304142&label=mkt123sc-cd53a9a0-b0fc-4ebb-a864-d2b59aa032ca&ucfs=1&arphpl=1&group_adults=2&req_adults=2&no_rooms=1&group_children=0&req_children=0&hpos=3&hapos=3&sr_order=popularity&srpvid=abb83fe30778f338f18af2ba4ad01978&srepoch=1766847915&from=searchresults,45.90374698623782,6.144694089889526,8.8,3536.0,"Au cœur des Alpes françaises, l’Impérial Palace est un hôtel 4 étoiles qui se situe au bord du lac d’Annecy, à 1,6 kilomètre du centre d’Annecy. Des hébergements climatisés, un spa et un casino sont proposés. Une connexion Wi-Fi est disponible gratuitement.

Les chambres de L’Imperial Palace comportent un minibar ainsi qu’une télévision par satellite à écran plat. La plupart d’entre elles disposent également d’un balcon offrant une vue imprenable sur le lac et les montagnes environnantes ou sur le parc. Un plateau de courtoisie avec du thé est à votre disposition dans chaque chambre.

Les repas sont servis sur une terrasse ombragée surplombant le lac. L’Impérial Palace possède aussi un restaurant informel, La Brasserie, un bar et un salon où vous pourrez savourer des pâtisseries faites maison, des collations et un petit-déjeuner buffet complet.

Un spa de 600 m² est à votre disposition sur place. Vous y trouverez une piscine, une douche sensorielle, un sauna, un hammam, une fontaine de glace, une baignoire d’hydromassage et des salles de soins privées. 

Un parking est disponible gratuitement sur place. Cet établissement est équipé de bornes de recharge pour les voitures électriques. L’hôtel se situe à 40 km de l’aéroport international de Genève et à 1,5 km de la gare d’Annecy. Le château d’Annecy se trouve à 2 km.",45.8782687,6.1700093,64.8,1.0237500000000002,-0.3155,1.7079999999999997,0.0,33.2
15,Annecy,Hôtel du Palais de l'Isle,https://www.booking.com/hotel/fr/du-palais-de-l-isle-annecy.fr.html?aid=304142&label=mkt123sc-cd53a9a0-b0fc-4ebb-a864-d2b59aa032ca&ucfs=1&arphpl=1&group_adults=2&req_adults=2&no_rooms=1&group_children=0&req_children=0&hpos=4&hapos=4&sr_order=popularity&srpvid=abb83fe30778f338f18af2ba4ad01978&srepoch=1766847915&from_sustainable_property_sr=1&from=searchresults,45.89819586381138,6.127482354640961,8.0,2164.0,"L’hôtel du Palais de l’Isle est situé au cœur d’Annecy, à quelques pas du château. Il propose des chambres décorées de manière unique donnant sur les canaux, le château médiéval ou la ville.

Toutes les chambres climatisées sont aménagées dans un bâtiment datant du XVIIIe siècle. Elles disposent d’une télévision par satellite, d’une connexion Wi-Fi et d’une salle de bains privative.

L’établissement sert un petit-déjeuner buffet quotidien. De plus, vous pourrez vous détendre autour d’un verre au bar. Vous pourrez également acheter des pots de collations.

L’hôtel du Palais de l’Isle se trouve à quelques minutes à pied du lac d’Annecy et de la cathédrale. Enfin, vous bénéficierez de réductions dans les 3 parkings publics accessibles à proximité.",45.8782687,6.1700093,64.8,1.0237500000000002,-0.3155,1.7079999999999997,0.0,33.2
15,Annecy,La Cour du 6,https://www.booking.com/hotel/fr/la-cour-du-6.fr.html?aid=304142&label=mkt123sc-cd53a9a0-b0fc-4ebb-a864-d2b59aa032ca&ucfs=1&arphpl=1&group_adults=2&req_adults=2&no_rooms=1&group_children=0&req_children=0&hpos=5&hapos=5&sr_order=popularity&srpvid=abb83fe30778f338f18af2ba4ad01978&srepoch=1766847915&from=searchresults,45.9008888080724,6.12481487298164,9.1,222.0,"L’établissement La Cour du 6 vous accueille dans le centre de Annecy, à respectivement 35 km et 36 km de ces lieux d’intérêt : Rochexpo et Lac du Bourget. Cet hôtel 3 étoiles propose un restaurant ainsi que des hébergements dotés de la climatisation et d’une salle de bains privative. Cet établissement non-fumeurs se trouve à 41 km de : Stade de Genève.

Les hébergements comportent un bureau et une télévision à écran plat. Les hébergements disposent d'une douche, et certains comprennent également un coin salon. Des serviettes et du linge de lit sont fournis.

Un petit-déjeuner anglais/irlandais complet est servi sur place.

Parlant anglais, espagnol et français, le personnel de la réception pourra vous aider à planifier votre séjour.

Vous séjournerez à respectivement 45 km et 45 km de ces lieux d’intérêt : Gare de Cornavin et Jet d'eau de Genève. L'aéroport le plus proche (Aéroport de Chambéry - Savoie) est à 42 km.",45.8782687,6.1700093,64.8,1.0237500000000002,-0.3155,1.7079999999999997,0.0,33.2
16,Grenoble,Le Palma - Centre Ville,https://www.booking.com/hotel/fr/le-palma-centre-ville.fr.html?aid=304142&label=mkt123sc-657be5b1-0bca-48a6-ac27-baa063874891&ucfs=1&arphpl=1&group_adults=2&req_adults=2&no_rooms=1&group_children=0&req_children=0&hpos=1&hapos=1&sr_order=popularity&srpvid=8afe7dde8648b088fc2a6fe17c45fa0c&srepoch=1766847980&from=searchresults,45.1911402,5.7333522,,,"L’hébergement Le Palma - Centre Ville se trouve à Grenoble, à respectivement 2,8 km, 5 km et 1 km de ces lieux d’intérêt : World Trade Center Grenoble, Alpexpo et Stade des ALpes. Cet hébergement est installé à 1,7 km de : Gare de Grenoble. Il propose une connexion Wi-Fi gratuite et un service de concierge.

Cet appartement comporte 1 chambre, une cuisine avec un réfrigérateur et un micro-ondes, ainsi que 1 salle de bains avec une douche et un sèche-cheveux. Cet hébergement met à votre disposition des serviettes et du linge de lit.

Vous séjournerez à respectivement 1,9 km et 5,4 km de ces lieux d’intérêt : La Bastille de Grenoble et Summum. L'aéroport le plus proche (Aéroport de Grenoble-Alpes-Isère) est à 47 km.",45.0940786,5.697198,64.4,3.125,1.4025,1.9292500000000001,0.0,33.35
16,Grenoble,Le Second Verderet,https://www.booking.com/hotel/fr/le-second-verderet.fr.html?aid=304142&label=mkt123sc-657be5b1-0bca-48a6-ac27-baa063874891&ucfs=1&arphpl=1&group_adults=2&req_adults=2&no_rooms=1&group_children=0&req_children=0&hpos=2&hapos=2&sr_order=popularity&srpvid=8afe7dde8648b088fc2a6fe17c45fa0c&srepoch=1766847980&from=searchresults,45.170228,5.7405784,,,"Proposant une terrasse bien exposée et un service de concierge, l’hébergement Le Second Verderet est idéalement placé à Grenoble, à respectivement 2,4 km et 3,6 km de ces lieux d’intérêt : Alpexpo et Gare de Grenoble. Cet appartement est à respectivement 4,2 km et 2,2 km de : World Trade Center Grenoble et Summum.

Cet appartement comporte 4 chambres, 2 salles de bains, du linge de lit, des serviettes, une télévision à écran plat, un coin repas, une cuisine entièrement équipée et un balcon offrant une vue sur la montagne.

Vous séjournerez à respectivement 2,5 km et 6,2 km de ces lieux d’intérêt : Stade des ALpes et La Bastille de Grenoble.",45.0940786,5.697198,64.4,3.125,1.4025,1.9292500000000001,0.0,33.35
16,Grenoble,Hôtel Terminus,https://www.booking.com/hotel/fr/hotelterminus.fr.html?aid=304142&label=mkt123sc-657be5b1-0bca-48a6-ac27-baa063874891&ucfs=1&arphpl=1&group_adults=2&req_adults=2&no_rooms=1&group_children=0&req_children=0&hpos=3&hapos=3&sr_order=popularity&srpvid=8afe7dde8648b088fc2a6fe17c45fa0c&srepoch=1766847980&from=searchresults,45.1910782561633,5.715598315000534,8.6,932.0,"Situé à Grenoble, l'Hôtel Terminus se trouve en face des gares routière et SNCF. Il propose des chambres climatisées et insonorisées avec télévision par satellite et connexion Wi-Fi gratuite.

L'Hôtel Terminus Hotel propose une réception ouverte 24h/24 et un service de change.

Le Terminus se trouve à 5 minutes du World Trade Centre et à 1 km de l'autoroute A48, qui vous permettra de rejoindre facilement Lyon et Genève.

Vous pourrez profiter des services de location de vélos et de voitures de l'hôtel pour explorer Grenoble et la région Rhône-Alpes.",45.0940786,5.697198,64.4,3.125,1.4025,1.9292500000000001,0.0,33.35
16,Grenoble,Campanile Grenoble Centre Gare,https://www.booking.com/hotel/fr/campanile-grenoble-centre-gare.fr.html?aid=304142&label=mkt123sc-657be5b1-0bca-48a6-ac27-baa063874891&ucfs=1&arphpl=1&group_adults=2&req_adults=2&no_rooms=1&group_children=0&req_children=0&hpos=4&hapos=4&sr_order=popularity&srpvid=8afe7dde8648b088fc2a6fe17c45fa0c&srepoch=1766847980&from=searchresults,45.19051920530674,5.716019421815872,7.4,1542.0,"Le Campanile Grenoble Centre Gare est situé à proximité d’une rue piétonne et commerçante dans le centre-ville de Grenoble. Il propose des chambres avec salle de bains privative et connexion Wi-Fi gratuite. La gare se trouve à 250 mètres.

À proximité de la gare routière et de ses fréquents départs de navettes vers les stations de ski (300 m). Tramway direct jusqu’à Alpexpo (parc événementiel de Grenoble).

Dotées de fenêtres à double vitrage, toutes les chambres du Campanile Grenoble Centre Gare comprennent une salle de bains privative et une télévision connectée à écran LCD avec des chaînes internationales. Un sèche-cheveux est disponible à la réception ouverte 24h/24.

Un petit-déjeuner buffet est servi chaque matin dans la salle climatisée prévue à cet effet. Le musée de Grenoble est à 1,5 km de l'hôtel, et la cathédrale est accessible en 20 minutes de marche.

Vous séjournerez à 1 km du téléphérique de Grenoble-Bastille et à 2,5 km du Palais des sports. Vous trouverez un arrêt de tramway à 40 mètres, tandis que l'aéroport de Grenoble-Alpes-Isère est accessible à 35 minutes de route. Un parking public payant est disponible à environ 200 mètres de l'hôtel.",45.0940786,5.697198,64.4,3.125,1.4025,1.9292500000000001,0.0,33.35
16,Grenoble,RockyPop Grenoble Hotel,https://www.booking.com/hotel/fr/rockypop-grenoble.fr.html?aid=304142&label=mkt123sc-657be5b1-0bca-48a6-ac27-baa063874891&ucfs=1&arphpl=1&group_adults=2&req_adults=2&no_rooms=1&group_children=0&req_children=0&hpos=5&hapos=5&sr_order=popularity&srpvid=8afe7dde8648b088fc2a6fe17c45fa0c&srepoch=1766847980&from=searchresults,45.186911,5.731293,8.5,3952.0,"Hébergements Confortables: L’établissement RockyPop Grenoble Hotel à Grenoble propose des chambres familiales climatisées avec salles de bains privatives et équipements modernes. Chaque chambre est équipée d'un bureau, d'articles de toilette gratuits et offre un environnement insonorisé.

Installations Exceptionnelles: Vous pourrez profiter d'un sauna, d'un centre de fitness et d'un magnifique jardin. La terrasse offre un espace extérieur relaxant, tandis que le restaurant et le bar proposent d'excellentes options de restauration. Le Wi-Fi gratuit est disponible dans tout l'établissement.

Petit-Déjeuner Délicieux: Une variété d'options de petit-déjeuner est proposée, incluant des formules continentale, américaine, buffet, complète anglaise/irlandaise, végétarienne, végétalienne et sans gluten. Des viennoiseries fraîches, des plats chauds, des jus et des fruits enrichissent l'expérience matinale.

Emplacement Idéal: Situé à 48 km de l'aéroport Alpes–Isère, l'hôtel est à quelques pas de la gare de Grenoble et à proximité d'attractions telles que le Stade des Alpes et le World Trade Center. Des sports d'hiver et une patinoire se trouvent à proximité. Très bien noté pour son bar, son restaurant et son petit-déjeuner.",45.0940786,5.697198,64.4,3.125,1.4025,1.9292500000000001,0.0,33.35
17,Lyon,Le Garnier - Lyon 7 avec Balcon & Parking Inclus,https://www.booking.com/hotel/fr/le-garnier-grand-balcon-place-de-parking.fr.html?aid=304142&label=mkt123sc-4c9b51a4-822d-4ae5-b011-ae9a2ada419b&ucfs=1&arphpl=1&group_adults=2&req_adults=2&no_rooms=1&group_children=0&req_children=0&hpos=1&hapos=1&sr_order=popularity&srpvid=52f2862031c4570a49e81855f81af6e5&srepoch=1766848167&from=searchresults,45.7339679,4.8235355,8.2,11.0,"L’hébergement Le Garnier - Lyon 7 avec Balcon & Parking Inclus se situe à Lyon, à respectivement 3,5 km, 4,6 km et 5,1 km de ces lieux d’intérêt : Gare de Lyon-Perrache, Musée Miniature et Cinéma et Musée des Beaux-Arts de Lyon. Il propose un balcon et une connexion Wi-Fi gratuite. Cet hébergement est installé à 700 mètres de : Musée des Confluences. Il possède une terrasse et un parking privé gratuit.

Cet appartement compte 2 chambres, un salon comportant une télévision à écran plat avec les chaînes du câble, une cuisine entièrement équipée avec un réfrigérateur et un lave-vaisselle, ainsi que 1 salle de bains avec une baignoire. Cet hébergement met à votre disposition des serviettes et du linge de lit.

Vous séjournerez à respectivement 5,2 km et 5,8 km de ces lieux d’intérêt : Théâtre antique de Fourvière et Basilique Notre-Dame de Fourvière. L'aéroport le plus proche (Aéroport de Lyon - Saint-Exupéry) est à 28 km.",45.6963425,4.735948,66.8,0.4535,-1.1164999999999998,1.827,0.0,13.675
17,Lyon,"Radisson Blu Hotel, Lyon",https://www.booking.com/hotel/fr/radisson-blu-hotel-lyon.fr.html?aid=304142&label=mkt123sc-4c9b51a4-822d-4ae5-b011-ae9a2ada419b&ucfs=1&arphpl=1&group_adults=2&req_adults=2&no_rooms=1&group_children=0&req_children=0&hpos=2&hapos=2&sr_order=popularity&srpvid=52f2862031c4570a49e81855f81af6e5&srepoch=1766848167&from_sustainable_property_sr=1&from=searchresults,45.7610637851169,4.855152368545532,8.1,5867.0,"Le Radisson Blu Hotel, Lyon est situé à Lyon, à 300 mètres de la gare Part-Dieu. Il possède un bar-restaurant offrant une vue panoramique sur Lyon depuis le 32e étage de l’emblématique tour Part-Dieu. Il propose une salle de sport et une connexion Wi-Fi gratuite dans l'ensemble de ses locaux. Un parking privé est accessible sur place, moyennant des frais supplémentaires.

Toutes les chambres sont climatisées et offrent une vue panoramique sur Lyon. Elles disposent d’une salle de bains privative et d’un coffre-fort pour ordinateur portable. Leur coin salon est doté d’une télévision à écran plat.

Un petit-déjeuner buffet est servi chaque matin au bar-restaurant Celest. Vous pourrez savourer une cuisine internationale et créative pour le déjeuner ou le dîner. Vous pourrez également accéder à l'épicerie du restaurant tout au long de la journée.

Le centre commercial de la Part-Dieu est à 100 mètres, tandis qu’une station de métro se trouve à 200 mètres. Les autoroutes A6, A7, A42 et A43 sont toutes accessibles en moins de 20 minutes en voiture. L’aéroport de Lyon-Saint-Exupéry, le plus proche, est distant de 27 km.

Un parking privé est à votre disposition sur place, moyennant des frais supplémentaires et sous réserve de disponibilité.",45.6963425,4.735948,66.8,0.4535,-1.1164999999999998,1.827,0.0,13.675
17,Lyon,OKKO Hotels Lyon Centre,https://www.booking.com/hotel/fr/okko-hotels-lyon-pont-lafayette.fr.html?aid=304142&label=mkt123sc-4c9b51a4-822d-4ae5-b011-ae9a2ada419b&ucfs=1&arphpl=1&group_adults=2&req_adults=2&no_rooms=1&group_children=0&req_children=0&hpos=3&hapos=3&sr_order=popularity&srpvid=52f2862031c4570a49e81855f81af6e5&srepoch=1766848167&from=searchresults,45.76453599718948,4.841808367459066,8.6,1720.0,"L’OKKO Hotels Lyon Centre propose des hébergements climatisés à 10 minutes de marche de la place des Terreaux et de l’opéra de Lyon. Vous pourrez rejoindre la Presqu’île en 5 minutes à pied. Une connexion Wi-Fi est disponible gratuitement dans l’ensemble de l’établissement. L’établissement est situé sur les rives du Rhône, où vous trouverez plusieurs bars et restaurants. Le musée des Beaux-Arts de Lyon est accessible en 12 minutes à pied.

Toutes les chambres disposent d'une machine à café Nespresso et d'une télévision à écran plat. Les salles de bains sont pourvues d’une douche et un sèche-cheveux.

Un petit-déjeuner buffet est proposé tous les matins. Des jus de fruits frais, du thé Palais des Cadres, du café et des collations sont également disponibles gratuitement tout au long de la journée dans le salon. En soirée, vous pourrez déguster une assiette de fromage ou de charcuterie (un plat végétalien est disponible sur demande). Vous trouverez également un bar et un restaurant sur place.

Vous aurez accès à un salon club commun avec une bibliothèque et une sélection de journaux. L’établissement possède une salle de sport accessible gratuitement et une boutique de souvenirs vendant des produits locaux.",45.6963425,4.735948,66.8,0.4535,-1.1164999999999998,1.827,0.0,13.675
17,Lyon,Campanile Lyon Centre - Berges du Rhône,https://www.booking.com/hotel/fr/bleumarinelyoncentre.fr.html?aid=304142&label=mkt123sc-4c9b51a4-822d-4ae5-b011-ae9a2ada419b&ucfs=1&arphpl=1&group_adults=2&req_adults=2&no_rooms=1&group_children=0&req_children=0&hpos=4&hapos=4&sr_order=popularity&srpvid=52f2862031c4570a49e81855f81af6e5&srepoch=1766848167&from=searchresults,45.756699862193926,4.841953217983246,7.6,4688.0,"Le Campanile Lyon Centre - Berges du Rhône propose une connexion Wi-Fi gratuite. Il se situe à seulement 2 minutes à pied de la station de métro Guillotière et à 8 minutes en voiture de la gare de la Part-Dieu.

Réparties sur 8 étages, les chambres du Campanile sont décorées avec simplicité et disposent de la climatisation. Veuillez noter que seule la télévision du bar diffuse les chaînes satellite et Canal+. La salle de bains privative est équipée d'une baignoire ou d'une douche et d'un sèche-cheveux. Quatre des chambres sont adaptées aux personnes à mobilité réduite.

Tous les matins, vous pourrez savourer un petit-déjeuner buffet à l’hôtel. Il vous fera profiter d'une réception ouverte 24h/24, de 2 salles de réunion et d'un service d'enregistrement rapide. Des journaux sont disponibles gratuitement.

Cet hôtel se trouve à 15 minutes de marche de la place Bellecour et de la rue de la République, la rue commerçante principale de Lyon. Vous pourrez rejoindre les autoroutes A6 et A7 en 5 minutes de route.",45.6963425,4.735948,66.8,0.4535,-1.1164999999999998,1.827,0.0,13.675
17,Lyon,Pullman Lyon,https://www.booking.com/hotel/fr/pullman-lyon.fr.html?aid=304142&label=mkt123sc-4c9b51a4-822d-4ae5-b011-ae9a2ada419b&ucfs=1&arphpl=1&group_adults=2&req_adults=2&no_rooms=1&group_children=0&req_children=0&hpos=5&hapos=5&sr_order=popularity&srpvid=52f2862031c4570a49e81855f81af6e5&srepoch=1766848167&from_sustainable_property_sr=1&from=searchresults,45.760402581312896,4.85792056375427,9.1,3846.0,"L’établissement Pullman Lyon vous accueille à Lyon, à 200 mètres de ce lieu d’intérêt : Gare de Lyon-Part-Dieu. Il comprend un service de concierge, une terrasse, un restaurant, des hébergements non-fumeurs, ainsi qu'une connexion Wi-Fi gratuite dans l’ensemble de ses locaux. Cet hôtel 4 étoiles propose un service d'étage et une réception ouverte 24h/24. Vous pourrez profiter d'un bar.

Les hébergements possèdent un bureau, une télévision à écran plat, une salle de bains privative, du linge de lit et des serviettes. Vous bénéficierez d'un coffre-fort. Certains hébergements possèdent également un balcon. Vous profiterez aussi d’une armoire.

Un petit-déjeuner buffet, continental ou américain est servi sur place.

Vous séjournerez à respectivement 2,8 km et 3,1 km de ces lieux d’intérêt : Musée des Beaux-Arts de Lyon et Musée Miniature et Cinéma. L'aéroport le plus proche (Aéroport de Lyon - Saint-Exupéry) est à 32 km.",45.6963425,4.735948,66.8,0.4535,-1.1164999999999998,1.827,0.0,13.675
18,Gorges du Verdon,L'Arc en Ciel,https://www.booking.com/hotel/fr/studio-arc-en-ciel.fr.html?aid=304142&label=mkt123sc-96b022a8-4166-4a6b-ab73-689178406ea9&ucfs=1&arphpl=1&group_adults=2&req_adults=2&no_rooms=1&group_children=0&req_children=0&hpos=1&hapos=1&sr_order=popularity&srpvid=28b6859a4c9dd5219d2249f2ed7f4079&srepoch=1766848237&from=searchresults,43.7566318,5.8774553,9.1,118.0,"L’établissement L'Arc en Ciel se situe à 17 km de ce lieu d’intérêt : Agence ITER de Cadarache. Il possède une connexion Wi-Fi gratuite et un parking privé gratuit.

Les hébergements sont dotés d’une terrasse et d’une télévision à écran plat. Leur salle de bains privative comprend une douche. Un réfrigérateur, un four et un micro-ondes sont également à disposition dans la cuisine, de même qu’une machine à café.

Vous séjournerez à 23 km de ce lieu d’intérêt : Golf du Luberon. L'aéroport le plus proche (Aéroport de Marseille Provence) est à 80 km.",43.7496562,6.3285616,65.8,2.74375,1.369,1.67075,0.006,24.75
18,Gorges du Verdon,Résidence Lou Cigaloun - ANA LOCATION,https://www.booking.com/hotel/fr/residence-lou-cigaloun-greoux-les-bains.fr.html?aid=304142&label=mkt123sc-96b022a8-4166-4a6b-ab73-689178406ea9&ucfs=1&arphpl=1&group_adults=2&req_adults=2&no_rooms=1&group_children=0&req_children=0&hpos=2&hapos=2&sr_order=popularity&srpvid=28b6859a4c9dd5219d2249f2ed7f4079&srepoch=1766848237&from=searchresults,43.7562956,5.8805006,9.2,150.0,"L’établissement Résidence Lou Cigaloun - ANA LOCATION vous accueille à Gréoux-les-Bains (Provence-Alpes-Côte d'Azur), à 18 km de ce lieu d’intérêt : Agence ITER de Cadarache. Il comprend une connexion Wi-Fi gratuite, un barbecue, un jardin et un parking privé gratuit.

Chaque hébergement possède une terrasse, un coin repas et une télévision à écran plat. Vous bénéficierez également d’une cuisine comprenant un réfrigérateur, ainsi que d’une salle de bains privative comportant une douche et un sèche-cheveux. Un four, un micro-ondes et une plaque de cuisson sont également à votre disposition, de même qu’une machine à café et une bouilloire.

Si vous souhaitez découvrir la région, vous aurez la possibilité de pratiquer la randonnée, la pêche et le vélo dans les environs.

Vous séjournerez à 22 km de ce lieu d’intérêt : Golf du Luberon. L'aéroport le plus proche (Aéroport de Marseille Provence) est à 80 km.",43.7496562,6.3285616,65.8,2.74375,1.369,1.67075,0.006,24.75
18,Gorges du Verdon,Les cabanes de Bourras,https://www.booking.com/hotel/fr/camping-a-la-ferme-de-bourras.fr.html?aid=304142&label=mkt123sc-96b022a8-4166-4a6b-ab73-689178406ea9&ucfs=1&arphpl=1&group_adults=2&req_adults=2&no_rooms=1&group_children=0&req_children=0&hpos=3&hapos=3&sr_order=popularity&srpvid=28b6859a4c9dd5219d2249f2ed7f4079&srepoch=1766848237&from=searchresults,43.78303283991297,6.349468762055039,9.1,236.0,"Offrant une vue sur la montagne, l’établissement Les cabanes de Bourras comprend une connexion Wi-Fi gratuite et un parking privé gratuit. Il se trouve à La Palud-sur-Verdon, à 44 km de ce lieu d’intérêt : Golf du Château de Taulane.

Dotés d’une terrasse avec vue sur la ville, tous les hébergements possèdent une cuisine comprenant un réfrigérateur et un four. Leur salle de bains privative comporte une douche. Tous les logements sont dotés de la climatisation, ainsi que d’un coin salon et/ou repas.

Si vous souhaitez découvrir la région, vous aurez la possibilité de pratiquer le vélo dans les environs.

L'aéroport le plus proche (Aéroport de Nice-Côte d'Azur) est à 108 km.",43.7496562,6.3285616,65.8,2.74375,1.369,1.67075,0.006,24.75
18,Gorges du Verdon,Camping White Rock,https://www.booking.com/hotel/fr/les-framboiseilles.fr.html?aid=304142&label=mkt123sc-96b022a8-4166-4a6b-ab73-689178406ea9&ucfs=1&arphpl=1&group_adults=2&req_adults=2&no_rooms=1&group_children=0&req_children=0&hpos=4&hapos=4&sr_order=popularity&srpvid=28b6859a4c9dd5219d2249f2ed7f4079&srepoch=1766848237&from=searchresults,43.842648489313184,6.5345048904418945,8.9,255.0,"Hébergements Confortables: L'établissement Camping White Rock à La Lagne propose des chambres familiales avec salles de bains privatives, équipées d'équipements modernes tels qu'une cuisine, un lave-linge et une télévision. Chaque chambre dispose d'un coin repas et offre une vue sur le jardin.

Loisirs en Plein Air: Vous pourrez profiter d'une terrasse ensoleillée, d'un jardin et d'une aire de jeux extérieure. La propriété comprend également une aire de pique-nique et une aire de jeux pour enfants, idéales pour la détente et le divertissement.

Équipements Pratiques: Le Wi-Fi gratuit est disponible dans tout le camping. Les équipements supplémentaires incluent un lave-linge, une douche et des vues sur la montagne. Un parking privé gratuit sur place assure un accès facile pour tous les visiteurs.

Attractions Locales: Situé à 82 km de l'aéroport Nice Côte d'Azur et à 17 km du Golf du Château de Taulane, le camping offre un accès facile aux lacs locaux et aux sentiers de randonnée. Il est très apprécié pour ses paysages pittoresques et ses activités centrées sur la nature.",43.7496562,6.3285616,65.8,2.74375,1.369,1.67075,0.006,24.75
18,Gorges du Verdon,L'Establoun,https://www.booking.com/hotel/fr/l-39-establoun.fr.html?aid=304142&label=mkt123sc-96b022a8-4166-4a6b-ab73-689178406ea9&ucfs=1&arphpl=1&group_adults=2&req_adults=2&no_rooms=1&group_children=0&req_children=0&hpos=5&hapos=5&sr_order=popularity&srpvid=28b6859a4c9dd5219d2249f2ed7f4079&srepoch=1766848237&from=searchresults,43.76942015394839,5.951501316247914,9.6,16.0,"L’hébergement L'Establoun se trouve à Saint-Martin-de-Brômes, à respectivement 24 km et 28 km de ces lieux d’intérêt : Agence ITER de Cadarache et Golf du Luberon. Il propose une connexion Wi-Fi gratuite, la climatisation, une piscine extérieure ouverte en saison et une terrasse. Cet hébergement met à votre disposition une piscine privée et un parking privé gratuit.

Cet appartement comprend une télévision à écran plat par satellite. La cuisine est pourvue d’un réfrigérateur, d’un four et d’un micro-ondes. Elle est également dotée d’une machine à café et d’une bouilloire.

Si vous souhaitez découvrir la région, vous aurez la possibilité de pratiquer la randonnée dans les environs.

Vous séjournerez à 49 km de ce lieu d’intérêt : Golf de Digne-les-Bains. L'aéroport le plus proche (Aéroport de Marseille Provence) est à 96 km.",43.7496562,6.3285616,65.8,2.74375,1.369,1.67075,0.006,24.75
19,Bormes les Mimosas,La Recampado,https://www.booking.com/hotel/fr/la-recampado-bormes-les-mimosas.fr.html?aid=304142&label=mkt123sc-b6a7fdf6-ac2b-4387-901a-cb29dd5cb53c&ucfs=1&arphpl=1&group_adults=2&req_adults=2&no_rooms=1&group_children=0&req_children=0&hpos=1&hapos=1&sr_order=popularity&srpvid=73f46d73520963d759fb5af0e89b0fc6&srepoch=1766848302&from=searchresults,43.150971,6.342117,9.7,61.0,"L’hébergement La Recampado se trouve à Bormes-les-Mimosas, à respectivement 29 km et 29 km de ces lieux d’intérêt : Chateau de Grimaud et Le Pont des Fées. Il propose des équipements tels qu’une connexion Wi-Fi gratuite et une télévision à écran plat. Cette maison de vacances est à respectivement 39 km et 40 km de : Gare de Toulon et Zénith Oméga de Toulon.

Cette maison de vacances avec climatisation se compose de 1 chambre, d'un salon, d'une cuisine entièrement équipée avec un réfrigérateur et une machine à café, ainsi que de 1 salle de bains avec une douche et un bain à remous. Cet hébergement met à votre disposition des serviettes et du linge de lit.

L’établissement La Recampado sert un petit-déjeuner à la carte ou continental.

Cet établissement 4 étoiles dispose d’un bain à remous.

Vous séjournerez à respectivement 4,8 km et 22 km de ces lieux d’intérêt : La Favière et Villa Noailles Art Centre. L'aéroport le plus proche (Aéroport de Toulon - Hyères) est à 21 km.",43.1506968,6.3419285,66.8,8.816500000000001,7.20275,2.9837499999999997,0.06999999999999999,30.05
19,Bormes les Mimosas,Hostellerie du Cigalou,https://www.booking.com/hotel/fr/hostellerie-du-cigalou.fr.html?aid=304142&label=mkt123sc-b6a7fdf6-ac2b-4387-901a-cb29dd5cb53c&ucfs=1&arphpl=1&group_adults=2&req_adults=2&no_rooms=1&group_children=0&req_children=0&hpos=2&hapos=2&sr_order=popularity&srpvid=73f46d73520963d759fb5af0e89b0fc6&srepoch=1766848302&from=searchresults,43.1519579,6.343283499999984,8.6,282.0,"Cet hôtel 3 étoiles est situé dans le village médiéval de Bormes-les-Mimosas, à seulement 25 minutes de route de Toulon. Doté d'une piscine extérieure entourée de mimosas, il dispose de chambres présentant chacune leur propre décoration.

Les chambres et les suites de l'Hostellerie du Cigalou comprennent également une télévision à écran LCD et une salle de bains privative. Elles sont climatisées et un minibar peut y être ajouté sur demande.

Le petit-déjeuner buffet peut être servi dans la salle à manger ou sur la terrasse commune. L'établissement comporte également un bar-restaurant sur place qui propose des spécialités provençales et des cocktails.

Vous pourrez profiter gratuitement d'une connexion Wi-Fi dans les parties communes ainsi que d'un parking se trouvant à proximité de l'hôtel. Comptant parmi les passages obligés dans la région à visiter, les villes d'Hyères et de Saint-Tropez sont toutes deux situées à moins de 30 km.",43.1506968,6.3419285,66.8,8.816500000000001,7.20275,2.9837499999999997,0.06999999999999999,30.05
19,Bormes les Mimosas,Eden Rose Grand Hotel BW Premier Collection,https://www.booking.com/hotel/fr/eden-rose-grand-bw-premier-collection.fr.html?aid=304142&label=mkt123sc-b6a7fdf6-ac2b-4387-901a-cb29dd5cb53c&ucfs=1&arphpl=1&group_adults=2&req_adults=2&no_rooms=1&group_children=0&req_children=0&hpos=3&hapos=3&sr_order=popularity&srpvid=73f46d73520963d759fb5af0e89b0fc6&srepoch=1766848302&from_sustainable_property_sr=1&from=searchresults,43.152872,6.342654,8.9,298.0,"L’établissement Eden Rose Grand Hotel BW Premier Collection se situe à Bormes-les-Mimosas, à 29 km de ce lieu d’intérêt : Chateau de Grimaud. Il possède une piscine extérieure ouverte en saison, un jardin, une terrasse et un parking privé. De nombreux équipements et services sont fournis sur place, notamment un restaurant, un service d'étage, une réception ouverte 24h/24 et une connexion Wi-Fi gratuite disponible dans l'ensemble des locaux. Vous pourrez prendre un verre au bar sur place.

Vous bénéficierez de la climatisation. Certains hébergements comprennent également un balcon. Vous profiterez aussi d’un coffre-fort.

Un petit-déjeuner buffet, continental et américain est servi sur place.

Vous séjournerez à respectivement 29 km et 40 km de ces lieux d’intérêt : Le Pont des Fées et Gare de Toulon. L'aéroport le plus proche (Aéroport de Toulon - Hyères) est à 22 km.",43.1506968,6.3419285,66.8,8.816500000000001,7.20275,2.9837499999999997,0.06999999999999999,30.05
19,Bormes les Mimosas,Les Bastides du Haut Para,https://www.booking.com/hotel/fr/les-bastides-du-haut-para.fr.html?aid=304142&label=mkt123sc-b6a7fdf6-ac2b-4387-901a-cb29dd5cb53c&ucfs=1&arphpl=1&group_adults=2&req_adults=2&no_rooms=1&group_children=0&req_children=0&hpos=4&hapos=4&sr_order=popularity&srpvid=73f46d73520963d759fb5af0e89b0fc6&srepoch=1766848302&from=searchresults,43.1459508,6.3259902,9.0,2.0,"Situé à Bormes-les-Mimosas, l’hébergement Les Bastides du Haut Para offre une vue sur la piscine. Il propose une piscine extérieure, un jardin, une terrasse et une connexion Wi-Fi gratuite. Cette maison de vacances 4 étoiles possède un parking privé gratuit et est à 30 km de : Chateau de Grimaud.

Cette maison de vacances avec climatisation se compose de 2 chambres, d'un salon, d'une cuisine entièrement équipée avec un réfrigérateur et une machine à café, ainsi que de 2 salles de bains avec une douche et des articles de toilette gratuits. Une télévision à écran plat est disponible.

Vous séjournerez à respectivement 30 km et 36 km de ces lieux d’intérêt : Le Pont des Fées et Gare de Toulon. L'aéroport le plus proche (Aéroport de Toulon - Hyères) est à 18 km.",43.1506968,6.3419285,66.8,8.816500000000001,7.20275,2.9837499999999997,0.06999999999999999,30.05
19,Bormes les Mimosas,"Vue mer, Piscine - Appartement Cosy Place",https://www.booking.com/hotel/fr/vue-mer-piscine-appartement-cosy-place.fr.html?aid=304142&label=mkt123sc-b6a7fdf6-ac2b-4387-901a-cb29dd5cb53c&ucfs=1&arphpl=1&group_adults=2&req_adults=2&no_rooms=1&group_children=0&req_children=0&hpos=5&hapos=5&sr_order=popularity&srpvid=73f46d73520963d759fb5af0e89b0fc6&srepoch=1766848302&from=searchresults,43.145294,6.33369,10.0,3.0,"Situé à Bormes-les-Mimosas, l’hébergement Vue mer, Piscine - Appartement Cosy Place offre une vue sur le jardin. Il possède une piscine extérieure ouverte en saison, une terrasse et une connexion Wi-Fi gratuite. Cet appartement comprend une piscine privée, un jardin et un parking privé gratuit.

Cet appartement avec climatisation comporte 2 chambres, une télévision à écran plat, ainsi qu’une cuisine avec un réfrigérateur et un lave-vaisselle. Des serviettes et du linge de lit sont à disposition.

Vous séjournerez à respectivement 32 km et 32 km de ces lieux d’intérêt : Chateau de Grimaud et Le Pont des Fées. L'aéroport le plus proche (Aéroport de Toulon - Hyères) est à 20 km.",43.1506968,6.3419285,66.8,8.816500000000001,7.20275,2.9837499999999997,0.06999999999999999,30.05
20,Cassis,Hôtel Particulier Cassis - HPC Suites Cassis Centre - Parking Securisé & Piscine Chauffée,https://www.booking.com/hotel/fr/hpc-suites.fr.html?aid=304142&label=mkt123sc-7994c629-9594-4886-a75c-4bf0090f021d&ucfs=1&arphpl=1&group_adults=2&req_adults=2&no_rooms=1&group_children=0&req_children=0&hpos=1&hapos=1&sr_order=popularity&srpvid=e3557d813118db62074c49aa911d114e&srepoch=1766848367&from=searchresults,43.216440236856805,5.541745724536895,9.1,787.0,"Doté d’une piscine extérieure commune avec terrasse et vue sur la mer, le Hôtel Particulier Cassis - HPC Suites Cassis Centre - Parking Securisé & Piscine Chauffée est situé dans un parc de 4 000 mètres carrés dans le centre de Cassis. Vous séjournerez à 16 km de Marseille et à 10 minutes à pied de la plage. Un parking privé gratuit est disponible sur place.

L’établissement a été entièrement rénové en 2019. Tous les logements disposent d'une terrasse, d’un coin repas et d’un coin salon avec une télévision à écran plat. Vous profiterez d’une cuisine équipée d’un four et d’un micro-ondes. Vous disposerez en outre d’un grille-pain, d’un réfrigérateur, d’une machine à café et de plaques de cuisson. Le Hôtel Particulier Cassis - HPC Suites Cassis Centre - Parking Securisé & Piscine Chauffée propose une connexion Wi-Fi gratuite dans l’ensemble de ses locaux. Les serviettes et le linge de lit sont fournis.

Vous profiterez gratuitement d’un parking privé et surveillé.

Vous séjournerez à 8 minutes à pied du port. Les environs regorgent de restaurants et vous trouverez un marché traditionnel provençal à proximité.

Vous pourrez jouer au ping-pong au sein du camping, tandis que la région est prisée des amateurs de vélo et de plongée. Aix-en-Provence se trouve à 35 km de Hôtel Particulier Cassis - HPC Suites Cassis Centre - Parking Securisé & Piscine Chauffée. L’aéroport Marseille-Provence, le plus proche, se trouve à 36 km.

 « Parking Gratuit & Piscine Chauffée en saison »",43.2140359,5.5396318,69.4,9.346,7.4959999999999996,3.3405,0.041999999999999996,23.225
20,Cassis,La douceur de Cassis,https://www.booking.com/hotel/fr/la-douceur-de-cassis.fr.html?aid=304142&label=mkt123sc-7994c629-9594-4886-a75c-4bf0090f021d&ucfs=1&arphpl=1&group_adults=2&req_adults=2&no_rooms=1&group_children=0&req_children=0&hpos=2&hapos=2&sr_order=popularity&srpvid=e3557d813118db62074c49aa911d114e&srepoch=1766848367&from=searchresults,43.215009,5.530956,9.4,95.0,"L’hébergement La douceur de Cassis se trouve à Cassis, à respectivement 400 mètres et 20 km de ces lieux d’intérêt : Plage du Bestouan et Orange Vélodrome. Il propose la climatisation, un balcon et une connexion Wi-Fi gratuite. Cet appartement est à respectivement 20 km et 21 km de : Métro Rond-point du Prado et Palais des congrès et des expositions Marseille Chanot.

Cet appartement comporte 1 chambre, 1 salle de bains, du linge de lit, des serviettes, une télévision à écran plat avec les chaînes du câble, un coin repas, une cuisine entièrement équipée et une terrasse offrant une vue sur la mer.

Parlant anglais et français, le personnel de la réception ouverte 24h/24 se fera un plaisir de vous fournir des conseils pratiques sur la région.

Vous pourrez profiter d’un parc aquatique sur place, et pratiquer le vélo dans les environs.

Vous séjournerez à respectivement 22 km et 23 km de ces lieux d’intérêt : Métro La Timone et Métro Castellane. L'aéroport le plus proche (Aéroport de Marseille Provence) est à 46 km.",43.2140359,5.5396318,69.4,9.346,7.4959999999999996,3.3405,0.041999999999999996,23.225
20,Cassis,LOU CIGALOU,https://www.booking.com/hotel/fr/lou-cigalou-cassis.fr.html?aid=304142&label=mkt123sc-7994c629-9594-4886-a75c-4bf0090f021d&ucfs=1&arphpl=1&group_adults=2&req_adults=2&no_rooms=1&group_children=0&req_children=0&hpos=3&hapos=3&sr_order=popularity&srpvid=e3557d813118db62074c49aa911d114e&srepoch=1766848367&from=searchresults,43.214926,5.532989,9.3,34.0,"Situé à Cassis, l’hébergement LOU CIGALOU offre une vue sur la ville. Il propose une terrasse, un casino et une connexion Wi-Fi gratuite. Cette maison de vacances comprend un parking privé gratuit et se trouve dans une région où vous pourrez pratiquer des activités telles que la randonnée, la pêche et la plongée avec tuba.

Cette maison de vacances avec climatisation se compose de 3 chambres, d'un salon, d'une cuisine entièrement équipée avec un réfrigérateur et une machine à café, ainsi que de 2 salles de bains avec une douche et des articles de toilette gratuits. Des serviettes et du linge de lit moyennant des frais supplémentaires.

Cet établissement dispose d’une aire de jeux pour enfants. Un service de location de vélos est disponible sur place.

Vous séjournerez à respectivement 200 mètres et 20 km de ces lieux d’intérêt : Plage du Bestouan et Orange Vélodrome. L’établissement se situe à 46 km de l’aéroport le plus proche (Aéroport de Marseille Provence) et propose un service de navette aéroport payant.",43.2140359,5.5396318,69.4,9.346,7.4959999999999996,3.3405,0.041999999999999996,23.225
20,Cassis,Le Bel Ecrin par Dodo-a-Cassis,https://www.booking.com/hotel/fr/le-bon-crin.fr.html?aid=304142&label=mkt123sc-7994c629-9594-4886-a75c-4bf0090f021d&ucfs=1&arphpl=1&group_adults=2&req_adults=2&no_rooms=1&group_children=0&req_children=0&hpos=4&hapos=4&sr_order=popularity&srpvid=e3557d813118db62074c49aa911d114e&srepoch=1766848367&from=searchresults,43.214186950925,5.534756271164,9.7,47.0,"Situé à Cassis, l’hébergement Le Bel Ecrin par Dodo-a-Cassis offre une vue sur la ville. Il propose un salon commun, une terrasse, un casino et une connexion Wi-Fi gratuite. Cet appartement comprend un balcon et se trouve dans une région où vous pourrez pratiquer des activités telles que la randonnée et la pêche.

Cet appartement avec climatisation se compose de 1 chambre, d'un salon, d'une cuisine entièrement équipée avec un réfrigérateur et une machine à café, ainsi que de 1 salle de bains avec une douche et des articles de toilette gratuits. Cet hébergement met à votre disposition des serviettes et du linge de lit.

Vous séjournerez à respectivement 700 mètres et 20 km de ces lieux d’intérêt : Plage de la Grande Mer et Orange Vélodrome. L'aéroport le plus proche (Aéroport de Marseille Provence) est à 46 km.",43.2140359,5.5396318,69.4,9.346,7.4959999999999996,3.3405,0.041999999999999996,23.225
20,Cassis,ECHO DES FLOTS vue mer,https://www.booking.com/hotel/fr/echo-des-flots.fr.html?aid=304142&label=mkt123sc-7994c629-9594-4886-a75c-4bf0090f021d&ucfs=1&arphpl=1&group_adults=2&req_adults=2&no_rooms=1&group_children=0&req_children=0&hpos=5&hapos=5&sr_order=popularity&srpvid=e3557d813118db62074c49aa911d114e&srepoch=1766848367&from=searchresults,43.211915898805,5.530917756603,9.2,26.0,"Bénéficiant d’un emplacement en bord de mer, l’hébergement ECHO DES FLOTS vue mer vous accueille à Cassis, à respectivement quelques pas et 20 km de ces lieux d’intérêt : Plage du Bestouan et Orange Vélodrome. Cet hébergement offre une vue sur la mer et met à votre disposition une connexion Wi-Fi gratuite dans l’ensemble de ses locaux.

Cet appartement avec climatisation se compose de 1 chambre, d'un salon, d'une cuisine entièrement équipée avec un réfrigérateur et une machine à café, ainsi que de 1 salle de bains avec une douche et des articles de toilette gratuits. Des serviettes et du linge de lit moyennant des frais supplémentaires.

Vous pourrez profiter d’une terrasse sur place et pratiquer la randonnée à proximité.

Vous séjournerez à respectivement 20 km et 21 km de ces lieux d’intérêt : Métro Rond-point du Prado et Palais des congrès et des expositions Marseille Chanot. L’établissement se situe à 46 km de l’aéroport le plus proche (Aéroport de Marseille Provence) et propose un service de navette aéroport payant.",43.2140359,5.5396318,69.4,9.346,7.4959999999999996,3.3405,0.041999999999999996,23.225
21,Marseille,Maisons du Monde Hôtel & Suites - Marseille Vieux Port,https://www.booking.com/hotel/fr/maisondumondehotelandsuitesmarseille.fr.html?aid=304142&label=mkt123sc-8ed9c325-8b87-4c9d-91f6-b76881d366eb&ucfs=1&arphpl=1&group_adults=2&req_adults=2&no_rooms=1&group_children=0&req_children=0&hpos=1&hapos=1&sr_order=popularity&srpvid=058d88451fb8835f9accb3016a0987de&srepoch=1766848431&from_sustainable_property_sr=1&from=searchresults,43.29412372437712,5.374639928340912,8.7,1919.0,"Surplombant le Vieux-Port, l’établissement Maisons du Monde Hôtel & Suites - Marseille Vieux Port vous accueille au cœur de Marseille. Il propose des chambres modernes et climatisées. Une connexion Wi-Fi est disponible gratuitement.

Les chambres insonorisées de l’établissement Maisons du Monde Hôtel & Suites - Marseille Vieux Port comprennent une télévision par satellite à écran plat. Certaines offrent une vue sur la mer et le port.

L’hôtel se trouve à quelques pas de la station de métro Vieux-Port - Hôtel de Ville. Des arrêts de transports en commun desservant tous les principaux sites d’intérêt de la ville se trouvent le long de La Canebière, à 400 mètres.",43.3014878,5.548001,67.8,8.73925,7.086499999999999,2.64375,0.035250000000000004,22.45
21,Marseille,InterContinental Marseille - Hotel Dieu by IHG,https://www.booking.com/hotel/fr/marseille-dieu.fr.html?aid=304142&label=mkt123sc-8ed9c325-8b87-4c9d-91f6-b76881d366eb&ucfs=1&arphpl=1&group_adults=2&req_adults=2&no_rooms=1&group_children=0&req_children=0&hpos=2&hapos=2&sr_order=popularity&srpvid=058d88451fb8835f9accb3016a0987de&srepoch=1766848431&from_sustainable_property_sr=1&from=searchresults,43.298581667247156,5.36974623799324,8.7,1860.0,"L'InterContinental Marseille - Hotel Dieu, an IHG Hotel vous accueille dans un magnifique bâtiment datant du XVIIIe siècle, dans le quartier historique de Marseille, à 350 mètres du Vieux-Port. Une connexion Wi-Fi est disponible.

Proposant 194 chambres et suites, dont certaines offrant une vue sur les sites d'intérêt et dotées d'une terrasse privée, cet hôtel est décoré dans un style contemporain et élégant en harmonie avec son cachet historique.

La Brasserie Les Fenêtres. Le bar Capian propose de nombreux cocktails préparés par des experts.

L’espace détente de l’hôtel comporte un spa Clarins avec des saunas, des hammams, des lits de bronzage, une salle de sport et une piscine intérieure. Le spa est accessible à toute personne séjournant à l’hôtel, moyennant un supplément.

Cet établissement constitue un pied-à-terre idéal pour explorer le cœur de Marseille et découvrir ses théâtres, ses grands magasins et ses musées situés à proximité.",43.3014878,5.548001,67.8,8.73925,7.086499999999999,2.64375,0.035250000000000004,22.45
21,Marseille,New Hotel Le Quai - Vieux Port,https://www.booking.com/hotel/fr/vieuxport.fr.html?aid=304142&label=mkt123sc-8ed9c325-8b87-4c9d-91f6-b76881d366eb&ucfs=1&arphpl=1&group_adults=2&req_adults=2&no_rooms=1&group_children=0&req_children=0&hpos=3&hapos=3&sr_order=popularity&srpvid=058d88451fb8835f9accb3016a0987de&srepoch=1766848431&from=searchresults,43.29603121576907,5.374890714883804,8.5,3545.0,"Situé dans le centre de Marseille, le New Hotel Le Quai - Vieux Port donne sur le Vieux-Port et la rue commerçante La Canebière. Cet hôtel propose des chambres insonorisées dotées de la climatisation et d'une télévision par satellite. Une connexion Wi-Fi est accessible gratuitement. 

Il a été entièrement rénové en 2018 et 2019. Les chambres disposent d’un bureau et d’une salle de bains privative. Elles sont également équipées d’un plateau de courtoisie avec bouilloire. Une bouteille d’eau est fournie à l’arrivée. 

Tous les matins, vous pourrez savourer un petit-déjeuner buffet dans la salle prévue à cet effet ou dans l’intimité de votre chambre. Par ailleurs, le personnel polyglotte de la réception ouverte 24h/24 se fera un plaisir de vous renseigner sur la région. 

Vous séjournerez à proximité de lieux d’intérêt célèbres tels que la basilique Notre-Dame-de-la-Garde, le centre culturel de la Vieille Charité, le musée MUCEM, le palais du Pharo et l’abbaye Saint-Victor. 

La station de métro Vieux-Port - Hôtel de Ville se tient face à l’établissement, tandis que le tramway Belsunce-Alcazar est à 300 mètres. Le parc des expositions Chanot est accessible en 10 minutes en métro. Enfin, le quartier du Panier vous attend à seulement 10 minutes de marche.",43.3014878,5.548001,67.8,8.73925,7.086499999999999,2.64375,0.035250000000000004,22.45
21,Marseille,Radisson Blu Hotel Marseille Vieux Port,https://www.booking.com/hotel/fr/radisson-sas-marseille-vieux-port.fr.html?aid=304142&label=mkt123sc-8ed9c325-8b87-4c9d-91f6-b76881d366eb&ucfs=1&arphpl=1&group_adults=2&req_adults=2&no_rooms=1&group_children=0&req_children=0&hpos=4&hapos=4&sr_order=popularity&srpvid=058d88451fb8835f9accb3016a0987de&srepoch=1766848431&from_sustainable_property_sr=1&from=searchresults,43.29258339752927,5.367027819156647,8.6,1545.0,"Surplombant le Vieux-Port, le Radisson Blu Hotel Marseille Vieux Port vous accueille à Marseille. Cet hôtel 4 étoiles possède une piscine extérieure donnant sur le fort Saint-Nicolas et une salle de sport offrant une vue panoramique sur les principaux monuments de la ville. Une connexion Wi-Fi est disponible gratuitement.

Les chambres sont climatisées et décorées dans un style provençal ou africain. Certaines offrent une vue sur le port et sont équipées d'une machine à café Nespresso. Toutes comprennent une télévision par câble à écran plat. Des peignoirs et des chaussons sont fournis dans les suites.

Le restaurant Quai du 7ème vous servira un petit-déjeuner buffet chaque matin ainsi qu'une cuisine méditerranéenne. Vous pourrez également déguster des cocktails et des tapas au bar, tout en admirant la vue sur le port.

Dans la cour intérieure, vous disposerez d'un terrain de pétanque. Doté d'une réception ouverte 24h/24, le Radisson Blu Hotel Marseille Vieux Port est également associé au spa 5 Mondes situé à seulement 40 mètres, où vous pourrez profiter de soins de beauté à un tarif réduit.

Enfin, le parking Indigo La Criée est accessible moyennant des frais supplémentaires à seulement 80 mètres du Radisson Blu Hotel Marseille Vieux Port.",43.3014878,5.548001,67.8,8.73925,7.086499999999999,2.64375,0.035250000000000004,22.45
21,Marseille,Hôtel Hermès,https://www.booking.com/hotel/fr/hermes.fr.html?aid=304142&label=mkt123sc-8ed9c325-8b87-4c9d-91f6-b76881d366eb&ucfs=1&arphpl=1&group_adults=2&req_adults=2&no_rooms=1&group_children=0&req_children=0&hpos=5&hapos=5&sr_order=popularity&srpvid=058d88451fb8835f9accb3016a0987de&srepoch=1766848431&from=searchresults,43.29655283229883,5.371883288025856,8.1,2566.0,"L'hôtel Hermès se situe à seulement 35 mètres du Vieux-Port, dans le centre de Marseille. Il dispose d'une connexion Wi-Fi gratuite et d'un toit-terrasse avec vue panoramique sur le port et la ville.

Les chambres de l'hôtel Hermès bénéficient d'une vue partielle sur le Vieux-Port. Elles sont insonorisées et équipées d'une télévision par satellite à écran plat, ainsi que d'une salle de bains privative.

Le personnel de l'établissement est à votre disposition 24h/24. Vous pourrez savourer un petit-déjeuner buffet tous les matins dans la salle à manger.

La station de métro Vieux-Port Hôtel de ville se situe à 3 minutes à pied de l'hôtel Hermès. La gare SNCF Saint-Charles se trouve, quant à elle, à 20 minutes de marche.",43.3014878,5.548001,67.8,8.73925,7.086499999999999,2.64375,0.035250000000000004,22.45
22,Aix en Provence,Grand Hôtel Roi René Aix - MGallery Collection,https://www.booking.com/hotel/fr/grand-mercure-roi-rene.fr.html?aid=304142&label=mkt123sc-6e484139-ce1f-493b-add5-0ee02d840e67&ucfs=1&arphpl=1&group_adults=2&req_adults=2&no_rooms=1&group_children=0&req_children=0&hpos=1&hapos=1&sr_order=popularity&srpvid=c4c5a8b4dfda4002c6d667bba1160370&srepoch=1766848500&from_sustainable_property_sr=1&from=searchresults,43.52332474147478,5.449725687503815,8.5,1172.0,"Situé à seulement 5 minutes à pied du cours Mirabeau et du centre-ville d’Aix-en-Provence, le Grand Hôtel Roi René Aix en Provence Centre - MGallery est un établissement 4 étoiles disposant d’une piscine extérieure ouverte en saison, d’avril à fin septembre. Vous pourrez également profiter d’une terrasse, d’une salle de sport et d’une connexion Wi-Fi gratuite.

Affichant une décoration contemporaine, les chambres sont dotées de la climatisation, d’une télévision par satellite à écran plat, d’un minibar et d’un coffre-fort. Les salles de bains privatives sont pourvues d’une baignoire ou d’une douche, de peignoirs, d’un sèche-cheveux, de chaussons et d’articles de toilette gratuits L’Occitane. Toutes les chambres comportent une machine à café Nespresso.

Le restaurant sur place, La Table du Roi, sert une cuisine française traditionnelle. Pendant votre séjour, vous pourrez aussi prendre un verre au bar L’intemporel.

La gare se trouve à 400 mètres du Grand Hôtel Roi René Aix en Provence Centre - MGallery by Sofitel. Un parking privé est disponible, sur demande et moyennant des frais supplémentaires.

L'hôtel fait partie du label « Clef Verte », engagé en faveur d’un tourisme durable pour les restaurants et les hébergements en France.",43.5709847,5.3824189,66.6,5.97225,4.64125,1.8035,0.010499999999999999,21.2
22,Aix en Provence,Château de la Gaude,https://www.booking.com/hotel/fr/chateau-de-la-gaude.fr.html?aid=304142&label=mkt123sc-6e484139-ce1f-493b-add5-0ee02d840e67&ucfs=1&arphpl=1&group_adults=2&req_adults=2&no_rooms=1&group_children=0&req_children=0&hpos=2&hapos=2&sr_order=popularity&srpvid=c4c5a8b4dfda4002c6d667bba1160370&srepoch=1766848500&from=searchresults,43.56879,5.47851,9.1,569.0,"L’établissement Château de la Gaude se situe à Aix-en-Provence, à 38 km de ce lieu d’intérêt : Gare de Marseille-Saint-Charles. Il possède une piscine extérieure ouverte en saison, une salle de sport, un jardin et un parking privé gratuit. Cet hôtel 5 étoiles propose une terrasse ainsi que des hébergements dotés de la climatisation, d’une connexion Wi-Fi gratuite et d’une salle de bains privative. Vous pourrez profiter d'un service d'étage, d'une réception ouverte 24h/24 et d'un service de change.

Les hébergements sont dotés d’une bouilloire électrique. Vous bénéficierez d'une machine à café. Certains hébergements comprennent également un balcon et d'autres offrent une vue sur le jardin. Des serviettes et du linge de lit sont fournis.

L’établissement Château de la Gaude sert un petit-déjeuner à la carte ou américain. Sur place, Vous pourrez savourer un repas dans un restaurant qui propose des plats français, des plats japonais et des plats méditerranéens, ainsi que des options sans lactose et sans gluten.

Lors de votre séjour, vous pourrez profiter d’un spa et d’installations de bien-être, notamment d’un sauna et d’un hammam. Des séances de massages peuvent également être organisées.

Vous séjournerez à respectivement 38 km et 38 km de ces lieux d’intérêt : Métro Joliette et Agence ITER de Cadarache. L'aéroport le plus proche (Aéroport de Marseille Provence) est à 34 km.",43.5709847,5.3824189,66.6,5.97225,4.64125,1.8035,0.010499999999999999,21.2
22,Aix en Provence,Best Western Hotel le Galice Aix-en-Provence,https://www.booking.com/hotel/fr/best-western-le-galice.fr.html?aid=304142&label=mkt123sc-6e484139-ce1f-493b-add5-0ee02d840e67&ucfs=1&arphpl=1&group_adults=2&req_adults=2&no_rooms=1&group_children=0&req_children=0&hpos=3&hapos=3&sr_order=popularity&srpvid=c4c5a8b4dfda4002c6d667bba1160370&srepoch=1766848500&from=searchresults,43.528031104306436,5.434359312057495,8.1,2638.0,"Situé à 10 minutes à pied du centre d’Aix-en-Provence, le Best Western Hotel le Galice Aix-en-Provence dispose d’une piscine extérieure ouverte en saison et d’une terrasse. Une connexion Wi-Fi gratuite est disponible dans l’ensemble de l’établissement.

Les chambres climatisées sont dotées d’une télévision par satellite à écran plat, d’un bureau, d’une bouilloire et d’un minibar. Leur salle de bains privative est pourvue d’une baignoire ou d’une douche et d’un sèche-cheveux.

L’hôtel dispose d’équipements d’affaires, notamment des salles de réunion entièrement équipées et disponibles 24h/24 et 7j/7. La réception est ouverte 24h/24.

Vous séjournerez à 25 km de l’aéroport de Marseille Provence et à 15 km de la gare TGV d’Aix-en-Provence. Un parking souterrain sécurisé est disponible, moyennant des frais supplémentaires.",43.5709847,5.3824189,66.6,5.97225,4.64125,1.8035,0.010499999999999999,21.2
22,Aix en Provence,Séjours & Affaires Aix-en-Provence Mirabeau,https://www.booking.com/hotel/fr/residence-mirabeau.fr.html?aid=304142&label=mkt123sc-6e484139-ce1f-493b-add5-0ee02d840e67&ucfs=1&arphpl=1&group_adults=2&req_adults=2&no_rooms=1&group_children=0&req_children=0&hpos=4&hapos=4&sr_order=popularity&srpvid=c4c5a8b4dfda4002c6d667bba1160370&srepoch=1766848500&from=searchresults,43.525240781127486,5.4412660002708435,8.0,1331.0,"Cette résidence Séjours & Affaires est située à Aix-en-Provence, à proximité du cours Mirabeau. Elle propose des studios meublés et une connexion Wi-Fi gratuite.

Tous les studios du Séjours & Affaires Aix-en-Provence Mirabeau sont insonorisés et disposent d'une kitchenette complète équipée d'un réfrigérateur, d'un four micro-ondes, de plaques de cuisson et de vaisselle. Ils sont tous desservis par un ascenseur.

Les studios comprennent un canapé-lit, et le ménage, qui inclut le changement du linge, est effectué une fois par semaine.",43.5709847,5.3824189,66.6,5.97225,4.64125,1.8035,0.010499999999999999,21.2
22,Aix en Provence,Aquabella Hôtel & Spa,https://www.booking.com/hotel/fr/hotel-aquabella.fr.html?aid=304142&label=mkt123sc-6e484139-ce1f-493b-add5-0ee02d840e67&ucfs=1&arphpl=1&group_adults=2&req_adults=2&no_rooms=1&group_children=0&req_children=0&hpos=5&hapos=5&sr_order=popularity&srpvid=c4c5a8b4dfda4002c6d667bba1160370&srepoch=1766848500&from=searchresults,43.53126359885809,5.445070043206215,8.7,1446.0,"Entouré d’un beau jardin, l’Aquabella Hôtel & Spa propose des chambres de style provençal. Vous pourrez accéder gratuitement au spa. Vous séjournerez dans le centre d’Aix-en-Provence, à quelques pas de la vieille ville.

Les chambres de l’Aquabella Hôtel & Spa sont toutes dotées de la climatisation, d’une connexion Wi-Fi gratuite et d’un minibar. Des peignoirs sont également fournis.

Vous pourrez déguster une cuisine méditerranéenne dans le restaurant de l’hôtel, L’Orangerie. 

Vous pourrez vous détendre au spa sensoriel de l’Aquabella Hôtel & Spa. Vous aurez accès au sauna, au hammam et au bain chaud. Vous trouverez également une douche Kneipp et une fontaine de glace.

Un parking public est disponible à seulement 50 mètres de l’établissement moyennant des frais supplémentaires.",43.5709847,5.3824189,66.6,5.97225,4.64125,1.8035,0.010499999999999999,21.2
23,Avignon,Hôtel Le Bristol,https://www.booking.com/hotel/fr/hotel-bristol-avignon.fr.html?aid=304142&label=mkt123sc-3a716ee8-feb0-4125-b410-00fb3496b5b9&ucfs=1&arphpl=1&group_adults=2&req_adults=2&no_rooms=1&group_children=0&req_children=0&hpos=1&hapos=1&sr_order=popularity&srpvid=67edaf5b08b49324a4e6f597381f1528&srepoch=1766848561&from_sustainable_property_sr=1&from=searchresults,43.944032127814744,4.80533167719841,8.3,4862.0,"Idéalement situé à l’intérieur des remparts du centre d’Avignon, l’Hôtel Le Bristol vous propose des chambres climatisées, un bar, une connexion Wi-Fi gratuite et un salon commun. Il assure un service de concierge. La réception est ouverte 24h/24.

À seulement 15 minutes à pied du Palais des Papes, les chambres comprennent un bureau, une télévision à écran plat et une salle de bains privative.

Vous pourrez savourer un petit-déjeuner buffet sur place.

L’aéroport d'Avignon-Provence, le plus proche de l’Hôtel Le Bristol, se trouve à 9 km.",43.9636478,4.9424636,66.4,3.85025,1.2815,3.586,0.0,14.6
23,Avignon,Mercure Avignon TGV Hotel & Spa,https://www.booking.com/hotel/fr/expresshiavignon.fr.html?aid=304142&label=mkt123sc-3a716ee8-feb0-4125-b410-00fb3496b5b9&ucfs=1&arphpl=1&group_adults=2&req_adults=2&no_rooms=1&group_children=0&req_children=0&hpos=2&hapos=2&sr_order=popularity&srpvid=67edaf5b08b49324a4e6f597381f1528&srepoch=1766848561&from=searchresults,43.92929,4.784118000000035,8.6,2095.0,"Le Mercure Avignon TGV Hotel & Spa vous accueille à Avignon, à 600 mètres de la gare TGV ainsi qu’à moins de 10 minutes en voiture du centre-ville, de la gare centrale et du palais des Papes. Une connexion Wi-Fi est disponible gratuitement.

Les chambres comprennent une télévision par satellite ainsi qu’une salle de bains pourvue d’une grande douche. Des logements accessibles aux personnes à mobilité réduite sont également disponibles.

L’hôtel sert un petit-déjeuner buffet tous les matins, et vous pourrez savourer un verre au bar.

Lors de votre séjour, vous ne manquerez pas de visiter le pont d'Avignon, à 4 km. Un parking privé gratuit est disponible sur place.",43.9636478,4.9424636,66.4,3.85025,1.2815,3.586,0.0,14.6
23,Avignon,Résidence d'Avignon,https://www.booking.com/hotel/fr/residence-services-seniors-les-jardins-d-arcadie-avignon.fr.html?aid=304142&label=mkt123sc-3a716ee8-feb0-4125-b410-00fb3496b5b9&ucfs=1&arphpl=1&group_adults=2&req_adults=2&no_rooms=1&group_children=0&req_children=0&hpos=3&hapos=3&sr_order=popularity&srpvid=67edaf5b08b49324a4e6f597381f1528&srepoch=1766848561&from=searchresults,43.942653,4.801569,8.0,15.0,"L’hébergement Résidence d'Avignon propose un jardin, un salon commun et un restaurant. Il se trouve à Avignon, à respectivement 300 mètres, 1,3 km et 4 km de ces lieux d’intérêt : Gare d'Avignon-Centre, Palais des Papes d'Avignon et Gare TGV d'Avignon. Un parking privé est disponible sur place.

Cet appartement se compose de 1 chambre séparée, d'un salon, d'une cuisine entièrement équipée, et de 1 salle de bains.

Un petit-déjeuner à la carte est servi sur place.

Vous pourrez profiter d’une terrasse bien exposée sur place.

Vous séjournerez à respectivement 11 km et 40 km de ces lieux d’intérêt : Parc des expositions d'Avignon et Arènes d'Arles.",43.9636478,4.9424636,66.4,3.85025,1.2815,3.586,0.0,14.6
23,Avignon,Best Western Plus Le Lavarin,https://www.booking.com/hotel/fr/hotellelavarin.fr.html?aid=304142&label=mkt123sc-3a716ee8-feb0-4125-b410-00fb3496b5b9&ucfs=1&arphpl=1&group_adults=2&req_adults=2&no_rooms=1&group_children=0&req_children=0&hpos=4&hapos=4&sr_order=popularity&srpvid=67edaf5b08b49324a4e6f597381f1528&srepoch=1766848561&from_sustainable_property_sr=1&from=searchresults,43.922757658189205,4.804295003414154,8.2,2073.0,"L’hôtel Best Western Plus Le Lavarin est situé à Avignon, à 2,5 km des remparts, du Palais des Papes et du Pont d'Avignon. Une salle de fitness et une piscine intérieure sont également disponibles sur place, exclusivement réservées aux adultes.

L'hôtel propose des chambres confortables et climatisées avec une connexion Wi-Fi gratuite.

Vous pourrez savourer un petit-déjeuner et des repas aux saveurs provençales au restaurant, sur la terrasse ou dans le jardin. Le restaurant est ouvert du lundi au vendredi midi et soir ainsi que le samedi soir. Veuillez noter que la restauration n'est pas disponible en dehors des jours et horaires d'ouverture du restaurant.

Agrémenté d’oliviers et de platanes, le jardin de l’hôtel comporte une piscine extérieure privée. Un parking gratuit, sécurisé et fermé est accessible sur place, avec 2 bornes de recharge électrique.

L'hôtel se trouve à 5 minutes en bus de la gare TGV (bus n°30) et à 15 minutes en bus du centre-ville d'Avignon. Un arrêt de bus est disponible à seulement 50 mètres. Les gorges du Gardon, le Pont du Gard et le Mont Ventoux sont accessibles à 30 minutes en voiture.",43.9636478,4.9424636,66.4,3.85025,1.2815,3.586,0.0,14.6
23,Avignon,Hôtel Cloitre Saint Louis Avignon,https://www.booking.com/hotel/fr/clarioncloitrestlouis.fr.html?aid=304142&label=mkt123sc-3a716ee8-feb0-4125-b410-00fb3496b5b9&ucfs=1&arphpl=1&group_adults=2&req_adults=2&no_rooms=1&group_children=0&req_children=0&hpos=5&hapos=5&sr_order=popularity&srpvid=67edaf5b08b49324a4e6f597381f1528&srepoch=1766848561&from=searchresults,43.94380810369034,4.804946780204773,7.6,3288.0,"Situé dans le centre d'Avignon, à 15 minutes à pied du palais des papes et du pont de la ville, l'Hôtel Cloitre Saint Louis Avignon occupe un bâtiment du XVIème siècle doté d'une piscine extérieure sur le toit avec une grande terrasse bien exposée. Certains des élégants hébergements sont aménagés dans l'édifice historique qui présente des arcades et des voûtes aux plafonds. Vous bénéficierez gratuitement d'une connexion Wi-Fi.

Les chambres climatisées non-fumeurs possèdent une télévision par satellite à écran plat et une salle de bains contemporaine pourvue d'un sèche-cheveux. Certains logements sont dotés d'un balcon donnant sur la cour.

Le Saint Louis, le restaurant sur place, prépare une cuisine française traditionnelle. Vous pourrez dîner sur la terrasse en été et déguster une boisson au bar-salon. Un petit-déjeuner buffet est servi quotidiennement. Vous pourrez apprécier votre petit-déjeuner dans votre chambre moyennant des frais supplémentaires.

Le musée Calvet et la gare ferroviaire d'Avignon se trouvent à 5 minutes à pied. L'aéroport d'Avignon-Provence se situe à 20 minutes de route. Vous profiterez d'un parking privé.",43.9636478,4.9424636,66.4,3.85025,1.2815,3.586,0.0,14.6
24,Uzes,Boutique Hôtel Entraigues,https://www.booking.com/hotel/fr/entraigues-uzes2.fr.html?aid=304142&label=mkt123sc-771368a8-e00f-47b7-846c-bb5de7ab2fac&ucfs=1&arphpl=1&group_adults=2&req_adults=2&no_rooms=1&group_children=0&req_children=0&hpos=1&hapos=1&sr_order=popularity&srpvid=2eca83db9f91cb790b28cd74087ab739&srepoch=1766848626&from=searchresults,44.01246437098573,4.421800111045059,8.9,1328.0,"Doté d’une piscine extérieure, le Boutique Hôtel Entraigues vous accueille à Uzès, dans le Languedoc-Roussillon, à 32 km d’Avignon. Il possède une terrasse bien exposée et offre une vue sur la ville. Une connexion Wi-Fi est disponible gratuitement dans l’ensemble de l’établissement, et vous pourrez profiter d’un parking privé sur place moyennant des frais supplémentaires et sous réserve de disponibilité.

Les chambres sont climatisées et disposent d’une télévision par câble à écran plat ainsi que d’un plateau/bouilloire. Certaines comportent une terrasse, un patio ou un coin salon où vous pourrez vous détendre après une journée bien remplie.

Vous trouverez plusieurs restaurants à moins de 2 minutes de marche.

Vous aurez la possibilité de pratiquer différentes activités dans les environs, telles que le golf et le vélo. Le Boutique Hôtel Entraigues se trouve à 20 km de Nîmes et à 41 km d'Arles. L’aéroport d’Avignon-Provence est situé à 40 km de l’établissement.

Une carte de crédit en cours de validité vous sera demandée à votre arrivée à l'hôtel afin de couvrir les éventuels frais supplémentaires.",44.0121279,4.4196718,65.6,3.7472499999999997,0.5582500000000004,4.186,0.0,8.825
24,Uzes,Appartement dans Hotel de Flaux,https://www.booking.com/hotel/fr/appartement-dans-de-flaux.fr.html?aid=304142&label=mkt123sc-771368a8-e00f-47b7-846c-bb5de7ab2fac&ucfs=1&arphpl=1&group_adults=2&req_adults=2&no_rooms=1&group_children=0&req_children=0&hpos=2&hapos=2&sr_order=popularity&srpvid=2eca83db9f91cb790b28cd74087ab739&srepoch=1766848626&from=searchresults,44.01201964746013,4.419434432656981,9.6,38.0,"L’hébergement Appartement dans Hotel de Flaux vous accueille à Uzès, à respectivement 27 km et 38 km de ces lieux d’intérêt : Parc des expositions de Nîmes et Gare d'Avignon-Centre. Il propose des équipements tels qu’une connexion Wi-Fi gratuite et une télévision à écran plat. Cet appartement est à respectivement 39 km et 41 km de : Palais des Papes d'Avignon et Gare TGV d'Avignon.

Cet appartement se compose de 1 chambre, d'un salon, d'une cuisine entièrement équipée avec un réfrigérateur et une machine à café, ainsi que de 1 salle de bains avec une douche et un sèche-cheveux. Cet hébergement met à votre disposition des serviettes et du linge de lit.

Parlant arabe, anglais, espagnol et français, le personnel de la réception pourra vous aider à planifier votre séjour.

Vous séjournerez à respectivement 49 km et 14 km de ces lieux d’intérêt : Parc des expositions d'Avignon et Pont du Gard. L'aéroport le plus proche (Aéroport de Nîmes Alès Camargue Cévennes) est à 35 km.",44.0121279,4.4196718,65.6,3.7472499999999997,0.5582500000000004,4.186,0.0,8.825
24,Uzes,Les Gîtes de Cayenne - Gîte Olivia,https://www.booking.com/hotel/fr/les-gites-de-cayenne-gite-olivia.fr.html?aid=304142&label=mkt123sc-771368a8-e00f-47b7-846c-bb5de7ab2fac&ucfs=1&arphpl=1&group_adults=2&req_adults=2&no_rooms=1&group_children=0&req_children=0&hpos=3&hapos=3&sr_order=popularity&srpvid=2eca83db9f91cb790b28cd74087ab739&srepoch=1766848626&from=searchresults,44.0121786,4.406318100000021,8.6,18.0,"Offrant une vue sur le jardin, l’hébergement Les Gîtes de Cayenne - Gîte Olivia se trouve à Uzès, à respectivement 28 km et 39 km de ces lieux d’intérêt : Parc des expositions de Nîmes et Gare d'Avignon-Centre. Cette villa comprend une piscine privée, un jardin, un barbecue, un parking privé gratuit et une connexion Wi-Fi gratuite.

Cette villa comporte 3 chambres, 1 salle de bains, du linge de lit, des serviettes, une télévision à écran plat, un coin repas, une cuisine entièrement équipée et une terrasse offrant une vue sur la piscine.

Vous pourrez profiter d’une piscine extérieure ouverte en saison sur place et pratiquer la randonnée et le vélo dans les environs.

Vous séjournerez à respectivement 39 km et 41 km de ces lieux d’intérêt : Palais des Papes d'Avignon et Gare TGV d'Avignon. L'aéroport le plus proche (Aéroport de Nîmes Alès Camargue Cévennes) est à 35 km.",44.0121279,4.4196718,65.6,3.7472499999999997,0.5582500000000004,4.186,0.0,8.825
24,Uzes,Hôtel Le SAINT-GENIÈS,https://www.booking.com/hotel/fr/le-saint-genies.fr.html?aid=304142&label=mkt123sc-771368a8-e00f-47b7-846c-bb5de7ab2fac&ucfs=1&arphpl=1&group_adults=2&req_adults=2&no_rooms=1&group_children=0&req_children=0&hpos=4&hapos=4&sr_order=popularity&srpvid=2eca83db9f91cb790b28cd74087ab739&srepoch=1766848626&from=searchresults,44.023394710582856,4.419290721416473,9.3,1239.0,"Located just 1.2 km from the historic center of Uzès, our intimate hotel welcomes you to a setting dedicated to peace and serenity.
With only rooms for two people, each decorated with a unique theme.
All our rooms are soundproofed and equipped with air conditioning, flat-screen cable TV, a Nespresso machine, and a kettle. The private bathrooms have a hairdryer and a shower.

Start your day with our gourmet breakfast, featuring local products, regional specialties, and our homemade jams.
Then relax by our sleekly designed pool, surrounded by synthetic grass, palm trees, and soft background music.

Take advantage of the free private parking, offering 20 spaces for our 20 rooms.
Wi-Fi is free throughout the hotel.

Ideally located for exploring Uzès, the Pont du Gard, Nîmes, and Avignon, the Hotel Le Saint-Geniès is an invitation to relax and discover.

",44.0121279,4.4196718,65.6,3.7472499999999997,0.5582500000000004,4.186,0.0,8.825
24,Uzes,Le Pré Aux Cigales,https://www.booking.com/hotel/fr/le-pre-aux-cigales.fr.html?aid=304142&label=mkt123sc-771368a8-e00f-47b7-846c-bb5de7ab2fac&ucfs=1&arphpl=1&group_adults=2&req_adults=2&no_rooms=1&group_children=0&req_children=0&hpos=5&hapos=5&sr_order=popularity&srpvid=2eca83db9f91cb790b28cd74087ab739&srepoch=1766848626&from=searchresults,44.0154451458477,4.40986999921734,9.8,37.0,"Situé à Uzès, l’hébergement Le Pré Aux Cigales offre une vue sur le jardin. Il comprend une terrasse et une connexion Wi-Fi gratuite. Cet hébergement est installé à 28 km de : Parc des expositions de Nîmes. Il propose un jardin et un parking privé gratuit.

Cette maison de vacances avec climatisation se compose de 1 chambre, d'un salon, d'une cuisine entièrement équipée avec un réfrigérateur et une machine à café, ainsi que de 1 salle de bains avec une douche et un sèche-cheveux. Des serviettes et du linge de lit sont disponibles.

Vous séjournerez à respectivement 39 km et 39 km de ces lieux d’intérêt : Gare d'Avignon-Centre et Palais des Papes d'Avignon. L'aéroport le plus proche (Aéroport de Nîmes Alès Camargue Cévennes) est à 35 km.",44.0121279,4.4196718,65.6,3.7472499999999997,0.5582500000000004,4.186,0.0,8.825
25,Nimes,Jardins Secrets,https://www.booking.com/hotel/fr/jardins-secrets-nimes.fr.html?aid=304142&label=mkt123sc-8e8b5067-54e6-43c4-9b50-e1fa2a590c69&ucfs=1&arphpl=1&group_adults=2&req_adults=2&no_rooms=1&group_children=0&req_children=0&hpos=1&hapos=1&sr_order=popularity&srpvid=32688d811bb39e9faedfff0e2c1aad32&srepoch=1766848694&from=searchresults,43.83470575029483,4.36731219291687,9.1,164.0,"Situé à Nîmes, l'hôtel Jardins Secrets occupe une auberge datant du XVIIIe siècle, dissimulée dans un jardin fleuri isolé de style méditerranéen. Cet établissement de caractère dispose d'une piscine extérieure entourée d'oliviers, d'orangers, de palmiers et d'une fontaine en marbre.

Chacune des chambres climatisées de l'hôtel Jardins Secrets est dotée d'une baignoire parée d'un rideau de soie. Présentant une décoration d'époque authentique, elles offrent une magnifique vue sur le jardin, la piscine ou le cloître.

Le cloître traditionnel mène aux luxueux salons, où vous pourrez siroter un verre dans le bar Napoléon III. En hiver, vous aurez la possibilité de vous détendre près de la cheminée.

Au spa Source des Secrets, vous pourrez profiter de soins de beauté. Abritant une boutique vendant des produits locaux, l'hôtel Jardins Secrets constitue un havre de paix et de charme placé au cœur de la ville romaine, avec son célèbre amphithéâtre Les Arènes de Nîmes et sa Maison Carrée.",43.9023189,4.3905257,65.6,3.6060000000000003,0.5039999999999999,3.8395,0.0,9.375
25,Nimes,Appart'hôtel Odalys City - Nîmes Arènes - Palais des Congrès,https://www.booking.com/hotel/fr/odalys-city-nimes-arenes.fr.html?aid=304142&label=mkt123sc-8e8b5067-54e6-43c4-9b50-e1fa2a590c69&ucfs=1&arphpl=1&group_adults=2&req_adults=2&no_rooms=1&group_children=0&req_children=0&hpos=2&hapos=2&sr_order=popularity&srpvid=32688d811bb39e9faedfff0e2c1aad32&srepoch=1766848694&from=searchresults,43.834061872209,4.358990652779,8.5,2904.0,"L’établissement Appart'hôtel Odalys City - Nîmes Arènes - Palais des Congrès se trouve à Nîmes, à respectivement 2,6 km et 33 km de ces lieux d’intérêt : Parc des expositions de Nîmes et Arènes d'Arles. Une connexion Wi-Fi gratuite est fournie dans tout l’établissement et un parking privé est disponible sur place.

Les hébergements comprennent la climatisation et une télévision à écran plat. Vous bénéficierez d’une kitchenette entièrement équipée avec un coin repas, ainsi que d’une salle de bains privative comportant une douche et un sèche-cheveux. Un réfrigérateur, un micro-ondes et une plaque de cuisson sont également disponibles, de même qu’une bouilloire.

Un petit-déjeuner buffet est servi sur place.

Cet établissement 4 étoiles dispose d’un hammam.

Vous séjournerez à respectivement 44 km et 45 km de ces lieux d’intérêt : Gare d'Avignon-Centre et Palais des Papes d'Avignon. L'aéroport le plus proche (Aéroport de Nîmes Alès Camargue Cévennes) est à 8 km.",43.9023189,4.3905257,65.6,3.6060000000000003,0.5039999999999999,3.8395,0.0,9.375
25,Nimes,Appart'City Collection Nîmes Arènes,https://www.booking.com/hotel/fr/appart-39-city-nimes.fr.html?aid=304142&label=mkt123sc-8e8b5067-54e6-43c4-9b50-e1fa2a590c69&ucfs=1&arphpl=1&group_adults=2&req_adults=2&no_rooms=1&group_children=0&req_children=0&hpos=3&hapos=3&sr_order=popularity&srpvid=32688d811bb39e9faedfff0e2c1aad32&srepoch=1766848694&from_sustainable_property_sr=1&from=searchresults,43.8338735348897,4.361433959524561,8.9,3106.0,"L'Appart'City Collection Nîmes Arènes vous accueille dans le centre historique de Nîmes, à 1 minute à pied des arènes et à 300 mètres de la gare. Un parking souterrain public est disponible à proximité. Vous profiterez d’une connexion Wi-Fi gratuite.

Les studios et les appartements sont dotés d'une télévision à écran plat et d'un coin salon. La kitchenette entièrement équipée est munie d’un micro-ondes et de plaques de cuisson. La salle de bains privative est pourvue d’une baignoire ou d’une douche.

Le petit-déjeuner se compose d’une variété de pains. Des croissants sont également fournis. Des fruits frais, de la salade de fruits et différents fromages sont également proposés. Vous apprécierez aussi des yaourts bio, un grand choix de thés bio, des œufs brouillés, des œufs/œufs brouillés avec du veau et des saucisses de veau.

L'aéroport de Nîmes-Alès-Camargue-Cévennes, le plus proche, est implanté à Garons/Saint-Gilles, à 12 km de l’Appart'City Collection Nîmes Arènes.",43.9023189,4.3905257,65.6,3.6060000000000003,0.5039999999999999,3.8395,0.0,9.375
25,Nimes,Campanile PRIME - Nîmes Centre,https://www.booking.com/hotel/fr/campanile-nimes-centre-mas-carbonnel.fr.html?aid=304142&label=mkt123sc-8e8b5067-54e6-43c4-9b50-e1fa2a590c69&ucfs=1&arphpl=1&group_adults=2&req_adults=2&no_rooms=1&group_children=0&req_children=0&hpos=4&hapos=4&sr_order=popularity&srpvid=32688d811bb39e9faedfff0e2c1aad32&srepoch=1766848694&from=searchresults,43.82273112028273,4.364125728607178,8.1,1034.0,"Situé à Nîmes, l’établissement 3 étoiles Campanile PRIME - Nîmes Centre propose une connexion Wi-Fi gratuite, une réception ouverte 24h/24 et la presse quotidienne. Les arènes de Nîmes, la Maison Carrée et la gare se trouvent à moins de 20 minutes à pied.

Les chambres sont dotées de la climatisation, d’un plateau/bouilloire ainsi que d’une salle de bains privative pourvue d’une baignoire ou d’une douche.

 Une salle de sport est installée à moins d’une minute de marche.

Le Campanile PRIME - Nîmes Centre est installé à 45 minutes de route des plages de La Grande Motte et du Grau-du-Roi. Un parking privé sécurisé est proposé moyennant un supplément. Des places de parking gratuites se trouvent dans une rue voisine.",43.9023189,4.3905257,65.6,3.6060000000000003,0.5039999999999999,3.8395,0.0,9.375
25,Nimes,Royal Hôtel,https://www.booking.com/hotel/fr/royal.fr.html?aid=304142&label=mkt123sc-8e8b5067-54e6-43c4-9b50-e1fa2a590c69&ucfs=1&arphpl=1&group_adults=2&req_adults=2&no_rooms=1&group_children=0&req_children=0&hpos=5&hapos=5&sr_order=popularity&srpvid=32688d811bb39e9faedfff0e2c1aad32&srepoch=1766848694&from=searchresults,43.83881509620307,4.3548184633255005,8.4,3309.0,"Situé au cœur de Nîmes, le Royal Hôtel dispose d'un restaurant sur place, La Bodéguita, qui s'ouvre sur la place Assas. L'hôtel se trouve à moins de 3 minutes à pied du temple Maison Carrée et de la galerie d'art moderne Carré d'Art. Une connexion Wi-Fi est disponible gratuitement.

L'établissement accepte les chiens de moins de 10 kg.

Accessible par un escalier, chaque chambre comprend la climatisation, une télévision à écran plat et une vue sur le patio intérieur ou la place Assas. Certains logements comprennent un coin salon, idéal pour se détendre après une journée bien remplie. Les chambres comprennent une salle de bains privative.

Le petit-déjeuner est servi tous les jours et se compose d'une sélection de produits bio frais. Vous pourrez déguster une cuisine espagnole et du poisson à la plancha au restaurant. Vous pourrez déguster des tapas sur la terrasse du bar.

Des soirées tango sont organisées sur la place Assas en juillet et en août. Des spectacles d'art et des expositions sont régulièrement organisés sur la place.

Le parc des expositions de Nîmes se trouve à 2,7 km du Royal Hôtel. L'aéroport de Montpellier-Méditerranée est implanté à 53 km.",43.9023189,4.3905257,65.6,3.6060000000000003,0.5039999999999999,3.8395,0.0,9.375
26,Aigues Mortes,La Villa Mazarin,https://www.booking.com/hotel/fr/la-villa-mazarin.fr.html?aid=304142&label=mkt123sc-d55687fa-3ed7-4740-95a3-3f46e2258c43&ucfs=1&arphpl=1&group_adults=2&req_adults=2&no_rooms=1&group_children=0&req_children=0&hpos=1&hapos=1&sr_order=popularity&srpvid=6cf37fc36b581fbac0fd838e80fbf456&srepoch=1766848760&from=searchresults,43.56498661964503,4.191751956841472,9.1,1183.0,"La Villa Mazarin vous accueille dans un bâtiment datant du XVe siècle, dans la ville fortifiée d’Aigues-Mortes. Sur place, vous profiterez d'une terrasse et d'un bar. Une connexion Wi-Fi est disponible gratuitement dans l’ensemble de l’établissement. Les chambres climatisées possèdent le chauffage, une télévision par satellite, un téléphone et un réfrigérateur. Toutes les chambres sont meublées dans un style provençal du XVIIe siècle. Dans le restaurant de l'hôtel, La Table, vous pourrez déguster des spécialités culinaires françaises ou faire votre choix parmi une sélection de repas légers et de collations. Le salon s’ouvre sur la cour et sur une terrasse bien exposée. Le restaurant est ouvert pour le dîner du mercredi au dimanche (de 19h00 à 21h00), et uniquement le week-end pour le déjeuner (de midi à 13h00). Fermeture le lundi et le mardi. La Villa Mazarin dispose d'un parking souterrain privé d'une hauteur de 1,85 mètres. Cette option, qui coûte 18 EUR par jour et par véhicule, doit être réservée à l'avance (sous réserve de disponibilité, le nombre de places étant limité). Votre animal domestique (chien ou chat) est le bienvenu (sur réservation ; un seul animal). Un supplément de 25 EUR par jour s'applique. Veuillez contacter l’établissement à l’avance. L’espace détente est disponible jusqu’à minuit (sauna, bain à remous, salle de sport et piscine chauffée de 23 à 25 °C). Montpellier est à 35 km de La Villa Mazarin, tandis que Nîmes est à 43 km. L’aéroport Montpellier Méditerranée, le plus proche, est situé à 25 km de l’établissement.",43.5661521,4.19154,68.4,6.6594999999999995,3.6814999999999998,4.32275,0.0,12.55
26,Aigues Mortes,Artemia Aigues-Mortes - Hôtel avec piscine - Bornes électriques - Parking privé - Local vélo-moto,https://www.booking.com/hotel/fr/le-royal-hotel-aigues-mortes.fr.html?aid=304142&label=mkt123sc-d55687fa-3ed7-4740-95a3-3f46e2258c43&ucfs=1&arphpl=1&group_adults=2&req_adults=2&no_rooms=1&group_children=0&req_children=0&hpos=2&hapos=2&sr_order=popularity&srpvid=6cf37fc36b581fbac0fd838e80fbf456&srepoch=1766848760&from=searchresults,43.57639588787367,4.197818040847778,8.8,839.0,"Doté d'une connexion Wi-Fi gratuite et d'une piscine extérieure ouverte en saison, l'Artemia Aigues-Mortes - Hotel avec piscine est situé à Aigues-Mortes, à 15 minutes de route du parc naturel régional de Camargue. La plage la plus proche est à 15 minutes en voiture. Un parking gratuit est à votre disposition sur place.

Certaines chambres offrent une vue sur la piscine ou le jardin Tous les hébergements sont pourvus d’une télévision à écran plat et d’une salle de bains privative. Certaines chambres disposent également d'une terrasse privée.

Un petit-déjeuner buffet est disponible moyennant un supplément.

L’Artemia Aigues-Mortes possède également une salle de réunion.

L'Artemia Aigues-Mortes se trouve à 40 km de Nîmes et à 45 km d'Arles. L’aéroport le plus proche, celui de Montpellier-Méditerranée, est situé à 26 km de l’établissement.",43.5661521,4.19154,68.4,6.6594999999999995,3.6814999999999998,4.32275,0.0,12.55
26,Aigues Mortes,Hôtel Le Médiéval - Parking inclus & accueil vélo,https://www.booking.com/hotel/fr/le-medieval.fr.html?aid=304142&label=mkt123sc-d55687fa-3ed7-4740-95a3-3f46e2258c43&ucfs=1&arphpl=1&group_adults=2&req_adults=2&no_rooms=1&group_children=0&req_children=0&hpos=3&hapos=3&sr_order=popularity&srpvid=6cf37fc36b581fbac0fd838e80fbf456&srepoch=1766848760&from=searchresults,43.57186625316511,4.19366168974193,8.9,1229.0,"L'Hôtel Le Médiéval - Parking inclus & accueil vélo est situé sur les rives du canal d'Aigues-Mortes, à 30 km de Montpellier. Il propose des chambres pourvues d'une salle de bains privative, d'un parking gratuit et d'une piscine extérieure.

L'Hôtel Le Médiéval - Parking inclus & accueil vélo propose chaque jour un petit-déjeuner buffet continental qui peut être dégusté sur la terrasse quand le temps le permet. Une connexion Wi-Fi est disponible gratuitement dans les parties communes.

Un parking privé gratuit est disponible sur place. Une promenade de 2 minutes vous mènera aux remparts médiévaux.",43.5661521,4.19154,68.4,6.6594999999999995,3.6814999999999998,4.32275,0.0,12.55
26,Aigues Mortes,Résidence Odalys Fleur de Sel,https://www.booking.com/hotel/fr/residence-odalys-fleur-de-sel.fr.html?aid=304142&label=mkt123sc-d55687fa-3ed7-4740-95a3-3f46e2258c43&ucfs=1&arphpl=1&group_adults=2&req_adults=2&no_rooms=1&group_children=0&req_children=0&hpos=4&hapos=4&sr_order=popularity&srpvid=6cf37fc36b581fbac0fd838e80fbf456&srepoch=1766848760&from=searchresults,43.574094,4.179246,8.3,679.0,"Situé à Aigues-Mortes, à 5 minutes à pied du centre-ville historique, l'établissement Résidence Odalys Fleur de Sel dispose d'une piscine extérieure chauffée ouverte en saison. Vous bénéficierez gratuitement d'une connexion Wi-Fi.

Répartis en petits duplex, tous les appartements comportent une salle de bains privative, un salon muni d'une télévision à écran plat et une kitchenette entièrement équipée. Certains comprennent également une terrasse ou un balcon.

La Résidence Odalys Fleur de Sel est implantée à 25 km de Montpellier. L'aéroport de Montpellier - Méditerranée se trouve, quant à lui, à 18 km. Vous pourrez profiter gratuitement d'un parking extérieur.",43.5661521,4.19154,68.4,6.6594999999999995,3.6814999999999998,4.32275,0.0,12.55
26,Aigues Mortes,Les Appartement du Mas - RUBIS,https://www.booking.com/hotel/fr/les-appartement-du-mas-ndeg11.fr.html?aid=304142&label=mkt123sc-d55687fa-3ed7-4740-95a3-3f46e2258c43&ucfs=1&arphpl=1&group_adults=2&req_adults=2&no_rooms=1&group_children=0&req_children=0&hpos=5&hapos=5&sr_order=popularity&srpvid=6cf37fc36b581fbac0fd838e80fbf456&srepoch=1766848760&from=searchresults,43.581268686202,4.228718107162,9.6,13.0,"Situé à Aigues-Mortes, l’hébergement Les Appartement du Mas - RUBIS offre une vue sur le jardin. Il comprend une piscine extérieure ouverte en saison, un jardin, une terrasse et une connexion Wi-Fi gratuite. Cet appartement 3 étoiles possède un parking privé gratuit et est à 27 km de : Parc des expositions de Montpellier.

Cet appartement avec climatisation se compose de 1 chambre séparée, d'un salon, d'une cuisine entièrement équipée, et de 1 salle de bains. Une télévision à écran plat est à votre disposition.

Un petit-déjeuner continental est servi sur place.

Vous séjournerez à respectivement 28 km et 32 km de ces lieux d’intérêt : Salle de concert Arena Montpellier et Zénith Sud Montpellier. L'aéroport le plus proche (Aéroport Montpellier Méditerranée) est à 33 km.",43.5661521,4.19154,68.4,6.6594999999999995,3.6814999999999998,4.32275,0.0,12.55
27,Saintes Maries de la mer,Hôtel Casa Marina,https://www.booking.com/hotel/fr/casa-marina-saintes-maries-de-la-mer.fr.html?aid=304142&label=mkt123sc-a82d3251-ea55-485c-9cac-0e8b76e381e8&ucfs=1&arphpl=1&group_adults=2&req_adults=2&no_rooms=1&group_children=0&req_children=0&hpos=1&hapos=1&sr_order=popularity&srpvid=f8f48d063270c3ecdf3e222be9cb5c09&srepoch=1766848829&from=searchresults,43.451133,4.430953,8.9,1455.0,"Emplacement en Front de Mer: L'établissement Hôtel Casa Marina à Saintes-Maries-de-la-Mer offre un accès direct au front de mer, une terrasse ensoleillée et un jardin luxuriant. Vous pourrez profiter de vues sur la mer et d'un espace extérieur relaxant.

Hébergements Confortables: Les chambres sont équipées de la climatisation, de salles de bains privatives avec douches à l'italienne et du WiFi gratuit. Des équipements supplémentaires incluent des balcons, des terrasses et une isolation phonique pour un séjour confortable.

Services Exceptionnels: L'hôtel propose un enregistrement et un départ privés, un service de conciergerie et un bureau d'excursions. Vous pourrez également profiter d'un parking pour vélos, de la location de vélos et de visites guidées à pied.

Emplacement de Choix: Situé à 41 km de l'aéroport de Nîmes-Alès-Camargue-Cévennes, l'hôtel se trouve à quelques pas de la plage d'Amphora et à 39 km de l'Amphithéâtre d'Arles. Très apprécié pour son accès au front de mer et son emplacement pratique.",43.4515922,4.4277202,67.6,7.22325,3.656,6.714,0.003,18.775
27,Saintes Maries de la mer,Thalacap Camargue,https://www.booking.com/hotel/fr/thalacap-camargue.fr.html?aid=304142&label=mkt123sc-a82d3251-ea55-485c-9cac-0e8b76e381e8&ucfs=1&arphpl=1&group_adults=2&req_adults=2&no_rooms=1&group_children=0&req_children=0&hpos=2&hapos=2&sr_order=popularity&srpvid=f8f48d063270c3ecdf3e222be9cb5c09&srepoch=1766848829&from=searchresults,43.45349134476366,4.435451030731201,7.8,1001.0,"Le Thalacap Camargue est situé en face de la plage des Saintes-Maries-de-la-Mer, à 5 minutes de marche du centre-ville. Vous pourrez profiter gratuitement d'une piscine extérieure d'eau de mer ouverte en saison ainsi que d’une piscine intérieure, d’un sauna et d’un hammam ouverts tout au long de l'année.

Toutes les chambres sont climatisées et disposent d’une télévision à écran plat ainsi que d’une connexion Wi-Fi gratuite.

Le restaurant sert un cuisine de style méditerranéen. Lorsque le temps le permet, vous pourrez prendre vos repas sur la terrasse offrant une vue panoramique sur la mer.

En plus des autres installations de détente, vous bénéficierez d’un accès direct à un centre de thalassothérapie proposant différents de soins médicaux et de beauté moyennant des frais supplémentaires.

Vous rejoindrez la ville d’Arles à 37 km. Un parking privé est disponible sur place pour 10 EUR par nuit.",43.4515922,4.4277202,67.6,7.22325,3.656,6.714,0.003,18.775
27,Saintes Maries de la mer,Hotel Les Palmiers En Camargue,https://www.booking.com/hotel/fr/les-palmiers-en-camargue.fr.html?aid=304142&label=mkt123sc-a82d3251-ea55-485c-9cac-0e8b76e381e8&ucfs=1&arphpl=1&group_adults=2&req_adults=2&no_rooms=1&group_children=0&req_children=0&hpos=3&hapos=3&sr_order=popularity&srpvid=f8f48d063270c3ecdf3e222be9cb5c09&srepoch=1766848829&from=searchresults,43.45106617843045,4.4250936806201935,8.2,1973.0,"Doté d'une connexion Wi-Fi gratuite, l'Hotel Les Palmiers En Camargue est situé à Saintes-Maries-de-la-Mer, à 100 mètres des plages de sable et à 200 mètres de l'église des Saintes-Maries.

Une télévision par satellite à écran plat est mise à votre disposition. Certaines chambres sont dotées d’un balcon ou d’une terrasse.

Lors de votre séjour, vous dégusterez sur place un petit-déjeuner buffet composé de mets sucrés et salés.

Vous aurez la possibilité de pratiquer différentes activités, telles que l’équitation, le vélo et la planche à voile.

L'aéroport de Montpellier-Méditerranée est implanté à 53 km. Enfin, un parking public est accessible gratuitement à 50 mètres, tandis que vous disposerez d'un garage privé sur demande et moyennant des frais supplémentaires.",43.4515922,4.4277202,67.6,7.22325,3.656,6.714,0.003,18.775
27,Saintes Maries de la mer,Résidence L'Oiseau des Mers,https://www.booking.com/hotel/fr/residence-l-oiseau-des-mers.fr.html?aid=304142&label=mkt123sc-a82d3251-ea55-485c-9cac-0e8b76e381e8&ucfs=1&arphpl=1&group_adults=2&req_adults=2&no_rooms=1&group_children=0&req_children=0&hpos=4&hapos=4&sr_order=popularity&srpvid=f8f48d063270c3ecdf3e222be9cb5c09&srepoch=1766848829&from=searchresults,43.4540501,4.427996,9.9,73.0,"L’établissement Résidence L'Oiseau des Mers se situe à Saintes-Maries-de-la-Mer (Provence-Alpes-Côte d'Azur), à proximité de ce lieu d’intérêt : Plage des Amphores. Il possède une connexion Wi-Fi gratuite et un parking privé gratuit.

Les hébergements comprennent la climatisation et une télévision à écran plat. Vous bénéficierez d’une cuisine entièrement équipée avec un coin repas, ainsi que d’une salle de bains privative comportant une douche, des articles de toilette gratuits et un sèche-cheveux. Un réfrigérateur, un lave-vaisselle et un four sont également à disposition, de même qu’une machine à café et une bouilloire.

L’établissement comprend une terrasse.

Vous séjournerez à 39 km de ce lieu d’intérêt : Arènes d'Arles. L'aéroport le plus proche (Aéroport de Nîmes Alès Camargue Cévennes) est à 41 km.",43.4515922,4.4277202,67.6,7.22325,3.656,6.714,0.003,18.775
27,Saintes Maries de la mer,"Appartement front de mer avec vue et accès plage, Saintes-Maries-de-la-Mer",https://www.booking.com/hotel/fr/appartement-bord-de-mer-avec-vue-et-acces-plage-saintes-maries-de-la-mer.fr.html?aid=304142&label=mkt123sc-a82d3251-ea55-485c-9cac-0e8b76e381e8&ucfs=1&arphpl=1&group_adults=2&req_adults=2&no_rooms=1&group_children=0&req_children=0&hpos=5&hapos=5&sr_order=popularity&srpvid=f8f48d063270c3ecdf3e222be9cb5c09&srepoch=1766848829&from=searchresults,43.453433711578,4.435737318524,8.6,23.0,"Offrant une vue sur la mer, l’hébergement Appartement front de mer avec vue et accès plage, Saintes-Maries-de-la-Mer se situe à Saintes-Maries-de-la-Mer, à respectivement quelques pas et 39 km de ces lieux d’intérêt : Plage des Amphores et Arènes d'Arles. Cet hébergement en bord de mer met à votre disposition un balcon, un parking privé gratuit et une connexion Wi-Fi gratuite.

Cet appartement compte 1 chambre, un salon comportant une télévision à écran plat, une kitchenette entièrement équipée et 1 salle de bains.

L'aéroport le plus proche (Aéroport de Nîmes Alès Camargue Cévennes) est à 41 km.",43.4515922,4.4277202,67.6,7.22325,3.656,6.714,0.003,18.775
28,Collioure,Hôtel La Casa Pairal,https://www.booking.com/hotel/fr/hotelcasapairal.fr.html?aid=304142&label=mkt123sc-d92c62ef-5dd6-4c05-804f-ab77319f54ef&ucfs=1&arphpl=1&group_adults=2&req_adults=2&no_rooms=1&group_children=0&req_children=0&hpos=1&hapos=1&sr_order=popularity&srpvid=46e1d716b475f03d5a1895512732ab92&srepoch=1766848894&from=searchresults,42.5261673320343,3.082355707883835,9.1,948.0,"Situé à 250 mètres de la plage et du port de Collioure, l’Hôtel La Casa Pairal propose un jardin fleuri exotique et une piscine extérieure chauffée. Il occupe un bâtiment catalan du XIXe siècle au cœur du vieux quartier de Collioure.

Les chambres à la décoration traditionnelle de l’Hôtel La Casa Pairal sont climatisées. Elles possèdent toutes une télévision par satellite à écran plat, un minibar et une connexion Wi-Fi gratuite. Certaines offrent une vue sur la ville, la cour de l’hôtel et sa fontaine, ou la place du village.

A l’Hôtel La Casa Pairal, un petit-déjeuner buffet pourra vous être servi tous les jours dans la salle prévue à cet effet ou dans votre chambre sur demande. Vous pourrez également prendre un verre dans le jardin de l’hôtel.

La réception est ouverte 24h/24. Des journaux gratuits et un coffre-fort sont également disponibles.

La gare de Collioure se trouve à 500 mètres. Vous séjournerez à 23 km de la frontière espagnole.",42.52505,3.0831554,65.2,9.0155,7.76525,2.691,0.14225,49.675
28,Collioure,Les Roches Brunes,https://www.booking.com/hotel/fr/les-roches-brunes-collioure.fr.html?aid=304142&label=mkt123sc-d92c62ef-5dd6-4c05-804f-ab77319f54ef&ucfs=1&arphpl=1&group_adults=2&req_adults=2&no_rooms=1&group_children=0&req_children=0&hpos=2&hapos=2&sr_order=popularity&srpvid=46e1d716b475f03d5a1895512732ab92&srepoch=1766848894&from=searchresults,42.52534777273077,3.0903244632682725,9.2,761.0,"Hébergement Élégant: L'établissement Les Roches Brunes à Collioure propose une expérience hôtelière 4 étoiles avec une terrasse ensoleillée, un jardin, un restaurant, un bar et un accès Wi-Fi gratuit dans les espaces publics. Vous profiterez de vues sur la mer, de la climatisation, de salles de bains privatives et d'équipements modernes.

Restauration et Loisirs: Le restaurant familial propose une cuisine méditerranéenne dans une ambiance moderne et romantique. Le petit-déjeuner comprend des options continentales et sous forme de buffet avec jus de fruits, viennoiseries fraîches, fromages et fruits. Les installations supplémentaires incluent un solarium, des cours de yoga et des visites guidées à pied.

Emplacement Idéal: Situé à quelques pas de la plage de la Balette et à 12 minutes à pied du Château Royal de Collioure, l'hôtel se trouve à 42 km de l'aéroport de Perpignan - Rivesaltes. Les attractions à proximité incluent le Casino de Collioure (3,8 km) et le Stade Gilbert Brutus (34 km). Vous apprécierez les vues pittoresques et l'emplacement pratique.",42.52505,3.0831554,65.2,9.0155,7.76525,2.691,0.14225,49.675
28,Collioure,Maison Nova - Boutique Hôtel & Spa,https://www.booking.com/hotel/fr/boutique-maison-nova.fr.html?aid=304142&label=mkt123sc-d92c62ef-5dd6-4c05-804f-ab77319f54ef&ucfs=1&arphpl=1&group_adults=2&req_adults=2&no_rooms=1&group_children=0&req_children=0&hpos=3&hapos=3&sr_order=popularity&srpvid=46e1d716b475f03d5a1895512732ab92&srepoch=1766848894&from=searchresults,42.5288828,3.0793938,9.2,509.0,"L’établissement Maison Nova - Boutique Hôtel & Spa se situe à Collioure, à 600 mètres de ce lieu d’intérêt : Plage Boramar. Il possède une piscine extérieure, un jardin, une terrasse et un parking privé gratuit. Cet hôtel 5 étoiles propose une connexion Wi-Fi gratuite, un service d'étage et un service de concierge. Vous pourrez profiter d'un bar ainsi que du spa et centre de bien-être sur place avec son sauna et son hammam.

Un petit-déjeuner buffet, continental et américain est servi sur place.

Vous séjournerez à respectivement 600 mètres et 32 km de ces lieux d’intérêt : Château Royal de Collioure et Stade Gilbert-Brutus. L'aéroport le plus proche (Aéroport de Perpignan - Rivesaltes) est à 41 km.",42.52505,3.0831554,65.2,9.0155,7.76525,2.691,0.14225,49.675
28,Collioure,La Frégate,https://www.booking.com/hotel/fr/la-fra-c-gate-collioure.fr.html?aid=304142&label=mkt123sc-d92c62ef-5dd6-4c05-804f-ab77319f54ef&ucfs=1&arphpl=1&group_adults=2&req_adults=2&no_rooms=1&group_children=0&req_children=0&hpos=4&hapos=4&sr_order=popularity&srpvid=46e1d716b475f03d5a1895512732ab92&srepoch=1766848894&from=searchresults,42.52638625163285,3.083256594836712,8.2,1599.0,"Situé à Collioure, l’établissement La Frégate comprend un salon commun, une terrasse, un restaurant et un bar. Il est installé à respectivement quelques pas, 33 km et 3,2 km de : Château Royal de Collioure, Stade Gilbert-Brutus et Casino de Collioure. Cet établissement non-fumeurs se trouve à 200 mètres de : Plage Boramar.

Tous les hébergements possèdent une armoire. Vous bénéficierez d’une télévision, de la climatisation ainsi que d’une salle de bains privative avec un sèche-cheveux. Certains hébergements comprennent également un coin salon. Vous profiterez d’un bureau et d’une machine à café.

Un petit-déjeuner continental est servi sur place.

Lors de votre séjour, vous pourrez pratiquer diverses activités à Collioure et dans les environs, telles que la randonnée.

Vous séjournerez à 23 km de ce lieu d’intérêt : Golf de Saint-Cyprien. L'aéroport le plus proche (Aéroport de Perpignan - Rivesaltes) est à 42 km.",42.52505,3.0831554,65.2,9.0155,7.76525,2.691,0.14225,49.675
28,Collioure,Casa Collioura & Spa,https://www.booking.com/hotel/fr/casa-collioura.fr.html?aid=304142&label=mkt123sc-d92c62ef-5dd6-4c05-804f-ab77319f54ef&ucfs=1&arphpl=1&group_adults=2&req_adults=2&no_rooms=1&group_children=0&req_children=0&hpos=5&hapos=5&sr_order=popularity&srpvid=46e1d716b475f03d5a1895512732ab92&srepoch=1766848894&from=searchresults,42.5235666,3.087087742328,9.2,302.0,"L’établissement Casa Collioura & Spa vous accueille à Collioure, à respectivement 200 mètres et 600 mètres de ces lieux d’intérêt : Plage Boutigue et Château Royal de Collioure. Il comprend une connexion Wi-Fi gratuite et offre une vue sur la ville.

Chaque hébergement possède une salle de bains privative avec une douche, la climatisation, une télévision à écran plat et un réfrigérateur. Un micro-ondes est également à votre disposition, ainsi qu'une machine à café et une bouilloire.

Vous séjournerez à respectivement 33 km et 3,4 km de ces lieux d’intérêt : Stade Gilbert-Brutus et Casino de Collioure. L'aéroport le plus proche (Aéroport de Perpignan - Rivesaltes) est à 42 km.",42.52505,3.0831554,65.2,9.0155,7.76525,2.691,0.14225,49.675
29,Carcassonne,Tribe Carcassonne,https://www.booking.com/hotel/fr/des-trois-couronnes.fr.html?aid=304142&label=mkt123sc-fb83bca7-f246-4c88-8b56-b148616e7f1a&ucfs=1&arphpl=1&group_adults=2&req_adults=2&no_rooms=1&group_children=0&req_children=0&hpos=1&hapos=1&sr_order=popularity&srpvid=db7968d959ee484ae2a458c005ed817d&srepoch=1766848964&from_sustainable_property_sr=1&from=searchresults,43.2103057323667,2.3577556014060974,8.1,2988.0,"Bénéficiant d’un emplacement privilégié dans la ville basse de Carcassonne, où vous pourrez découvrir tous les secrets de la cité médiévale dans un cadre urbain unique, le Tribe Carcassonne se trouve au cœur du quartier historique de la Bastide Saint-Louis, au pied du Pont-Vieux.
Le TRIBE propose des chambres très confortables et met à votre disposition des parties communes ainsi que des espaces de coworking à la décoration raffinée.
Vous pourrez déguster des plats maison au café de l’établissement ou prendre un cocktail sur le toit en profitant d’une vue imprenable sur la cité médiévale.
Les chambres avec balcon offrent une vue magnifique sur la cité médiévale, et vous pourrez vous détendre dans la piscine intérieure chauffée avec vue.",43.2455853,2.1910511,65.4,5.912000000000001,3.4979999999999998,3.84675,0.0125,43.15
29,Carcassonne,ibis Styles Carcassonne La Cité,https://www.booking.com/hotel/fr/inter-les-oliviers.fr.html?aid=304142&label=mkt123sc-fb83bca7-f246-4c88-8b56-b148616e7f1a&ucfs=1&arphpl=1&group_adults=2&req_adults=2&no_rooms=1&group_children=0&req_children=0&hpos=2&hapos=2&sr_order=popularity&srpvid=db7968d959ee484ae2a458c005ed817d&srepoch=1766848964&from_sustainable_property_sr=1&from=searchresults,43.20758442867867,2.3727142810821533,8.4,2834.0,"L'ibis Styles Carcassonne La Cité est situé à seulement 700 mètres de la ville médiévale de Carcassonne. L’établissement dispose d’un restaurant, d’une piscine extérieure, d’une salle de sport et d’un parking privé gratuit. Une connexion Wi-Fi est accessible gratuitement.

Toutes les chambres et des studios disposent de la climatisation. Elles possèdent une télévision, ainsi qu'une salle de bains privative avec une douche ou une baignoire. Toutes sont accessibles par ascenseur et certaines sont adaptées aux personnes à mobilité réduite.

Chaque jour, vous pourrez déguster un petit-déjeuner servi dans la salle à manger, qui offre une vue sur la piscine et les toits de la ville. Vous pourrez savourer du thé et du café à tout moment de la journée dans le hall de l'hôtel.

Vous séjournerez à 15 minutes à pied de la basilique Saint-Nazaire-et-Saint-Celse. La gare de Carcassonne se trouve à 2,5 km.",43.2455853,2.1910511,65.4,5.912000000000001,3.4979999999999998,3.84675,0.0125,43.15
29,Carcassonne,Hotel du Roi & Spa by SOWELL COLLECTION,https://www.booking.com/hotel/fr/soleilvacances-du-roi.fr.html?aid=304142&label=mkt123sc-fb83bca7-f246-4c88-8b56-b148616e7f1a&ucfs=1&arphpl=1&group_adults=2&req_adults=2&no_rooms=1&group_children=0&req_children=0&hpos=3&hapos=3&sr_order=popularity&srpvid=db7968d959ee484ae2a458c005ed817d&srepoch=1766848964&from=searchresults,43.21085,2.357769,8.4,1555.0,"Hébergement Élégant: L'établissement Hotel du Roi & Spa by SOWELL COLLECTION à Carcassonne propose une expérience 5 étoiles avec des équipements de spa, une terrasse ensoleillée et un jardin luxuriant. Vous bénéficiez du Wi-Fi gratuit, d'une piscine intérieure et d'une salle de sport.

Équipements Confortables: Les chambres sont équipées de la climatisation, de salles de bains privatives, de peignoirs et d'équipements modernes tels que des machines à thé et café et des télévisions à écran plat. Les installations supplémentaires incluent un ascenseur, une réception ouverte 24h/24, un service de conciergerie et une station de recharge pour véhicules électriques.

Options de Restauration: Le restaurant traditionnel sert une cuisine française pour le déjeuner et le dîner, accompagnée d'un bar. Les options de petit-déjeuner incluent des formules continentale, américaine et buffet avec jus, viennoiseries fraîches, fromage et fruits.

Emplacement Idéal: Situé à 4 km de l'aéroport de Carcassonne, l'hôtel est proche de la Maison des Mémoires (à 8 minutes à pied), de la cathédrale de Carcassonne (à 700 mètres) et du château Comtal (à 13 minutes à pied). Vous apprécierez les vues pittoresques, le personnel attentif et l'emplacement pratique.",43.2455853,2.1910511,65.4,5.912000000000001,3.4979999999999998,3.84675,0.0125,43.15
29,Carcassonne,GOOD KNIGHT,https://www.booking.com/hotel/fr/good-knight.fr.html?aid=304142&label=mkt123sc-fb83bca7-f246-4c88-8b56-b148616e7f1a&ucfs=1&arphpl=1&group_adults=2&req_adults=2&no_rooms=1&group_children=0&req_children=0&hpos=4&hapos=4&sr_order=popularity&srpvid=db7968d959ee484ae2a458c005ed817d&srepoch=1766848964&from=searchresults,43.207746,2.366914,8.7,2922.0,"Hébergement Élégant: L'établissement GOOD KNIGHT à Carcassonne propose un hôtel avec jardin et terrasse. Vous bénéficiez du Wi-Fi gratuit, de la climatisation et de salles de bains privatives avec articles de toilette gratuits.

Équipements Confortables: La propriété dispose d'un café, d'un parking pour vélos et de services d'enregistrement et de départ express. Un parking privé gratuit est disponible à proximité.

Emplacement Idéal: Situé à 5 km de l'aéroport de Carcassonne, l'hôtel est à quelques pas du château Comtal et à proximité de la Maison des Mémoires et de la cathédrale de Carcassonne.

Préférences des Clients: Les clients apprécient les châteaux, les visites touristiques et les vues pittoresques.",43.2455853,2.1910511,65.4,5.912000000000001,3.4979999999999998,3.84675,0.0125,43.15
29,Carcassonne,Mercure Carcassonne La Cité,https://www.booking.com/hotel/fr/carcassonne-porte-de-la-cite.fr.html?aid=304142&label=mkt123sc-fb83bca7-f246-4c88-8b56-b148616e7f1a&ucfs=1&arphpl=1&group_adults=2&req_adults=2&no_rooms=1&group_children=0&req_children=0&hpos=5&hapos=5&sr_order=popularity&srpvid=db7968d959ee484ae2a458c005ed817d&srepoch=1766848964&from=searchresults,43.20716410155182,2.3698121309280396,8.6,1244.0,"Offrant une vue sur les remparts de la ville, le Mercure Carcassonne La Cité est situé à seulement 4 minutes à pied du quartier médiéval de Carcassonne. Il propose une piscine extérieure ouverte en été et une connexion Wi-Fi gratuite.

Le Mercure Carcassonne Porte De La Cite dispose de chambres climatisées avec une salle de bains privative moderne. Décorées dans des tons pastel, elles donnent sur le jardin ou la montagne Noire.

Au restaurant Le Vicomté sur place, vous dégusterez des spécialités méditerranéennes pour le déjeuner et le dîner, accompagnées d'une sélection de vins. Vous apprécierez également de vous détendre au bar, près de la cheminée.

Lors de votre séjour au Mercure Carcassonne La Cité, vous profiterez d'un jardin, d'un service d'étage, de 3 salles de réunion pouvant accueillir jusqu'à 90 personnes et d'un parking privé gratuit. Enfin, la gare de Carcassonne se trouve à 2,5 km.",43.2455853,2.1910511,65.4,5.912000000000001,3.4979999999999998,3.84675,0.0125,43.15
30,Ariege,"Le Valier, T2 résidence Grand Hôtel - Appt 308 - Aulus-les-bains",https://www.booking.com/hotel/fr/t2-residence-grand-appt-308-aulus-les-bains.fr.html?aid=304142&label=mkt123sc-81d0dabc-52d6-4dd8-bf1c-898a565410bd&ucfs=1&arphpl=1&group_adults=2&req_adults=2&no_rooms=1&group_children=0&req_children=0&hpos=1&hapos=1&sr_order=popularity&srpvid=7917586a4a6ab069634fa0a00cba084b&srepoch=1766849029&from=searchresults,42.791195987878,1.335119436172,9.2,14.0,"Doté d’un sauna, l’hébergement Le Valier, T2 résidence Grand Hôtel - Appt 308 - Aulus-les-bains se situe à Aulus-les-Bains, à 31 km de ce lieu d’intérêt : Col de la Crouzette. Cet appartement possède un parking privé gratuit, un salon commun et une connexion Wi-Fi gratuite.

Cet appartement compte 1 chambre, une cuisine avec un réfrigérateur et un lave-vaisselle, une télévision à écran plat, un coin salon, ainsi que 1 salle de bains comportant une baignoire. Des serviettes et du linge de lit moyennant des frais supplémentaires.

Vous pourrez pratiquer la randonnée ou vous détendre dans le jardin.

Vous séjournerez à respectivement 34 km et 42 km de ces lieux d’intérêt : Cathédrale de Saint-Lizier et Grotte de Niaux. L'aéroport le plus proche (Aéroport de Toulouse-Blagnac) est à 131 km.",42.9455368,1.4065544,61.8,2.113,0.30124999999999996,1.86325,0.01825,56.65
30,Ariege,Gite dans un hameau de charme,https://www.booking.com/hotel/fr/gite-dans-un-hameau-de-charme.fr.html?aid=304142&label=mkt123sc-81d0dabc-52d6-4dd8-bf1c-898a565410bd&ucfs=1&arphpl=1&group_adults=2&req_adults=2&no_rooms=1&group_children=0&req_children=0&hpos=2&hapos=2&sr_order=popularity&srpvid=7917586a4a6ab069634fa0a00cba084b&srepoch=1766849029&from=searchresults,42.980934998634,1.317087045523,9.5,9.0,"Offrant une vue sur la montagne, l’hébergement Gite dans un hameau de charme comprend une terrasse et un balcon, à environ 19 km de ce lieu d’intérêt : Col de la Crouzette. Cette maison de vacances possède un parking privé gratuit et se trouve dans une région où vous pourrez pratiquer des activités telles que la randonnée, le ski et le vélo.

Cette maison de vacances se compose de 1 chambre, d'un salon, d'une cuisine entièrement équipée avec un réfrigérateur et une machine à café, ainsi que de 1 salle de bains avec une baignoire. Des serviettes et du linge de lit moyennant des frais supplémentaires.

Vous séjournerez à respectivement 18 km et 22 km de ces lieux d’intérêt : Club de Golf d'Ariège et Cathédrale de Saint-Lizier. L'aéroport le plus proche (Aéroport de Carcassonne) est à 102 km.",42.9455368,1.4065544,61.8,2.113,0.30124999999999996,1.86325,0.01825,56.65
30,Ariege,Chambre d'Hôtes La Bourdasse,https://www.booking.com/hotel/fr/chambre-d-hotes-cantariege.fr.html?aid=304142&label=mkt123sc-81d0dabc-52d6-4dd8-bf1c-898a565410bd&ucfs=1&arphpl=1&group_adults=2&req_adults=2&no_rooms=1&group_children=0&req_children=0&hpos=3&hapos=3&sr_order=popularity&srpvid=7917586a4a6ab069634fa0a00cba084b&srepoch=1766849029&from=searchresults,43.0317313636535,1.5558797121047974,9.6,47.0,"Proposant un jardin, un salon commun, une terrasse et une connexion Wi-Fi gratuite, l’établissement Chambre d'Hôtes La Bourdasse se situe à Loubens, à respectivement 38 km et 10 km de ces lieux d’intérêt : Col de la Crouzette et Rivière souterraine de Labouiche. Il vous accueille à respectivement 13 km, 29 km et 30 km de : Club de Golf d'Ariège, Bédeilhac et La ferme aux bisons. Cet établissement non-fumeurs se trouve à 12 km de : Château de Foix.

Tous les hébergements proposent un bureau. Les hébergements disposent d’une salle de bains privative dotée d’une douche et d'un sèche-cheveux. Ils offrent également une vue sur le jardin. Vous profiterez aussi d’une armoire.

Un petit-déjeuner continental est servi sur place.

Lors de votre séjour, vous pourrez pratiquer diverses activités à Loubens et dans les environs, telles que le vélo.

Vous séjournerez à respectivement 30 km et 32 km de ces lieux d’intérêt : Grotte de Lombrives et Grotte de Niaux. L'aéroport le plus proche (Aéroport de Carcassonne) est à 74 km.",42.9455368,1.4065544,61.8,2.113,0.30124999999999996,1.86325,0.01825,56.65
30,Ariege,Chalet Pyrénéen,https://www.booking.com/hotel/fr/chalet-pyreneen.fr.html?aid=304142&label=mkt123sc-81d0dabc-52d6-4dd8-bf1c-898a565410bd&ucfs=1&arphpl=1&group_adults=2&req_adults=2&no_rooms=1&group_children=0&req_children=0&hpos=4&hapos=4&sr_order=popularity&srpvid=7917586a4a6ab069634fa0a00cba084b&srepoch=1766849029&from=searchresults,43.221838,1.3976962,8.5,71.0,"Situé à Saint-Ybars, l’hébergement Chalet Pyrénéen propose un jardin, une terrasse et un restaurant. Ce chalet possède un parking privé gratuit et se trouve dans une région où vous pourrez pratiquer des activités telles que la randonnée, la pêche et le vélo.

Ce chalet se compose de 2 chambres, d'un salon, d'une cuisine entièrement équipée avec un réfrigérateur et une machine à café, ainsi que de 1 salle de bains avec une douche et des articles de toilette gratuits. Une télévision à écran plat avec les chaînes du câble est à disposition.

L’établissement Chalet Pyrénéen possède une aire de jeux pour enfants et un barbecue.

L'aéroport le plus proche (Aéroport de Toulouse-Blagnac) est à 59 km.",42.9455368,1.4065544,61.8,2.113,0.30124999999999996,1.86325,0.01825,56.65
30,Ariege,Malepère,https://www.booking.com/hotel/fr/malepere.fr.html?aid=304142&label=mkt123sc-81d0dabc-52d6-4dd8-bf1c-898a565410bd&ucfs=1&arphpl=1&group_adults=2&req_adults=2&no_rooms=1&group_children=0&req_children=0&hpos=5&hapos=5&sr_order=popularity&srpvid=7917586a4a6ab069634fa0a00cba084b&srepoch=1766849029&from=searchresults,43.05318016042,1.848653033064,8.2,28.0,"Situé à La Bastide-de-Bousignac, l’hébergement Malepère offre une vue sur le jardin. Il comprend une piscine extérieure ouverte en saison, un jardin, un barbecue et une connexion Wi-Fi gratuite. Cette maison de vacances comprend un parking privé gratuit et se trouve dans une région où vous pourrez pratiquer des activités telles que le ski, le vélo et le ping-pong.

Disposant d’un balcon et offrant une vue sur la piscine, cette maison de vacances possède 1 chambre, un salon, une télévision à écran plat, une cuisine équipée avec un réfrigérateur et un lave-vaisselle, ainsi que 1 salle de bains avec une douche. Des serviettes et du linge de lit sont à votre disposition.

L’établissement Malepère propose une terrasse bien exposée et une aire de jeux pour enfants.

Vous séjournerez à respectivement 19 km et 30 km de ces lieux d’intérêt : La ferme aux bisons et Fontaine intermittente Fontestorbes. L'aéroport le plus proche (Aéroport de Carcassonne) est à 47 km.",42.9455368,1.4065544,61.8,2.113,0.30124999999999996,1.86325,0.01825,56.65
31,Toulouse,Plaza Hotel Capitole Toulouse,https://www.booking.com/hotel/fr/crowne-plaza-toulouse-toulouse.fr.html?aid=304142&label=mkt123sc-0a283909-fad0-4cd3-9724-51967c5707e1&ucfs=1&arphpl=1&group_adults=2&req_adults=2&no_rooms=1&group_children=0&req_children=0&hpos=1&hapos=1&sr_order=popularity&srpvid=2efec7db06c0182d0e44704c290c5243&srepoch=1766849085&from=searchresults,43.60373648915114,1.4427535235881805,8.2,7348.0,"Le Plaza Hotel Capitole Toulouse - Anciennement-formerly CROWNE PLAZA) est idéalement situé au cœur de la ville, à 200 mètres de la station de métro Capitole, à 10 km de l'aéroport de Blagnac ainsi qu’à 15 km du parc des expositions et centre de conventions MEETT.
L'Opéra National du Capitole se trouve à 200 mètres de l'hôtel et le centre de conventions Pierre Baudis est accessible en 10 minutes à pied.

Toutes les 162 chambres et suites comprennent un bureau, une télévision à écran plasma ainsi qu’une salle de bains avec baignoire. Elles sont également dotées d’un coffre-fort, d’une connexion Wi-Fi, d’un plateau/bouilloire et de téléphones.
Certains hébergements offrent une vue sur la place du Capitole.

Le petit-déjeuner buffet continental est servi du lundi au vendredi de 6h30 à 10h30 ainsi que le samedi et le dimanche jusqu'à 11h00.
Le restaurant-bar L'Atrium est ouvert tous les jours pour le déjeuner et le dîner. Le chef prépare de délicieux plats maison à base de produits frais locaux. Le bar Atrium sert un grand choix de cocktails et de boissons.

La réception de l'établissement est ouverte 24h/24 et 7j/7 toute l'année. De plus, la connexion Wi-Fi est accessible gratuitement dans tout l’hôtel.
La salle de sport, réservée aux clients de l'hôtel, est ouverte tous les jours de 6h30 à 22h00.

Vous pourrez rejoindre facilement à pied de nombreux lieux d’intérêt touristiques depuis l'établissement : la cathédrale Saint-Sernin, le couvent des Jacobins, le musée des Augustins et la Garonne.

C'est le quartier de Toulouse préférée des visiteurs, selon des commentaires indépendants.",43.5792284,1.503329,66.4,5.58,3.5122500000000003,3.07075,0.0,35.675
31,Toulouse,Mercure Toulouse Centre Saint-Georges,https://www.booking.com/hotel/fr/mercure-toulouse-saint-georges.fr.html?aid=304142&label=mkt123sc-0a283909-fad0-4cd3-9724-51967c5707e1&ucfs=1&arphpl=1&group_adults=2&req_adults=2&no_rooms=1&group_children=0&req_children=0&hpos=2&hapos=2&sr_order=popularity&srpvid=2efec7db06c0182d0e44704c290c5243&srepoch=1766849085&from_sustainable_property_sr=1&from=searchresults,43.60332861323894,1.448235958814621,8.1,1789.0,"Le Mercure Toulouse Centre Saint-Georges se trouve dans le centre historique de Toulouse, à seulement 50 mètres de la place Wilson et à 3,5 km du Stadium de Toulouse. L’établissement propose des hébergements climatisés avec une connexion Wi-Fi gratuite et une terrasse avec un couloir de nage.

Desservies par un ascenseur, toutes les chambres du Toulouse Saint-Georges disposent d’une télévision par satellite et d’une salle de bains privative.

L'établissement propose également un bar, un service de blanchisserie, un service d'étage et un petit-déjeuner buffet. La réception est ouverte 24h/24.

Le Saint-Georges se trouve à 300 mètres de l'hôtel de ville, situé sur la place du Capitole, et à seulement 100 mètres de la station de métro Jean-Jaurès, d’où vous pourrez rejoindre l'ensemble des sites d'intérêt de Toulouse. Un parking public est accessible sous l’hôtel.",43.5792284,1.503329,66.4,5.58,3.5122500000000003,3.07075,0.0,35.675
31,Toulouse,Ibis Styles Toulouse Centre Canal du Midi,https://www.booking.com/hotel/fr/kyriad-toulouse.fr.html?aid=304142&label=mkt123sc-0a283909-fad0-4cd3-9724-51967c5707e1&ucfs=1&arphpl=1&group_adults=2&req_adults=2&no_rooms=1&group_children=0&req_children=0&hpos=3&hapos=3&sr_order=popularity&srpvid=2efec7db06c0182d0e44704c290c5243&srepoch=1766849085&from_sustainable_property_sr=1&from=searchresults,43.601470897711884,1.4570682943303837,7.9,3570.0,"L’hôtel Ibis Styles Toulouse Centre Canal du Midi est situé au centre de Toulouse, au bord du canal du Midi, à proximité de la salle de concerts Halle aux Grains, à seulement 1 km de la place du Capitole et à 3,5 km du stade toulousain. Vous bénéficierez gratuitement d’une connexion Wi-Fi.

Les chambres climatisées de l’ibis Styles Toulouse Centre Canal du Midi disposent toutes d’une salle de bains privative. Une télévision à écran plat est également disponible. Elles sont desservies par un ascenseur.

Chaque matin, vous pourrez déguster un petit-déjeuner buffet continental sur place. L’ibis Styles Toulouse Centre Canal du Midi propose une réception ouverte 24h/24 et des journaux gratuits. Un parking privé souterrain est accessible moyennant des frais supplémentaires ainsi qu’un local à vélos (gratuit).

L’hôtel se trouve à 10 minutes à pied de la gare de Toulouse-Matabiau et à 4 km du parc des expositions. L’aéroport de Toulouse-Blagnac est accessible en 15 minutes en voiture. La station de métro François Verdier est accessible, quant à elle, à 5 minutes à pied.",43.5792284,1.503329,66.4,5.58,3.5122500000000003,3.07075,0.0,35.675
31,Toulouse,Nemea Appart Hotel Concorde Toulouse Gare Matabiau,https://www.booking.com/hotel/fr/residence-concorde.fr.html?aid=304142&label=mkt123sc-0a283909-fad0-4cd3-9724-51967c5707e1&ucfs=1&arphpl=1&group_adults=2&req_adults=2&no_rooms=1&group_children=0&req_children=0&hpos=4&hapos=4&sr_order=popularity&srpvid=2efec7db06c0182d0e44704c290c5243&srepoch=1766849085&from=searchresults,43.61194052005384,1.4518066495656967,8.3,4543.0,"Le Néméa Appart’Hôtel Résidence Concorde est situé dans le centre de Toulouse, à proximité du canal du Midi et en face de la gare ferroviaire de Toulouse-Matabiau. Il dispose d’une salle de sport avec un sauna, aménagée au 9ème étage.

Tous les hébergements du Nemea Appart Hotel Concorde Toulouse Gare Matabiau sont dotés de la climatisation, d'une télévision et d'une connexion Wi-Fi gratuite. La salle de bains privative est pourvue d'une baignoire.

Les appartements et les studios comprennent une kitchenette équipée d'un micro-ondes. Des bars et des restaurants sont installés à quelques minutes à pied de l’établissement.

Des soins de beauté peuvent être dispensés dans votre hébergement sur demande et moyennant des frais supplémentaires.

Le Néméa Appart’Hôtel Résidence Concorde constitue un excellent pied-à-terre pour découvrir le centre de Toulouse et la place du Capitole, à 15 minutes de marche. L'aéroport de Toulouse-Blagnac est accessible à 15 minutes de route.",43.5792284,1.503329,66.4,5.58,3.5122500000000003,3.07075,0.0,35.675
31,Toulouse,Le Grand Boudoir,https://www.booking.com/hotel/fr/le-grand-boudoir.fr.html?aid=304142&label=mkt123sc-0a283909-fad0-4cd3-9724-51967c5707e1&ucfs=1&arphpl=1&group_adults=2&req_adults=2&no_rooms=1&group_children=0&req_children=0&hpos=5&hapos=5&sr_order=popularity&srpvid=2efec7db06c0182d0e44704c290c5243&srepoch=1766849085&from=searchresults,43.6012658,1.4447339000000001,6.8,6.0,"Possédant une terrasse, l’hébergement Le Grand Boudoir bénéficie d’un emplacement attractif dans le centre de Toulouse. Cet appartement 4 étoiles est à 3,2 km de : Zénith de Toulouse.

Cet appartement se compose de 2 chambres, d'un salon, d'une cuisine entièrement équipée avec un réfrigérateur et une machine à café, ainsi que de 2 salles de bains avec une douche et des articles de toilette gratuits. Cet hébergement met à votre disposition des serviettes et du linge de lit.

Vous séjournerez à proximité de ces lieux d’intérêt : Métro Esquirol, Métro des Carmes et Le Pont Neuf. L'aéroport le plus proche (Aéroport de Toulouse-Blagnac) est à 8 km.",43.5792284,1.503329,66.4,5.58,3.5122500000000003,3.07075,0.0,35.675
32,Montauban,Dali Hôtel Montauban,https://www.booking.com/hotel/fr/dali-montauban.fr.html?aid=304142&label=mkt123sc-a545f05a-abe8-46cb-8a19-05a50d5452c0&ucfs=1&arphpl=1&group_adults=2&req_adults=2&no_rooms=1&group_children=0&req_children=0&hpos=1&hapos=1&sr_order=popularity&srpvid=f7ef3a9e63bd5e713dd8e153c140d73e&srepoch=1766849144&from=searchresults,44.020995559797,1.349240014017,8.9,2144.0,"Situé à Montauban, l’établissement Dali Hôtel Montauban comprend une terrasse, un restaurant et un spa et centre de bien-être. Cet hôtel 4 étoiles propose une piscine extérieure ouverte en saison ainsi que des hébergements dotés de la climatisation, d’une connexion Wi-Fi gratuite et d’une salle de bains privative. Un parking privé est disponible sur place.

Les hébergements sont dotés d’une télévision à écran plat avec les chaînes du satellite, d’une armoire, d’une bouilloire, d’une douche, et d'un sèche-cheveux. Vous bénéficierez d'un coffre-fort. Certains hébergements comprennent également une vue sur la ville. Des serviettes et du linge de lit sont fournis.

L’établissement Dali Hôtel Montauban sert un petit-déjeuner buffet ou continental.

La région est prisée des amateurs de randonnée et de vélo, et l’établissement Dali Hôtel Montauban assure un service de location de vélos.

Parlant anglais, espagnol et français, le personnel de la réception se fera un plaisir de vous renseigner à toute heure de la journée.

L'aéroport le plus proche (Aéroport de Toulouse-Blagnac) est à 52 km.",44.0540146,1.4938873,68.0,5.031000000000001,3.561,2.077,0.0,31.225
32,Montauban,Abbaye des Capucins Spa & Resort,https://www.booking.com/hotel/fr/abbaye-des-capucins-spa-and-resort.fr.html?aid=304142&label=mkt123sc-a545f05a-abe8-46cb-8a19-05a50d5452c0&ucfs=1&arphpl=1&group_adults=2&req_adults=2&no_rooms=1&group_children=0&req_children=0&hpos=2&hapos=2&sr_order=popularity&srpvid=f7ef3a9e63bd5e713dd8e153c140d73e&srepoch=1766849144&from=searchresults,44.020542927203735,1.3495668768882751,8.5,2240.0,"L’Abbaye des Capucins Spa & Resort vous accueille à Montauban, à 30 minutes en voiture de Toulouse. Vous aurez gratuitement accès à une piscine extérieure, un spa et une salle de sport dotée d’appareils de cardio-training.

L'Abbaye des Capucins Spa & Resort propose des hébergements insonorisés et climatisés. Toutes les chambres disposent d’une salle de bains privative et certaines bénéficient d’une terrasse avec vue sur le Tarn. Moyennant un supplément, vous pourrez prendre votre petit-déjeuner dans le confort de votre chambre.

Vous pourrez manger à la brasserie de l’hôtel, Le Bistro des Capucins.

L’Abbaye des Capucins Spa & Resort propose des massages et des soins de beauté. Cet établissement dispose d’un centre d’affaires et d’un parking privé gratuit.",44.0540146,1.4938873,68.0,5.031000000000001,3.561,2.077,0.0,31.225
32,Montauban,ibis Montauban,https://www.booking.com/hotel/fr/ha-tel-ibis-montauban.fr.html?aid=304142&label=mkt123sc-a545f05a-abe8-46cb-8a19-05a50d5452c0&ucfs=1&arphpl=1&group_adults=2&req_adults=2&no_rooms=1&group_children=0&req_children=0&hpos=3&hapos=3&sr_order=popularity&srpvid=f7ef3a9e63bd5e713dd8e153c140d73e&srepoch=1766849144&from=searchresults,44.005367497284546,1.3837341964244843,8.3,728.0,"Situé à la sortie de l'autoroute A20, à 5 minutes en voiture de Montauban, cet hôtel ibis possède un bar, une piscine extérieure et une salle de réunion. Un parking privé et une connexion Wi-Fi sont disponibles gratuitement.

Décorées avec simplicité, les chambres comprennent une télévision à écran LCD, un téléphone et un bureau. Leur salle de bains privative est pourvue d'une douche ou d'une baignoire.

Chaque matin, vous pourrez savourer un petit-déjeuner buffet composé de mets sucrés et salés, tels que des œufs, de la salade de fruits, des yaourts et des jus. Des viennoiseries cuites sur place et des madeleines françaises fraîches sont aussi proposées, ainsi qu'une boisson chaude et un fruit à emporter. En dehors des horaires habituels, vous pourrez profiter d'un petit-déjeuner plus léger à partir de 4h00. Des spécialités françaises sont servies au restaurant, ouvert uniquement pour le dîner.

L'hôtel ibis Montauban se trouve à 1,5 km du stade de la Fobio et à 4 km du stade Sapiac. En voiture, vous pourrez rejoindre la gare de Montauban-Ville-Bourbon en 15 minutes et l'aéroport de Toulouse-Blagnac en 35 minutes.",44.0540146,1.4938873,68.0,5.031000000000001,3.561,2.077,0.0,31.225
32,Montauban,Le Passage de la Comédie - Climatisation & WiFi Fibre,https://www.booking.com/hotel/fr/le-passage-de-la-comedie-climatisation-amp-wifi-fibre.fr.html?aid=304142&label=mkt123sc-a545f05a-abe8-46cb-8a19-05a50d5452c0&ucfs=1&arphpl=1&group_adults=2&req_adults=2&no_rooms=1&group_children=0&req_children=0&hpos=4&hapos=4&sr_order=popularity&srpvid=f7ef3a9e63bd5e713dd8e153c140d73e&srepoch=1766849144&from=searchresults,44.0188058,1.3551186,9.3,35.0,"L’hébergement Le Passage de la Comédie - Climatisation & WiFi Fibre vous accueille à Montauban. Vous bénéficierez également d’une connexion Wi-Fi gratuite dans tout l'hébergement.

Cet appartement avec climatisation se compose de 2 chambres, d'un salon, d'une cuisine entièrement équipée avec un réfrigérateur et une machine à café, ainsi que de 1 salle de bains avec une douche et un sèche-cheveux. Une télévision est à votre disposition.

L'aéroport le plus proche (Aéroport de Toulouse-Blagnac) est à 52 km.",44.0540146,1.4938873,68.0,5.031000000000001,3.561,2.077,0.0,31.225
32,Montauban,Appartement lumineux et traversant,https://www.booking.com/hotel/fr/appartement-lumineux-et-traversant.fr.html?aid=304142&label=mkt123sc-a545f05a-abe8-46cb-8a19-05a50d5452c0&ucfs=1&arphpl=1&group_adults=2&req_adults=2&no_rooms=1&group_children=0&req_children=0&hpos=5&hapos=5&sr_order=popularity&srpvid=f7ef3a9e63bd5e713dd8e153c140d73e&srepoch=1766849144&from=searchresults,44.010040208072,1.372523232747,8.8,68.0,"L’hébergement Appartement lumineux et traversant se situe à Montauban.

Bénéficiant d’une connexion Wi-Fi gratuite, cet appartement de 2 chambres possède une télévision à écran plat ainsi qu’une cuisine avec un réfrigérateur et un four. L’hébergement Appartement lumineux et traversant met à votre disposition un parking privé gratuit.

L'aéroport le plus proche (Aéroport de Toulouse-Blagnac) est à 53 km.",44.0540146,1.4938873,68.0,5.031000000000001,3.561,2.077,0.0,31.225
33,Biarritz,Hôtel Le Café de Paris,https://www.booking.com/hotel/fr/le-cafe-de-paris-4.fr.html?aid=304142&label=mkt123sc-83bc2c05-6cd7-4534-818e-7deefbf7110d&ucfs=1&arphpl=1&group_adults=2&req_adults=2&no_rooms=1&group_children=0&req_children=0&hpos=1&hapos=1&sr_order=popularity&srpvid=1941e1afdca6316cc5fd6c00ac14296a&srepoch=1766849209&from=searchresults,43.482718094375606,-1.5613406896591187,9.0,911.0,"L'Hôtel Le Café de Paris est situé dans le centre de Biarritz, sur la place piétonne Bellevue et à 5 minutes à pied des Halles. Toutes les chambres offrent une vue panoramique sur la mer.

Toutes les chambres sont équipées d'une salle de bains privative en céramique italienne, d'une télévision par satellite à écran plat avec Canal+ et d'une connexion Wi-Fi gratuite.

Vous pourrez déguster une cuisine raffinée dans le restaurant de l'Hôtel Le Café de Paris. Le restaurant propose une terrasse extérieure donnant sur la place Bellevue et la mer.",43.4832523,-1.5592776,65.4,7.821250000000001,6.47825,2.45,0.04975,56.975
33,Biarritz,Hôtel Barnea,https://www.booking.com/hotel/fr/hotelargieder.fr.html?aid=304142&label=mkt123sc-83bc2c05-6cd7-4534-818e-7deefbf7110d&ucfs=1&arphpl=1&group_adults=2&req_adults=2&no_rooms=1&group_children=0&req_children=0&hpos=2&hapos=2&sr_order=popularity&srpvid=1941e1afdca6316cc5fd6c00ac14296a&srepoch=1766849209&from=searchresults,43.48072811046226,-1.5642817318439484,9.0,968.0,"L'Hotel Hôtel Barnea se situe dans le centre de Biarritz, à seulement 3 minutes à pied de la plage, des commerces et des restaurants.

Les chambres insonorisées possèdent toutes une salle de bains privative, une télévision et une connexion Wi-Fi gratuite.

Un petit-déjeuner continental est servi tous les matins.

L'Hôtel Barnea est à 2 km du parcours de golf de Biarritz et à 3 minutes de marche du centre des congrès.",43.4832523,-1.5592776,65.4,7.821250000000001,6.47825,2.45,0.04975,56.975
33,Biarritz,Résidence Vacances Bleues Le Grand Large,https://www.booking.com/hotel/fr/le-grand-large-biarritz.fr.html?aid=304142&label=mkt123sc-83bc2c05-6cd7-4534-818e-7deefbf7110d&ucfs=1&arphpl=1&group_adults=2&req_adults=2&no_rooms=1&group_children=0&req_children=0&hpos=3&hapos=3&sr_order=popularity&srpvid=1941e1afdca6316cc5fd6c00ac14296a&srepoch=1766849209&from=searchresults,43.48065123446311,-1.5653452277183533,8.5,3839.0,"Offrant une vue panoramique sur la plage de la Côte des Basques, la Résidence Vacances Bleues Le Grand Large est un appart’hôtel situé au cœur de Biarritz, à seulement 200 mètres du quartier du Port-Vieux et à proximité de nombreux magasins, marchés locaux et bars à tapas. Vous pourrez profiter sur place d’une piscine extérieure chauffée.

Les studios spacieux du Grand Large disposent d’une loggia avec des persiennes donnant sur l’océan ou le phare. Ils comprennent une salle de bains privative moderne et une kitchenette équipée munie d’une plaque de cuisson vitrocéramique.

Un petit-déjeuner buffet continental est servi sur place.

L’appart'hôtel se trouve à moins de 5 minutes à pied de la plage de la Côte des Basques. Les parcours de golf de Biarritz et de Bidart vous attendent à moins de 3 km. L’aéroport de Biarritz-Pays basque est, quant à lui, situé à 4 km.",43.4832523,-1.5592776,65.4,7.821250000000001,6.47825,2.45,0.04975,56.975
33,Biarritz,Grand Tonic Hotel & SPA NUXE,https://www.booking.com/hotel/fr/tonic-hotel-biarritz.fr.html?aid=304142&label=mkt123sc-83bc2c05-6cd7-4534-818e-7deefbf7110d&ucfs=1&arphpl=1&group_adults=2&req_adults=2&no_rooms=1&group_children=0&req_children=0&hpos=4&hapos=4&sr_order=popularity&srpvid=1941e1afdca6316cc5fd6c00ac14296a&srepoch=1766849209&from=searchresults,43.48447350743248,-1.5569445490837097,7.9,1201.0,"
Situé dans la ville balnéaire de Biarritz, le Grand Tonic Hotel & SPA Biarritz se trouve à seulement 200 mètres de la Grande Plage pour un séjour parfait à pied.

L'hôtel propose une terrasse ombragée et des chambres élégantes dotées d'une connexion Wi-Fi gratuite.

Les chambres climatisées sont presque toutes équipées d'un bain à remous dans la salle de bains. Pourvu d’une télévision internationale par câble, chaque étage du Grand Tonic Hotel présente un thème individuel.

Le restaurant LMB sert une cuisine raffinée. Vous pourrez par ailleurs déguster un cocktail au bar. De plus, un petit-déjeuner buffet continental à volonté est servi chaque matin.

Pour un séjour parfait, vous pourrez vous détendre dans la piscine intérieure chauffée, le hammam ou le sauna du spa de l'hôtel. Vous trouverez également une brochure de soins (à réserver à l'avance) pour vous accorder un moment de détente.

Un parking privé payant est disponible sur réservation préalable. Le parking public du Casino Biarritz Barrière se trouve également à seulement 300 mètres.

Le parcours de golf de Biarritz-Le Phare est accessible à 1 km.

Il s’agit du quartier de Biarritz préféré des voyageurs, selon des avis indépendants.
Les couples apprécient particulièrement l’emplacement de cet établissement. Ils lui donnent une note de 9,2 pour un séjour à deux.

Le Grand Tonic Hôtel et Spa Nuxe se refait une beauté pour mieux vous accueillir. Les travaux extérieurs devraient se poursuivre jusqu'à fin mai.",43.4832523,-1.5592776,65.4,7.821250000000001,6.47825,2.45,0.04975,56.975
33,Biarritz,Le Talaia Hôtel & Spa Biarritz - MGallery Collection,https://www.booking.com/hotel/fr/radisson-blu-hotel-biarritz.fr.html?aid=304142&label=mkt123sc-83bc2c05-6cd7-4534-818e-7deefbf7110d&ucfs=1&arphpl=1&group_adults=2&req_adults=2&no_rooms=1&group_children=0&req_children=0&hpos=5&hapos=5&sr_order=popularity&srpvid=1941e1afdca6316cc5fd6c00ac14296a&srepoch=1766849209&from=searchresults,43.47827192258378,-1.5646907687187195,8.8,185.0,"Face à l’océan Atlantique, le Talaia proposera 149 chambres, dont 28 Suites Junior et 8 Suites, un restaurant sur le toit : La Petite Plage, conçue par le chef Eric Frechon, un bar à cocktails, un spa Cinq Mondes avec sauna, hammam, douche expérientielle, une salle de fitness et une salle de surf avec accès direct à la plage de la Côte des Basques. Une piscine extérieure chauffée complétera également ce tableau enchanteur.
La MGallery Biarritz sera également une destination de choix pour les voyageurs d'affaires : avec 11 salles de réunion entièrement équipées et connectées, l'hôtel offrira un environnement de travail agréable, idéal pour les réunions d'équipe, séminaires et le team building.
Le projet a été confié à Jean-Philippe Nuel pour l’architecture et l’aménagement intérieur, et à L’atelier Claret Lebecq pour l’architecture et la façade du bâtiment.",43.4832523,-1.5592776,65.4,7.821250000000001,6.47825,2.45,0.04975,56.975
34,Bayonne,Hotel Cote Basque,https://www.booking.com/hotel/fr/cote-basque.fr.html?aid=304142&label=mkt123sc-ce95bad0-02a4-4928-a4f7-11b427def32a&ucfs=1&arphpl=1&group_adults=2&req_adults=2&no_rooms=1&group_children=0&req_children=0&hpos=1&hapos=1&sr_order=popularity&srpvid=b7b57bbccc251e93262c141ab224c8b0&srepoch=1766849271&from=searchresults,43.49618306480432,-1.4696010947227478,8.0,4471.0,"L'Hotel Cote Basque est situé au cœur de la ville historique de Bayonne, en face du pont Saint-Esprit. Il propose une connexion Wi-Fi gratuite et des chambres avec salle de bains privative.

Les chambres de l'Hotel Cote Basque sont dotées de la télévision par satellite et de la climatisation. Elles sont accessibles par ascenseur. Un sèche-cheveux peut être fourni sur demande.

Chaque matin, l’hôtel sert un petit-déjeuner buffet complet.

L'Hotel Cote Basque se trouve à 100 mètres de la gare de Bayonne, à 5 km de Biarritz et à 30 km de Saint-Sébastien. Un parking public est disponible à proximité moyennant des frais supplémentaires.",43.2775332,-1.2087111,63.4,5.784000000000001,5.1442499999999995,1.2965,0.027750000000000004,67.1
34,Bayonne,Hôtel Le Bayonne,https://www.booking.com/hotel/fr/le-bayonne-ha-tel.fr.html?aid=304142&label=mkt123sc-ce95bad0-02a4-4928-a4f7-11b427def32a&ucfs=1&arphpl=1&group_adults=2&req_adults=2&no_rooms=1&group_children=0&req_children=0&hpos=2&hapos=2&sr_order=popularity&srpvid=b7b57bbccc251e93262c141ab224c8b0&srepoch=1766849271&from=searchresults,43.485026198989566,-1.4753705263137817,8.3,2599.0,"Situé dans le centre-ville de Bayonne, en Aquitaine, l’Hôtel Le Bayonne dispose d’une piscine extérieure ouverte en saison. 

Les chambres de l’Hôtel Le Bayonne disposent d’une connexion Internet gratuite par fibre optique et d’une télévision par satellite à écran plat. Chaque hébergement comprend la climatisation, un bureau et un téléphone.

Le restaurant de l'Hôtel Le Bayonne sert une cuisine traditionnelle et le bar propose des boissons. Un petit-déjeuner est servi chaque matin dans une salle prévue à cet effet ou dans le confort de votre chambre.

L'établissement se trouve à 600 mètres des Halles de Bayonne et du centre-ville et à 900 mètres du musée Bonnat-Helleu.

L'hôtel est situé à 7,6 km de Biarritz et de la côte atlantique, à 3 km de la gare de Bayonne et à 5,5 km de l'aéroport de Biarritz-Anglet-Bayonne. Un parking privé est disponible sur place moyennant des frais supplémentaires.",43.2775332,-1.2087111,63.4,5.784000000000001,5.1442499999999995,1.2965,0.027750000000000004,67.1
34,Bayonne,OKKO Hotels Bayonne Centre,https://www.booking.com/hotel/fr/okko-hotels-bayonne-centre.fr.html?aid=304142&label=mkt123sc-ce95bad0-02a4-4928-a4f7-11b427def32a&ucfs=1&arphpl=1&group_adults=2&req_adults=2&no_rooms=1&group_children=0&req_children=0&hpos=3&hapos=3&sr_order=popularity&srpvid=b7b57bbccc251e93262c141ab224c8b0&srepoch=1766849271&from=searchresults,43.49534430000001,-1.4825117999999975,8.2,2953.0,"Installé à Bayonne, à seulement 700 mètres du centre-ville et de la cathédrale Sainte-Marie, l’OKKO Hotels Bayonne Centre vous propose des chambres climatisées et une connexion Wi-Fi gratuite dans l’ensemble de ses locaux. Un parking privé est accessible sur place sous réserve de disponibilité et moyennant des frais supplémentaires.

Toutes les chambres sont équipées d’une télévision à écran plat et d’une machine à café. Leur salle de bains privative est pourvue d’un sèche-cheveux et d’articles de toilette gratuits.

Chaque matin, vous pourrez savourer un petit-déjeuner buffet sur place. Toute la journée, des boissons sans alcool sont également disponibles gratuitement dans le salon.

L’établissement possède une réception ouverte 24h/24. Situé au dernier étage, l’espace club de l’OKKO Hotels Bayonne Centre offre une vue panoramique sur la ville, le fleuve Adour et le sommet de la Rhune.

L’OKKO Hotels Bayonne Centre se trouve à 600 mètres des arènes de Bayonne, à 1,6 km du parc Ansot et à 5 km des plages de l’océan. L’aéroport de Biarritz-Pays basque, le plus proche, est implanté à 4 km de l’établissement.",43.2775332,-1.2087111,63.4,5.784000000000001,5.1442499999999995,1.2965,0.027750000000000004,67.1
34,Bayonne,Boutique Hôtel Un Appart en Ville,https://www.booking.com/hotel/fr/un-appart-en-ville-bayonne1.fr.html?aid=304142&label=mkt123sc-ce95bad0-02a4-4928-a4f7-11b427def32a&ucfs=1&arphpl=1&group_adults=2&req_adults=2&no_rooms=1&group_children=0&req_children=0&hpos=4&hapos=4&sr_order=popularity&srpvid=b7b57bbccc251e93262c141ab224c8b0&srepoch=1766849271&from=searchresults,43.4909225,-1.4774412,8.3,478.0,"L’établissement Boutique Hôtel Un Appart en Ville vous accueille à Bayonne, à respectivement 12 km et 22 km de ces lieux d’intérêt : Gare de Biarritz La Négresse et Gare de Saint-Jean-de-Luz. Il comprend des hébergements dotés de la climatisation, d’une vue sur la ville et d’une connexion Wi-Fi gratuite.

Chaque hébergement possède une télévision à écran plat avec les chaînes du satellite. Vous bénéficierez également d’une cuisine complètement équipée comprenant une table à manger, ainsi que d’une salle de bains privative comportant une douche, des articles de toilette gratuits et un sèche-cheveux. Un réfrigérateur, un lave-vaisselle et un micro-ondes sont également à votre disposition, de même qu’une machine à café et une bouilloire.

Un petit-déjeuner à la carte, continental et végétarien est servi sur place.

Vous pourrez profiter d’une terrasse sur place et pratiquer la randonnée ainsi que le vélo dans les environs.

Vous séjournerez à respectivement 22 km et 36 km de ces lieux d’intérêt : Église Saint-Jean-Baptiste et Gare d'Hendaye. L'aéroport le plus proche (Aéroport de Biarritz-Pays basque) est à 5 km.",43.2775332,-1.2087111,63.4,5.784000000000001,5.1442499999999995,1.2965,0.027750000000000004,67.1
34,Bayonne,Hôtel Villa KOEGUI Bayonne,https://www.booking.com/hotel/fr/villa-koegui-bayonne.fr.html?aid=304142&label=mkt123sc-ce95bad0-02a4-4928-a4f7-11b427def32a&ucfs=1&arphpl=1&group_adults=2&req_adults=2&no_rooms=1&group_children=0&req_children=0&hpos=5&hapos=5&sr_order=popularity&srpvid=b7b57bbccc251e93262c141ab224c8b0&srepoch=1766849271&from=searchresults,43.492371,-1.472588,8.9,1433.0,"Situé à Bayonne, l’établissement Hôtel Villa KOEGUI Bayonne possède un salon commun, une terrasse, un restaurant et un bar. Cet hôtel 4 étoiles propose une salle de sport ainsi que des hébergements dotés de la climatisation, d’une connexion Wi-Fi gratuite et d’une salle de bains privative. Un sauna, des animations en soirée et un service d'étage sont disponibles sur place.

Tous les hébergements comportent un bureau. Vous profiterez d'une télévision à écran plat avec les chaînes du câble et d’un coffre-fort.

Un petit-déjeuner buffet, continental ou sans gluten est servi sur place.

Parlant anglais, espagnol et français, le personnel de la réception ouverte 24h/24 se tient en permanence à votre disposition pour toute question.

Vous séjournerez à respectivement 12 km et 22 km de ces lieux d’intérêt : Gare de Biarritz La Négresse et Gare de Saint-Jean-de-Luz. L'aéroport le plus proche (Aéroport de Biarritz-Pays basque) est à 5 km.",43.2775332,-1.2087111,63.4,5.784000000000001,5.1442499999999995,1.2965,0.027750000000000004,67.1
35,La Rochelle,Best Western Plus Central Park Hotel,https://www.booking.com/hotel/fr/central-park-amp-spa.fr.html?aid=304142&label=mkt123sc-5d97cc5f-1ebd-4563-aeb9-023a5280d5c5&ucfs=1&arphpl=1&group_adults=2&req_adults=2&no_rooms=1&group_children=0&req_children=0&hpos=1&hapos=1&sr_order=popularity&srpvid=74023bf34c7cb4f3001a9a7031dde2fb&srepoch=1766849327&from=searchresults,46.15891332534751,-1.1608233546310203,8.8,2154.0,"Le Central Park Hôtel & Spa est un établissement 4 étoiles situé à La Rochelle, à côté du Vieux-Port, à quelques minutes à pied de la plage et à 10 minutes de marche du cœur de la ville. Vous pourrez profiter du centre de bien-être avec salle de sport, bains à remous, sauna, hammam, massages et soins de beauté moyennant des frais supplémentaires.

Dans cet hôtel moderne et cependant écologique, toutes les chambres possèdent une salle de bains privative avec articles de toilette gratuits. Les suites comprennent un coin salon propice à la détente et certaines bénéficient d’une terrasse avec bain à remous. Chacune des chambres est équipée d’une télévision par satellite à écran plat.

Un petit-déjeuner buffet est servi tous les matins. Le petit-déjeuner se compose de produits locaux et biologiques. Vous séjournerez dans un quartier résidentiel, à seulement quelques pas de boutiques et de restaurants.

La réception est ouverte 24h/24 et vous pourrez profiter d’un salon commun.

Le Central Park Hôtel & Spa se trouve à respectivement 600 mètres et 1,7 km de la Grosse-Horloge et du parc des expositions de La Rochelle. L’aéroport de La Rochelle-Île de Ré, le plus proche, est accessible à 3 km.",46.1876796,-1.0642807,65.2,2.3440000000000003,-2.0835,5.5177499999999995,0.0,25.525
35,La Rochelle,Hôtel La Monnaie Arty & Spa,https://www.booking.com/hotel/fr/de-la-monnaie.fr.html?aid=304142&label=mkt123sc-5d97cc5f-1ebd-4563-aeb9-023a5280d5c5&ucfs=1&arphpl=1&group_adults=2&req_adults=2&no_rooms=1&group_children=0&req_children=0&hpos=2&hapos=2&sr_order=popularity&srpvid=74023bf34c7cb4f3001a9a7031dde2fb&srepoch=1766849327&from=searchresults,46.15630080488247,-1.158108115196228,8.9,2335.0,"Idéalement situé dans le quartier historique de La Rochelle, l’Hôtel La Monnaie Arty & Spa est aménagé dans un édifice datant du XVIIe siècle qui surplombe le Vieux-Port. Orné d’œuvres d’art, l’hôtel propose une terrasse et un centre de bien-être. Le parking sur place est limité et disponible sur demande.

Offrant une vue sur la cour intérieure ou la vieille ville entourée de fortifications, toutes les chambres de l’Hôtel De La Monnaie disposent de la climatisation. Les chambres disposent d’une télévision, d’une connexion Wi-Fi gratuite, d’un plateau/bouilloire et d’une salle de bains privative.

Le centre de bien-être est accessible uniquement sur demande.

Lors de votre séjour, vous pourrez prendre un verre au bar et déguster votre petit-déjeuner dans le charmant salon, la cour bien exposée ou dans l’intimité de votre chambre.

L’emplacement central de l’hôtel De La Monnaie vous permettra de flâner dans les rues piétonnes et de découvrir les nombreux restaurants locaux, ainsi que le marché de produits régionaux à proximité. Vous bénéficierez d’un parking privé moyennant des frais supplémentaires.",46.1876796,-1.0642807,65.2,2.3440000000000003,-2.0835,5.5177499999999995,0.0,25.525
35,La Rochelle,Le Saint-Nicolas,https://www.booking.com/hotel/fr/comforthotelsaintnicolas.fr.html?aid=304142&label=mkt123sc-5d97cc5f-1ebd-4563-aeb9-023a5280d5c5&ucfs=1&arphpl=1&group_adults=2&req_adults=2&no_rooms=1&group_children=0&req_children=0&hpos=3&hapos=3&sr_order=popularity&srpvid=74023bf34c7cb4f3001a9a7031dde2fb&srepoch=1766849327&from=searchresults,46.158134569625595,-1.1489127710774483,9.1,2732.0,"L’hôtel Le Saint-Nicolas vous accueille dans le quartier animé de Saint-Nicolas, à La Rochelle, à proximité de boutiques d’antiquités, de bars et de cafés. Cet établissement dispose d’une connexion Wi-Fi gratuite et d’une véranda agrémentée de grands canapés et de plantes tropicales.

Toutes les chambres sont équipées de la climatisation et d’une télévision par satellite à écran plat recevant les chaînes du groupe Canal+.

Chaque matin, vous pourrez savourer un petit-déjeuner buffet composé de plats chauds et froids dans la véranda. Vous pourrez également prendre un petit-déjeuner continental dans votre chambre. Le bar sur place sert du thé, du café et des boissons de la région.

Des places de stationnement peuvent être réservées dans un parking privé et sécurisé, moyennant des frais supplémentaires et sous réserve de disponibilité. La hauteur maximale autorisée des véhicule est de 1,90 mètres et la largeur des places de stationnement est d'environ 2 mètres.

Vous séjournerez à 550 mètres de la tour Saint-Nicolas qui garde l’entrée du Vieux-Port. La gare de La Rochelle se trouve à 700 mètres.",46.1876796,-1.0642807,65.2,2.3440000000000003,-2.0835,5.5177499999999995,0.0,25.525
35,La Rochelle,"Hôtel Le Yachtman, The Originals Collection",https://www.booking.com/hotel/fr/le-yachtman.fr.html?aid=304142&label=mkt123sc-5d97cc5f-1ebd-4563-aeb9-023a5280d5c5&ucfs=1&arphpl=1&group_adults=2&req_adults=2&no_rooms=1&group_children=0&req_children=0&hpos=4&hapos=4&sr_order=popularity&srpvid=74023bf34c7cb4f3001a9a7031dde2fb&srepoch=1766849327&from=searchresults,46.15728365093064,-1.149967610836029,8.0,2030.0,"Idéalement situé sur le Vieux-Port de La Rochelle, l’Hôtel Le Yachtman vous accueille dans ses locaux entièrement rénovés dans un emplacement exceptionnel au cœur du centre-ville historique. Vous profiterez d’un emplacement privilégié pour explorer La Rochelle et toutes ses attractions à pied. Un parking est disponible à proximité de l’hôtel sur réservation.

Commencez chaque matin par un délicieux petit-déjeuner buffet, composé d’une gamme soigneusement sélectionnée de produits locaux et régionaux. Le petit-déjeuner est gratuit pour les enfants de 0 à 6 ans et coûte 9 GBP pour les enfants de 6 à 12 ans. Il est idéal pour votre séjour.

Situé à proximité du Centre des Congrès, de l’Aquarium de La Rochelle et des principales attractions touristiques, l’Hôtel Le Yachtman est le point de départ idéal pour un séjour d’affaires ou de loisirs dans une ambiance chaleureuse et conviviale.

Toute l’équipe est à votre disposition pour rendre votre séjour le plus agréable possible. Nous restons à votre disposition pour répondre à toutes vos questions.",46.1876796,-1.0642807,65.2,2.3440000000000003,-2.0835,5.5177499999999995,0.0,25.525
35,La Rochelle,Maisons du Monde Hôtel & Suites - La Rochelle Vieux Port,https://www.booking.com/hotel/fr/inter-saint-jean-d-acre.fr.html?aid=304142&label=mkt123sc-5d97cc5f-1ebd-4563-aeb9-023a5280d5c5&ucfs=1&arphpl=1&group_adults=2&req_adults=2&no_rooms=1&group_children=0&req_children=0&hpos=5&hapos=5&sr_order=popularity&srpvid=74023bf34c7cb4f3001a9a7031dde2fb&srepoch=1766849327&from_sustainable_property_sr=1&from=searchresults,46.15619304375638,-1.1544348299503326,8.5,3204.0,"Maisons du Monde Hôtel & Suites - La Rochelle Vieux Port est situé au niveau du port de La Rochelle. Vous bénéficierez gratuitement d'une connexion Wi-Fi gratuite dans l’ensemble des locaux.

La Maisons du Monde Hôtel & Suites - La Rochelle Vieux Port est implantée à proximité de nombreux restaurants et à quelques minutes à pied du quartier historique, de la plage et des attractions de La Rochelle. Vous aurez facilement accès à l’île de Ré et à l’île d’Oléron.

Les chambres confortables comportent la climatisation, une salle de bains privative et une télévision à écran plat recevant les chaînes Canal+ et Eurosport.

Le petit-déjeuner est servi de 7h00 à 11h00 le samedi et le dimanche et de 6h00 à 10h30 du lundi au vendredi.

Des conditions différentes et des suppléments peuvent s’appliquer en cas de réservation de plus de 5 hébergements.",46.1876796,-1.0642807,65.2,2.3440000000000003,-2.0835,5.5177499999999995,0.0,25.525
