weather_id,weather_main,weather_description,weather_icon,dt,dt_txt,visibility,pop,main_temp,main_feels_like,main_temp_min,main_temp_max,main_pressure,main_humidity,wind_speed,wind_deg,wind_gust,rain_3h,clouds_all,sys_pod,city_id,city,city_lat,city_lon
800,Clear,ciel dégagé,01n,2025-12-28 00:00:00,2025-12-28 00:00:00,10000,0,1.12,-2.17,0.99,1.12,1029,81,3.02,76,5,,1,n,1,Mont Saint Michel,48.6360211,-1.5114947
800,Clear,ciel dégagé,01n,2025-12-28 03:00:00,2025-12-28 03:00:00,10000,0,1.27,-2.09,1.27,1.32,1028,80,3.14,62,4.52,,0,n,1,Mont Saint Michel,48.6360211,-1.5114947
800,Clear,ciel dégagé,01n,2025-12-28 06:00:00,2025-12-28 06:00:00,10000,0,1.75,-1.74,1.75,1.75,1028,74,3.44,55,5.37,,1,n,1,Mont Saint Michel,48.6360211,-1.5114947
800,Clear,ciel dégagé,01d,2025-12-28 09:00:00,2025-12-28 09:00:00,10000,0,2.96,-0.51,2.96,2.96,1028,78,3.78,58,9.8,,0,d,1,Mont Saint Michel,48.6360211,-1.5114947
800,Clear,ciel dégagé,01d,2025-12-28 12:00:00,2025-12-28 12:00:00,10000,0,6.62,3.17,6.62,6.62,1027,70,5.44,64,8.06,,0,d,1,Mont Saint Michel,48.6360211,-1.5114947
800,Clear,ciel dégagé,01d,2025-12-28 15:00:00,2025-12-28 15:00:00,10000,0,6.02,2.89,6.02,6.02,1025,73,4.42,55,8.11,,4,d,1,Mont Saint Michel,48.6360211,-1.5114947
800,Clear,ciel dégagé,01n,2025-12-28 18:00:00,2025-12-28 18:00:00,10000,0,2.04,-1.77,2.04,2.04,1026,87,3.99,52,7.1,,8,n,1,Mont Saint Michel,48.6360211,-1.5114947
801,Clouds,peu nuageux,02n,2025-12-28 21:00:00,2025-12-28 21:00:00,10000,0,1.09,-2.56,1.09,1.09,1026,91,3.46,50,4.76,,12,n,1,Mont Saint Michel,48.6360211,-1.5114947
801,Clouds,peu nuageux,02n,2025-12-29 00:00:00,2025-12-29 00:00:00,10000,0,0.33,-3.12,0.33,0.33,1025,90,3.02,59,4.13,,12,n,1,Mont Saint Michel,48.6360211,-1.5114947
800,Clear,ciel dégagé,01n,2025-12-29 03:00:00,2025-12-29 03:00:00,10000,0,-0.23,-3.29,-0.23,-0.23,1024,86,2.5,62,2.92,,6,n,1,Mont Saint Michel,48.6360211,-1.5114947
800,Clear,ciel dégagé,01n,2025-12-29 06:00:00,2025-12-29 06:00:00,10000,0,-0.46,-3.76,-0.46,-0.46,1024,83,2.69,64,3.52,,5,n,1,Mont Saint Michel,48.6360211,-1.5114947
800,Clear,ciel dégagé,01d,2025-12-29 09:00:00,2025-12-29 09:00:00,10000,0,0.19,-3.37,0.19,0.19,1024,72,3.11,69,6.15,,2,d,1,Mont Saint Michel,48.6360211,-1.5114947
800,Clear,ciel dégagé,01d,2025-12-29 12:00:00,2025-12-29 12:00:00,10000,0,5.11,2.32,5.11,5.11,1023,50,3.47,68,5.33,,1,d,1,Mont Saint Michel,48.6360211,-1.5114947
800,Clear,ciel dégagé,01d,2025-12-29 15:00:00,2025-12-29 15:00:00,10000,0,4.77,1.89,4.77,4.77,1023,59,3.49,45,5.45,,0,d,1,Mont Saint Michel,48.6360211,-1.5114947
800,Clear,ciel dégagé,01n,2025-12-29 18:00:00,2025-12-29 18:00:00,10000,0,0.38,-3.82,0.38,0.38,1024,71,4,58,8.36,,0,n,1,Mont Saint Michel,48.6360211,-1.5114947
800,Clear,ciel dégagé,01n,2025-12-29 21:00:00,2025-12-29 21:00:00,10000,0,1.02,-2.98,1.02,1.02,1025,90,3.92,59,7.39,,1,n,1,Mont Saint Michel,48.6360211,-1.5114947
800,Clear,ciel dégagé,01n,2025-12-30 00:00:00,2025-12-30 00:00:00,10000,0,1.86,-2.46,1.86,1.86,1026,91,4.77,63,11.05,,3,n,1,Mont Saint Michel,48.6360211,-1.5114947
800,Clear,ciel dégagé,01n,2025-12-30 03:00:00,2025-12-30 03:00:00,10000,0,2.14,-2.24,2.14,2.14,1026,89,5,70,10.79,,9,n,1,Mont Saint Michel,48.6360211,-1.5114947
802,Clouds,partiellement nuageux,03n,2025-12-30 06:00:00,2025-12-30 06:00:00,10000,0,5.67,1.12,5.67,5.67,1027,68,7.75,68,11.06,,41,n,1,Mont Saint Michel,48.6360211,-1.5114947
804,Clouds,couvert,04d,2025-12-30 09:00:00,2025-12-30 09:00:00,10000,0,5.21,0.55,5.21,5.21,1029,64,7.68,66,11.27,,100,d,1,Mont Saint Michel,48.6360211,-1.5114947
803,Clouds,nuageux,04d,2025-12-30 12:00:00,2025-12-30 12:00:00,10000,0,6.01,1.89,6.01,6.01,1030,60,6.78,69,11.06,,84,d,1,Mont Saint Michel,48.6360211,-1.5114947
800,Clear,ciel dégagé,01d,2025-12-30 15:00:00,2025-12-30 15:00:00,10000,0,5.67,1.85,5.67,5.67,1030,59,5.74,57,10.46,,10,d,1,Mont Saint Michel,48.6360211,-1.5114947
800,Clear,ciel dégagé,01n,2025-12-30 18:00:00,2025-12-30 18:00:00,10000,0,2.1,-1.69,2.1,2.1,1030,76,3.98,56,9.02,,9,n,1,Mont Saint Michel,48.6360211,-1.5114947
801,Clouds,peu nuageux,02n,2025-12-30 21:00:00,2025-12-30 21:00:00,10000,0,1.45,-2.4,1.45,1.45,1031,85,3.85,51,8.33,,15,n,1,Mont Saint Michel,48.6360211,-1.5114947
800,Clear,ciel dégagé,01n,2025-12-31 00:00:00,2025-12-31 00:00:00,10000,0,1.41,-2.83,1.41,1.41,1031,76,4.44,59,9.96,,9,n,1,Mont Saint Michel,48.6360211,-1.5114947
800,Clear,ciel dégagé,01n,2025-12-31 03:00:00,2025-12-31 03:00:00,10000,0,-0.1,-4.09,-0.1,-0.1,1032,76,3.57,59,5.4,,7,n,1,Mont Saint Michel,48.6360211,-1.5114947
800,Clear,ciel dégagé,01n,2025-12-31 06:00:00,2025-12-31 06:00:00,10000,0,-0.97,-5.14,-0.97,-0.97,1032,79,3.56,65,6.01,,8,n,1,Mont Saint Michel,48.6360211,-1.5114947
800,Clear,ciel dégagé,01d,2025-12-31 09:00:00,2025-12-31 09:00:00,10000,0,-0.47,-4.18,-0.47,-0.47,1032,71,3.13,84,8.34,,7,d,1,Mont Saint Michel,48.6360211,-1.5114947
800,Clear,ciel dégagé,01d,2025-12-31 12:00:00,2025-12-31 12:00:00,10000,0,4.4,1.19,4.4,4.4,1031,43,3.88,84,6.6,,4,d,1,Mont Saint Michel,48.6360211,-1.5114947
800,Clear,ciel dégagé,01d,2025-12-31 15:00:00,2025-12-31 15:00:00,10000,0,4.45,1.96,4.45,4.45,1030,53,2.85,68,4.37,,4,d,1,Mont Saint Michel,48.6360211,-1.5114947
800,Clear,ciel dégagé,01n,2025-12-31 18:00:00,2025-12-31 18:00:00,10000,0,0.49,-2.8,0.49,0.49,1029,67,2.87,81,3.34,,5,n,1,Mont Saint Michel,48.6360211,-1.5114947
800,Clear,ciel dégagé,01n,2025-12-31 21:00:00,2025-12-31 21:00:00,10000,0,-0.44,-4.06,-0.44,-0.44,1028,72,3.04,106,3.93,,7,n,1,Mont Saint Michel,48.6360211,-1.5114947
801,Clouds,peu nuageux,02n,2026-01-01 00:00:00,2026-01-01 00:00:00,10000,0,-0.84,-4.07,-0.84,-0.84,1027,75,2.55,139,2.99,,22,n,1,Mont Saint Michel,48.6360211,-1.5114947
802,Clouds,partiellement nuageux,03n,2026-01-01 03:00:00,2026-01-01 03:00:00,10000,0,-1.27,-4.26,-1.27,-1.27,1025,76,2.26,135,2.5,,29,n,1,Mont Saint Michel,48.6360211,-1.5114947
803,Clouds,nuageux,04n,2026-01-01 06:00:00,2026-01-01 06:00:00,10000,0,-1.51,-4.23,-1.51,-1.51,1022,76,2.01,145,2.2,,63,n,1,Mont Saint Michel,48.6360211,-1.5114947
804,Clouds,couvert,04d,2026-01-01 09:00:00,2026-01-01 09:00:00,10000,0,-0.9,-4.01,-0.9,-0.9,1021,72,2.43,145,3.46,,99,d,1,Mont Saint Michel,48.6360211,-1.5114947
804,Clouds,couvert,04d,2026-01-01 12:00:00,2026-01-01 12:00:00,10000,0,2.63,0.2,2.63,2.63,1018,56,2.39,160,3.11,,99,d,1,Mont Saint Michel,48.6360211,-1.5114947
804,Clouds,couvert,04d,2026-01-01 15:00:00,2026-01-01 15:00:00,10000,0,2.65,2.65,2.65,2.65,1015,59,1.11,222,1.21,,100,d,1,Mont Saint Michel,48.6360211,-1.5114947
804,Clouds,couvert,04n,2026-01-01 18:00:00,2026-01-01 18:00:00,10000,0,0.49,-1.6,0.49,0.49,1013,64,1.78,219,1.87,,100,n,1,Mont Saint Michel,48.6360211,-1.5114947
804,Clouds,couvert,04n,2026-01-01 21:00:00,2026-01-01 21:00:00,10000,0,-0.62,-0.62,-0.62,-0.62,1012,67,1.27,215,1.38,,100,n,1,Mont Saint Michel,48.6360211,-1.5114947
800,Clear,ciel dégagé,01n,2025-12-28 00:00:00,2025-12-28 00:00:00,10000,0,-0.38,-4.01,-0.38,-0.18,1029,85,3.06,83,5.11,,0,n,2,St Malo,48.4904728,-1.7421555
800,Clear,ciel dégagé,01n,2025-12-28 03:00:00,2025-12-28 03:00:00,10000,0,-0.91,-4.69,-1.12,-0.91,1028,81,3.11,62,4.16,,0,n,2,St Malo,48.4904728,-1.7421555
800,Clear,ciel dégagé,01n,2025-12-28 06:00:00,2025-12-28 06:00:00,10000,0,-0.57,-4.48,-0.57,-0.57,1028,76,3.34,55,5.14,,0,n,2,St Malo,48.4904728,-1.7421555
800,Clear,ciel dégagé,01d,2025-12-28 09:00:00,2025-12-28 09:00:00,10000,0,1.19,-2.33,1.19,1.19,1028,72,3.32,55,8.23,,0,d,2,St Malo,48.4904728,-1.7421555
800,Clear,ciel dégagé,01d,2025-12-28 12:00:00,2025-12-28 12:00:00,10000,0,5.44,2.07,5.44,5.44,1027,69,4.62,61,7.05,,0,d,2,St Malo,48.4904728,-1.7421555
800,Clear,ciel dégagé,01d,2025-12-28 15:00:00,2025-12-28 15:00:00,10000,0,5.93,3,5.93,5.93,1025,72,4,52,6.71,,0,d,2,St Malo,48.4904728,-1.7421555
800,Clear,ciel dégagé,01n,2025-12-28 18:00:00,2025-12-28 18:00:00,10000,0,2.21,-1.56,2.21,2.21,1026,86,3.98,52,7.18,,5,n,2,St Malo,48.4904728,-1.7421555
801,Clouds,peu nuageux,02n,2025-12-28 21:00:00,2025-12-28 21:00:00,10000,0,1.07,-2.7,1.07,1.07,1026,90,3.61,51,5.93,,13,n,2,St Malo,48.4904728,-1.7421555
801,Clouds,peu nuageux,02n,2025-12-29 00:00:00,2025-12-29 00:00:00,10000,0,0.4,-2.95,0.4,0.4,1025,90,2.92,59,3.96,,11,n,2,St Malo,48.4904728,-1.7421555
800,Clear,ciel dégagé,01n,2025-12-29 03:00:00,2025-12-29 03:00:00,10000,0,-0.34,-2.96,-0.34,-0.34,1024,86,2.09,58,2.38,,5,n,2,St Malo,48.4904728,-1.7421555
800,Clear,ciel dégagé,01n,2025-12-29 06:00:00,2025-12-29 06:00:00,10000,0,-0.62,-3.32,-0.62,-0.62,1024,85,2.11,59,2.37,,4,n,2,St Malo,48.4904728,-1.7421555
800,Clear,ciel dégagé,01d,2025-12-29 09:00:00,2025-12-29 09:00:00,10000,0,0.09,-3.13,0.09,0.09,1024,74,2.72,69,4.7,,0,d,2,St Malo,48.4904728,-1.7421555
800,Clear,ciel dégagé,01d,2025-12-29 12:00:00,2025-12-29 12:00:00,10000,0,4.44,1.7,4.44,4.44,1023,50,3.18,66,4.71,,0,d,2,St Malo,48.4904728,-1.7421555
800,Clear,ciel dégagé,01d,2025-12-29 15:00:00,2025-12-29 15:00:00,10000,0,4.76,2.05,4.76,4.76,1023,56,3.23,41,5.05,,0,d,2,St Malo,48.4904728,-1.7421555
800,Clear,ciel dégagé,01n,2025-12-29 18:00:00,2025-12-29 18:00:00,10000,0,0.57,-3.6,0.57,0.57,1024,69,4.02,58,7.96,,0,n,2,St Malo,48.4904728,-1.7421555
800,Clear,ciel dégagé,01n,2025-12-29 21:00:00,2025-12-29 21:00:00,10000,0,-0.1,-4.01,-0.1,-0.1,1025,86,3.46,58,5.97,,1,n,2,St Malo,48.4904728,-1.7421555
800,Clear,ciel dégagé,01n,2025-12-30 00:00:00,2025-12-30 00:00:00,10000,0,0.96,-3.24,0.96,0.96,1026,93,4.2,58,10.81,,4,n,2,St Malo,48.4904728,-1.7421555
800,Clear,ciel dégagé,01n,2025-12-30 03:00:00,2025-12-30 03:00:00,10000,0,1.03,-3.1,1.03,1.03,1026,92,4.13,62,10.28,,8,n,2,St Malo,48.4904728,-1.7421555
802,Clouds,partiellement nuageux,03n,2025-12-30 06:00:00,2025-12-30 06:00:00,10000,0,4.82,0.17,4.82,4.82,1027,72,7.3,70,10.67,,31,n,2,St Malo,48.4904728,-1.7421555
804,Clouds,couvert,04d,2025-12-30 09:00:00,2025-12-30 09:00:00,10000,0,5.02,0.33,5.02,5.02,1029,63,7.59,67,10.57,,100,d,2,St Malo,48.4904728,-1.7421555
804,Clouds,couvert,04d,2025-12-30 12:00:00,2025-12-30 12:00:00,10000,0,5.66,1.53,5.66,5.66,1030,60,6.52,69,10.06,,97,d,2,St Malo,48.4904728,-1.7421555
801,Clouds,peu nuageux,02d,2025-12-30 15:00:00,2025-12-30 15:00:00,10000,0,5.29,1.34,5.29,5.29,1029,58,5.82,60,10.62,,12,d,2,St Malo,48.4904728,-1.7421555
801,Clouds,peu nuageux,02n,2025-12-30 18:00:00,2025-12-30 18:00:00,10000,0,2.29,-1.59,2.29,2.29,1030,72,4.19,60,10.38,,11,n,2,St Malo,48.4904728,-1.7421555
801,Clouds,peu nuageux,02n,2025-12-30 21:00:00,2025-12-30 21:00:00,10000,0,1.5,-2.35,1.5,1.5,1031,82,3.87,56,9.53,,22,n,2,St Malo,48.4904728,-1.7421555
801,Clouds,peu nuageux,02n,2025-12-31 00:00:00,2025-12-31 00:00:00,10000,0,0.92,-3.17,0.92,0.92,1031,78,4.03,61,9.81,,15,n,2,St Malo,48.4904728,-1.7421555
800,Clear,ciel dégagé,01n,2025-12-31 03:00:00,2025-12-31 03:00:00,10000,0,-0.2,-4.29,-0.2,-0.2,1032,76,3.67,63,7.2,,6,n,2,St Malo,48.4904728,-1.7421555
800,Clear,ciel dégagé,01n,2025-12-31 06:00:00,2025-12-31 06:00:00,10000,0,-1.23,-5.33,-1.23,-1.23,1032,78,3.4,69,6.77,,6,n,2,St Malo,48.4904728,-1.7421555
800,Clear,ciel dégagé,01d,2025-12-31 09:00:00,2025-12-31 09:00:00,10000,0,-0.93,-4.55,-0.93,-0.93,1032,71,2.93,88,7.99,,8,d,2,St Malo,48.4904728,-1.7421555
800,Clear,ciel dégagé,01d,2025-12-31 12:00:00,2025-12-31 12:00:00,10000,0,3.79,0.43,3.79,3.79,1031,41,3.9,88,6.41,,6,d,2,St Malo,48.4904728,-1.7421555
800,Clear,ciel dégagé,01d,2025-12-31 15:00:00,2025-12-31 15:00:00,10000,0,4.06,1.51,4.06,4.06,1030,49,2.83,70,4.64,,5,d,2,St Malo,48.4904728,-1.7421555
800,Clear,ciel dégagé,01n,2025-12-31 18:00:00,2025-12-31 18:00:00,10000,0,0.12,-2.93,0.12,0.12,1029,63,2.55,88,3.05,,6,n,2,St Malo,48.4904728,-1.7421555
800,Clear,ciel dégagé,01n,2025-12-31 21:00:00,2025-12-31 21:00:00,10000,0,-1.22,-4.85,-1.22,-1.22,1028,69,2.88,111,3.76,,7,n,2,St Malo,48.4904728,-1.7421555
802,Clouds,partiellement nuageux,03n,2026-01-01 00:00:00,2026-01-01 00:00:00,10000,0,-1.87,-5.36,-1.87,-1.87,1027,72,2.61,144,3.05,,25,n,2,St Malo,48.4904728,-1.7421555
802,Clouds,partiellement nuageux,03n,2026-01-01 03:00:00,2026-01-01 03:00:00,10000,0,-2.39,-5.62,-2.39,-2.39,1025,74,2.3,149,2.78,,37,n,2,St Malo,48.4904728,-1.7421555
803,Clouds,nuageux,04n,2026-01-01 06:00:00,2026-01-01 06:00:00,10000,0,-2.87,-6.22,-2.87,-2.87,1022,76,2.33,145,2.78,,55,n,2,St Malo,48.4904728,-1.7421555
804,Clouds,couvert,04d,2026-01-01 09:00:00,2026-01-01 09:00:00,10000,0,-2.15,-5.55,-2.15,-2.15,1021,72,2.48,154,4.09,,100,d,2,St Malo,48.4904728,-1.7421555
804,Clouds,couvert,04d,2026-01-01 12:00:00,2026-01-01 12:00:00,10000,0,1.98,-0.68,1.98,1.98,1018,54,2.5,163,3.31,,99,d,2,St Malo,48.4904728,-1.7421555
804,Clouds,couvert,04d,2026-01-01 15:00:00,2026-01-01 15:00:00,10000,0,2.01,0.61,2.01,2.01,1015,57,1.45,211,1.52,,100,d,2,St Malo,48.4904728,-1.7421555
804,Clouds,couvert,04n,2026-01-01 18:00:00,2026-01-01 18:00:00,10000,0,-0.27,-2.75,-0.27,-0.27,1013,63,1.98,215,2.13,,100,n,2,St Malo,48.4904728,-1.7421555
804,Clouds,couvert,04n,2026-01-01 21:00:00,2026-01-01 21:00:00,10000,0,-1.78,-3.58,-1.78,-1.78,1012,65,1.38,231,1.39,,100,n,2,St Malo,48.4904728,-1.7421555
800,Clear,ciel dégagé,01n,2025-12-28 00:00:00,2025-12-28 00:00:00,10000,0,1.23,-2.63,1.23,1.54,1030,81,3.79,91,9.33,,0,n,3,Bayeux,49.2455634,-0.7916770
800,Clear,ciel dégagé,01n,2025-12-28 03:00:00,2025-12-28 03:00:00,10000,0,0.61,-3.25,0.37,0.61,1030,79,3.6,85,8.45,,5,n,3,Bayeux,49.2455634,-0.7916770
801,Clouds,peu nuageux,02n,2025-12-28 06:00:00,2025-12-28 06:00:00,10000,0,0.8,-3.97,0.8,0.8,1029,95,5.1,81,11.18,,19,n,3,Bayeux,49.2455634,-0.7916770
803,Clouds,nuageux,04d,2025-12-28 09:00:00,2025-12-28 09:00:00,10000,0,1.73,-2.73,1.73,1.73,1029,94,4.96,80,10.75,,78,d,3,Bayeux,49.2455634,-0.7916770
803,Clouds,nuageux,04d,2025-12-28 12:00:00,2025-12-28 12:00:00,10000,0,4.85,0.58,4.85,4.85,1029,74,6.32,71,10.64,,69,d,3,Bayeux,49.2455634,-0.7916770
800,Clear,ciel dégagé,01d,2025-12-28 15:00:00,2025-12-28 15:00:00,10000,0,5.38,1.38,5.38,5.38,1027,78,5.99,67,10.68,,10,d,3,Bayeux,49.2455634,-0.7916770
800,Clear,ciel dégagé,01n,2025-12-28 18:00:00,2025-12-28 18:00:00,10000,0,3.49,-0.71,3.49,3.49,1027,92,5.32,71,11.01,,7,n,3,Bayeux,49.2455634,-0.7916770
801,Clouds,peu nuageux,02n,2025-12-28 21:00:00,2025-12-28 21:00:00,10000,0,2.33,-1.45,2.33,2.33,1026,94,4.04,79,9.34,,15,n,3,Bayeux,49.2455634,-0.7916770
801,Clouds,peu nuageux,02n,2025-12-29 00:00:00,2025-12-29 00:00:00,10000,0,0.77,-2.61,0.77,0.77,1026,94,3.04,87,5.01,,13,n,3,Bayeux,49.2455634,-0.7916770
800,Clear,ciel dégagé,01n,2025-12-29 03:00:00,2025-12-29 03:00:00,10000,0,-0.19,-3.63,-0.19,-0.19,1025,92,2.89,84,3.97,,2,n,3,Bayeux,49.2455634,-0.7916770
800,Clear,ciel dégagé,01n,2025-12-29 06:00:00,2025-12-29 06:00:00,10000,0,-0.75,-4.46,-0.75,-0.75,1025,88,3.07,88,4.7,,1,n,3,Bayeux,49.2455634,-0.7916770
800,Clear,ciel dégagé,01d,2025-12-29 09:00:00,2025-12-29 09:00:00,10000,0,0.09,-3.64,0.09,0.09,1025,80,3.29,86,7.57,,0,d,3,Bayeux,49.2455634,-0.7916770
800,Clear,ciel dégagé,01d,2025-12-29 12:00:00,2025-12-29 12:00:00,10000,0,4.63,0.9,4.63,4.63,1024,53,4.95,72,8.12,,0,d,3,Bayeux,49.2455634,-0.7916770
800,Clear,ciel dégagé,01d,2025-12-29 15:00:00,2025-12-29 15:00:00,10000,0,4.54,0.97,4.54,4.54,1024,66,4.59,65,8.74,,0,d,3,Bayeux,49.2455634,-0.7916770
800,Clear,ciel dégagé,01n,2025-12-29 18:00:00,2025-12-29 18:00:00,10000,0,3.13,-0.96,3.13,3.13,1024,91,4.91,81,11.07,,1,n,3,Bayeux,49.2455634,-0.7916770
801,Clouds,peu nuageux,02n,2025-12-29 21:00:00,2025-12-29 21:00:00,10000,0,2.69,-1.31,2.69,2.69,1025,93,4.55,85,10.96,,15,n,3,Bayeux,49.2455634,-0.7916770
802,Clouds,partiellement nuageux,03n,2025-12-30 00:00:00,2025-12-30 00:00:00,10000,0,3.19,-0.53,3.19,3.19,1026,88,4.28,96,10.79,,43,n,3,Bayeux,49.2455634,-0.7916770
804,Clouds,couvert,04n,2025-12-30 03:00:00,2025-12-30 03:00:00,10000,0,5.91,1.68,5.91,5.91,1027,71,7.02,79,11.65,,99,n,3,Bayeux,49.2455634,-0.7916770
804,Clouds,couvert,04n,2025-12-30 06:00:00,2025-12-30 06:00:00,10000,0,5.64,1.03,5.64,5.64,1028,66,7.91,72,11.73,,99,n,3,Bayeux,49.2455634,-0.7916770
804,Clouds,couvert,04d,2025-12-30 09:00:00,2025-12-30 09:00:00,10000,0,5.58,0.91,5.58,5.58,1030,59,8.04,75,12.04,,100,d,3,Bayeux,49.2455634,-0.7916770
804,Clouds,couvert,04d,2025-12-30 12:00:00,2025-12-30 12:00:00,10000,0,6.24,1.98,6.24,6.24,1031,55,7.39,78,11.86,,99,d,3,Bayeux,49.2455634,-0.7916770
804,Clouds,couvert,04d,2025-12-30 15:00:00,2025-12-30 15:00:00,10000,0,6.2,2.27,6.2,6.2,1030,58,6.38,66,10.02,,88,d,3,Bayeux,49.2455634,-0.7916770
804,Clouds,couvert,04n,2025-12-30 18:00:00,2025-12-30 18:00:00,10000,0,5.18,1.23,5.18,5.18,1031,67,5.75,73,10.51,,91,n,3,Bayeux,49.2455634,-0.7916770
804,Clouds,couvert,04n,2025-12-30 21:00:00,2025-12-30 21:00:00,10000,0,4.24,0.29,4.24,4.24,1032,71,5.19,82,10.24,,95,n,3,Bayeux,49.2455634,-0.7916770
803,Clouds,nuageux,04n,2025-12-31 00:00:00,2025-12-31 00:00:00,10000,0,2.58,-1.71,2.58,2.58,1032,69,5.03,85,11.09,,75,n,3,Bayeux,49.2455634,-0.7916770
800,Clear,ciel dégagé,01n,2025-12-31 03:00:00,2025-12-31 03:00:00,10000,0,0.72,-3.25,0.72,0.72,1032,70,3.79,91,9.4,,10,n,3,Bayeux,49.2455634,-0.7916770
800,Clear,ciel dégagé,01n,2025-12-31 06:00:00,2025-12-31 06:00:00,10000,0,-1.62,-5.32,-1.62,-1.62,1032,82,2.87,113,5.99,,6,n,3,Bayeux,49.2455634,-0.7916770
800,Clear,ciel dégagé,01d,2025-12-31 09:00:00,2025-12-31 09:00:00,10000,0,-1.17,-3.77,-1.17,-1.17,1033,73,1.96,120,4.04,,9,d,3,Bayeux,49.2455634,-0.7916770
800,Clear,ciel dégagé,01d,2025-12-31 12:00:00,2025-12-31 12:00:00,10000,0,3.74,1.31,3.74,3.74,1032,53,2.61,84,3.99,,7,d,3,Bayeux,49.2455634,-0.7916770
800,Clear,ciel dégagé,01d,2025-12-31 15:00:00,2025-12-31 15:00:00,10000,0,3.7,1.89,3.7,3.7,1030,64,1.97,77,2.76,,3,d,3,Bayeux,49.2455634,-0.7916770
800,Clear,ciel dégagé,01n,2025-12-31 18:00:00,2025-12-31 18:00:00,10000,0,-0.33,-2.46,-0.33,-0.33,1030,78,1.72,121,1.75,,7,n,3,Bayeux,49.2455634,-0.7916770
801,Clouds,peu nuageux,02n,2025-12-31 21:00:00,2025-12-31 21:00:00,10000,0,-1.06,-3.72,-1.06,-1.06,1029,84,2.02,164,2.05,,14,n,3,Bayeux,49.2455634,-0.7916770
801,Clouds,peu nuageux,02n,2026-01-01 00:00:00,2026-01-01 00:00:00,10000,0,-1.2,-4.08,-1.2,-1.2,1026,87,2.18,176,2.1,,20,n,3,Bayeux,49.2455634,-0.7916770
804,Clouds,couvert,04n,2026-01-01 03:00:00,2026-01-01 03:00:00,10000,0,-1.84,-4.96,-1.84,-1.84,1025,87,2.29,201,2.23,,87,n,3,Bayeux,49.2455634,-0.7916770
804,Clouds,couvert,04n,2026-01-01 06:00:00,2026-01-01 06:00:00,10000,0,-2.07,-4.87,-2.07,-2.07,1022,82,2,203,1.91,,91,n,3,Bayeux,49.2455634,-0.7916770
804,Clouds,couvert,04d,2026-01-01 09:00:00,2026-01-01 09:00:00,10000,0,-1.14,-4.07,-1.14,-1.14,1020,74,2.23,208,2.48,,100,d,3,Bayeux,49.2455634,-0.7916770
804,Clouds,couvert,04d,2026-01-01 12:00:00,2026-01-01 12:00:00,10000,0,3.38,0.58,3.38,3.38,1017,54,2.98,226,3.85,,100,d,3,Bayeux,49.2455634,-0.7916770
804,Clouds,couvert,04d,2026-01-01 15:00:00,2026-01-01 15:00:00,10000,0,2.41,-0.27,2.41,2.41,1015,61,2.61,250,4.4,,100,d,3,Bayeux,49.2455634,-0.7916770
804,Clouds,couvert,04n,2026-01-01 18:00:00,2026-01-01 18:00:00,10000,0,-2.18,-6.52,-2.18,-2.18,1013,78,3.45,228,6.04,,94,n,3,Bayeux,49.2455634,-0.7916770
804,Clouds,couvert,04n,2026-01-01 21:00:00,2026-01-01 21:00:00,10000,0,-2.12,-7.06,-2.12,-2.12,1011,79,4.23,222,8.15,,95,n,3,Bayeux,49.2455634,-0.7916770
800,Clear,ciel dégagé,01n,2025-12-28 00:00:00,2025-12-28 00:00:00,10000,0,0.14,-4.16,0.14,0.83,1031,79,4.07,69,11.43,,3,n,4,Le Havre,49.6275492,0.3921241
802,Clouds,partiellement nuageux,03n,2025-12-28 03:00:00,2025-12-28 03:00:00,4817,0,-0.31,-5.1,-0.36,-0.31,1030,89,4.66,59,10.88,,29,n,4,Le Havre,49.6275492,0.3921241
803,Clouds,nuageux,04n,2025-12-28 06:00:00,2025-12-28 06:00:00,10000,0,0.29,-5.03,0.29,0.29,1030,93,5.9,65,11.7,,66,n,4,Le Havre,49.6275492,0.3921241
803,Clouds,nuageux,04d,2025-12-28 09:00:00,2025-12-28 09:00:00,10000,0,1.25,-3.22,1.25,1.25,1030,94,4.77,66,12.51,,56,d,4,Le Havre,49.6275492,0.3921241
802,Clouds,partiellement nuageux,03d,2025-12-28 12:00:00,2025-12-28 12:00:00,10000,0,4.14,-0.2,4.14,4.14,1029,76,6.02,63,11.61,,39,d,4,Le Havre,49.6275492,0.3921241
800,Clear,ciel dégagé,01d,2025-12-28 15:00:00,2025-12-28 15:00:00,10000,0,4.29,0.17,4.29,4.29,1027,86,5.6,55,10.76,,9,d,4,Le Havre,49.6275492,0.3921241
800,Clear,ciel dégagé,01n,2025-12-28 18:00:00,2025-12-28 18:00:00,10000,0,2.06,-1.98,2.06,2.06,1027,92,4.36,61,10.75,,8,n,4,Le Havre,49.6275492,0.3921241
800,Clear,ciel dégagé,01n,2025-12-28 21:00:00,2025-12-28 21:00:00,10000,0,0.41,-3.3,0.41,0.41,1027,94,3.35,64,8.83,,4,n,4,Le Havre,49.6275492,0.3921241
800,Clear,ciel dégagé,01n,2025-12-29 00:00:00,2025-12-29 00:00:00,10000,0,-1.16,-4.79,-1.16,-1.16,1026,91,2.89,68,5.16,,5,n,4,Le Havre,49.6275492,0.3921241
800,Clear,ciel dégagé,01n,2025-12-29 03:00:00,2025-12-29 03:00:00,10000,0,-1.4,-5.23,-1.4,-1.4,1025,87,3.05,62,5.69,,3,n,4,Le Havre,49.6275492,0.3921241
800,Clear,ciel dégagé,01n,2025-12-29 06:00:00,2025-12-29 06:00:00,10000,0,-1.49,-5.5,-1.49,-1.49,1025,82,3.23,67,6.91,,2,n,4,Le Havre,49.6275492,0.3921241
800,Clear,ciel dégagé,01d,2025-12-29 09:00:00,2025-12-29 09:00:00,10000,0,-0.93,-5.02,-0.93,-0.93,1026,66,3.47,67,9.71,,2,d,4,Le Havre,49.6275492,0.3921241
800,Clear,ciel dégagé,01d,2025-12-29 12:00:00,2025-12-29 12:00:00,10000,0,4.17,0.37,4.17,4.17,1024,56,4.86,62,9.08,,1,d,4,Le Havre,49.6275492,0.3921241
800,Clear,ciel dégagé,01d,2025-12-29 15:00:00,2025-12-29 15:00:00,10000,0,4.22,0.35,4.22,4.22,1024,85,5.03,51,10.1,,0,d,4,Le Havre,49.6275492,0.3921241
800,Clear,ciel dégagé,01n,2025-12-29 18:00:00,2025-12-29 18:00:00,10000,0,1.76,-1.93,1.76,1.76,1025,92,3.72,65,10.93,,0,n,4,Le Havre,49.6275492,0.3921241
802,Clouds,partiellement nuageux,03n,2025-12-29 21:00:00,2025-12-29 21:00:00,10000,0,3,-1.01,3,3,1025,85,4.7,58,10.75,,30,n,4,Le Havre,49.6275492,0.3921241
803,Clouds,nuageux,04n,2025-12-30 00:00:00,2025-12-30 00:00:00,10000,0,5.23,1.39,5.23,5.23,1026,76,5.52,65,11.25,,55,n,4,Le Havre,49.6275492,0.3921241
804,Clouds,couvert,04n,2025-12-30 03:00:00,2025-12-30 03:00:00,10000,0,4.98,0.76,4.98,4.98,1027,70,6.28,61,11.2,,100,n,4,Le Havre,49.6275492,0.3921241
804,Clouds,couvert,04n,2025-12-30 06:00:00,2025-12-30 06:00:00,10000,0,4.69,0.12,4.69,4.69,1028,62,6.99,63,11.44,,100,n,4,Le Havre,49.6275492,0.3921241
804,Clouds,couvert,04d,2025-12-30 09:00:00,2025-12-30 09:00:00,10000,0,4.77,0.34,4.77,4.77,1030,57,6.66,66,11.37,,100,d,4,Le Havre,49.6275492,0.3921241
804,Clouds,couvert,04d,2025-12-30 12:00:00,2025-12-30 12:00:00,10000,0,6.03,2.32,6.03,6.03,1031,56,5.7,61,10.49,,98,d,4,Le Havre,49.6275492,0.3921241
803,Clouds,nuageux,04d,2025-12-30 15:00:00,2025-12-30 15:00:00,10000,0,5.18,1.22,5.18,5.18,1030,65,5.77,53,10.12,,55,d,4,Le Havre,49.6275492,0.3921241
802,Clouds,partiellement nuageux,03n,2025-12-30 18:00:00,2025-12-30 18:00:00,10000,0,2.83,-1.24,2.83,2.83,1031,74,4.75,58,11.03,,37,n,4,Le Havre,49.6275492,0.3921241
800,Clear,ciel dégagé,01n,2025-12-30 21:00:00,2025-12-30 21:00:00,10000,0,1.97,-2.17,1.97,1.97,1032,72,4.49,61,11.11,,5,n,4,Le Havre,49.6275492,0.3921241
800,Clear,ciel dégagé,01n,2025-12-31 00:00:00,2025-12-31 00:00:00,10000,0,-0.19,-4.04,-0.19,-0.19,1032,74,3.37,68,9.93,,2,n,4,Le Havre,49.6275492,0.3921241
800,Clear,ciel dégagé,01n,2025-12-31 03:00:00,2025-12-31 03:00:00,10000,0,-1.72,-5.32,-1.72,-1.72,1032,76,2.75,75,5.34,,1,n,4,Le Havre,49.6275492,0.3921241
800,Clear,ciel dégagé,01n,2025-12-31 06:00:00,2025-12-31 06:00:00,10000,0,-1.88,-5.04,-1.88,-1.88,1032,77,2.32,90,3.18,,1,n,4,Le Havre,49.6275492,0.3921241
800,Clear,ciel dégagé,01d,2025-12-31 09:00:00,2025-12-31 09:00:00,10000,0,-0.47,-2.49,-0.47,-0.47,1033,66,1.63,79,1.99,,2,d,4,Le Havre,49.6275492,0.3921241
800,Clear,ciel dégagé,01d,2025-12-31 12:00:00,2025-12-31 12:00:00,10000,0,3.78,2.68,3.78,3.78,1032,60,1.41,24,2.04,,6,d,4,Le Havre,49.6275492,0.3921241
801,Clouds,peu nuageux,02d,2025-12-31 15:00:00,2025-12-31 15:00:00,10000,0,3.46,2.35,3.46,3.46,1030,79,1.39,321,1.51,,11,d,4,Le Havre,49.6275492,0.3921241
801,Clouds,peu nuageux,02n,2025-12-31 18:00:00,2025-12-31 18:00:00,10000,0,0.99,0.99,0.99,0.99,1029,90,0.99,337,1.33,,12,n,4,Le Havre,49.6275492,0.3921241
801,Clouds,peu nuageux,02n,2025-12-31 21:00:00,2025-12-31 21:00:00,10000,0,0.44,0.44,0.44,0.44,1028,90,0.99,234,1.23,,19,n,4,Le Havre,49.6275492,0.3921241
801,Clouds,peu nuageux,02n,2026-01-01 00:00:00,2026-01-01 00:00:00,10000,0,-0.37,-2.9,-0.37,-0.37,1026,94,2.01,196,1.94,,20,n,4,Le Havre,49.6275492,0.3921241
803,Clouds,nuageux,04n,2026-01-01 03:00:00,2026-01-01 03:00:00,10000,0,-0.79,-4.04,-0.79,-0.79,1025,95,2.58,207,3.41,,65,n,4,Le Havre,49.6275492,0.3921241
803,Clouds,nuageux,04n,2026-01-01 06:00:00,2026-01-01 06:00:00,10000,0,-1.39,-4.52,-1.39,-1.39,1022,95,2.37,203,3.32,,81,n,4,Le Havre,49.6275492,0.3921241
804,Clouds,couvert,04d,2026-01-01 09:00:00,2026-01-01 09:00:00,10000,0,-0.91,-4.26,-0.91,-0.91,1020,89,2.65,202,4.58,,99,d,4,Le Havre,49.6275492,0.3921241
804,Clouds,couvert,04d,2026-01-01 12:00:00,2026-01-01 12:00:00,10000,0,2.58,-0.99,2.58,2.58,1017,67,3.81,226,5.32,,100,d,4,Le Havre,49.6275492,0.3921241
804,Clouds,couvert,04d,2026-01-01 15:00:00,2026-01-01 15:00:00,10000,0,2.26,-1.35,2.26,2.26,1014,69,3.76,227,6.36,,99,d,4,Le Havre,49.6275492,0.3921241
804,Clouds,couvert,04n,2026-01-01 18:00:00,2026-01-01 18:00:00,10000,0,0.97,-2.93,0.97,0.97,1012,75,3.77,237,7.08,,99,n,4,Le Havre,49.6275492,0.3921241
801,Clouds,peu nuageux,02n,2026-01-01 21:00:00,2026-01-01 21:00:00,10000,0,1.51,-3.36,1.51,1.51,1010,81,5.63,234,10.09,,19,n,4,Le Havre,49.6275492,0.3921241
800,Clear,ciel dégagé,01n,2025-12-28 00:00:00,2025-12-28 00:00:00,10000,0,0.27,-3.21,-0.66,0.27,1030,75,3.04,59,8.09,,6,n,5,Rouen,49.5184350,1.0221643
802,Clouds,partiellement nuageux,03n,2025-12-28 03:00:00,2025-12-28 03:00:00,157,0,-0.7,-5.17,-1.42,-0.7,1030,86,4.04,47,9.49,,26,n,5,Rouen,49.5184350,1.0221643
803,Clouds,nuageux,04n,2025-12-28 06:00:00,2025-12-28 06:00:00,10000,0,-0.31,-5.55,-0.31,-0.31,1030,93,5.43,57,10.14,,64,n,5,Rouen,49.5184350,1.0221643
803,Clouds,nuageux,04d,2025-12-28 09:00:00,2025-12-28 09:00:00,10000,0,1,-2.74,1,1,1030,94,3.56,54,11.02,,60,d,5,Rouen,49.5184350,1.0221643
802,Clouds,partiellement nuageux,03d,2025-12-28 12:00:00,2025-12-28 12:00:00,10000,0,3.32,-1.13,3.32,3.32,1029,74,5.75,59,9.85,,35,d,5,Rouen,49.5184350,1.0221643
800,Clear,ciel dégagé,01d,2025-12-28 15:00:00,2025-12-28 15:00:00,10000,0,3.64,-0.11,3.64,3.64,1027,87,4.51,43,9.05,,6,d,5,Rouen,49.5184350,1.0221643
800,Clear,ciel dégagé,01n,2025-12-28 18:00:00,2025-12-28 18:00:00,10000,0,-0.02,-3.81,-0.02,-0.02,1027,96,3.34,41,9.14,,6,n,5,Rouen,49.5184350,1.0221643
800,Clear,ciel dégagé,01n,2025-12-28 21:00:00,2025-12-28 21:00:00,10000,0,-1.18,-4.81,-1.18,-1.18,1026,94,2.89,47,6.27,,7,n,5,Rouen,49.5184350,1.0221643
800,Clear,ciel dégagé,01n,2025-12-29 00:00:00,2025-12-29 00:00:00,10000,0,-1.54,-4.69,-1.54,-1.54,1026,89,2.36,54,2.28,,6,n,5,Rouen,49.5184350,1.0221643
800,Clear,ciel dégagé,01n,2025-12-29 03:00:00,2025-12-29 03:00:00,10000,0,-1.78,-5.44,-1.78,-1.78,1025,83,2.8,48,3.54,,0,n,5,Rouen,49.5184350,1.0221643
800,Clear,ciel dégagé,01n,2025-12-29 06:00:00,2025-12-29 06:00:00,10000,0,-2.13,-5.95,-2.13,-2.13,1025,79,2.89,51,5.71,,2,n,5,Rouen,49.5184350,1.0221643
800,Clear,ciel dégagé,01d,2025-12-29 09:00:00,2025-12-29 09:00:00,10000,0,-1.21,-4.57,-1.21,-1.21,1025,66,2.61,45,8.83,,0,d,5,Rouen,49.5184350,1.0221643
800,Clear,ciel dégagé,01d,2025-12-29 12:00:00,2025-12-29 12:00:00,10000,0,4.25,0.63,4.25,4.25,1024,49,4.55,57,7.54,,0,d,5,Rouen,49.5184350,1.0221643
800,Clear,ciel dégagé,01d,2025-12-29 15:00:00,2025-12-29 15:00:00,10000,0,3.73,0.14,3.73,3.73,1023,82,4.27,36,8.29,,0,d,5,Rouen,49.5184350,1.0221643
800,Clear,ciel dégagé,01n,2025-12-29 18:00:00,2025-12-29 18:00:00,10000,0,0.44,-3.19,0.44,0.44,1025,94,3.26,39,10.92,,0,n,5,Rouen,49.5184350,1.0221643
800,Clear,ciel dégagé,01n,2025-12-29 21:00:00,2025-12-29 21:00:00,10000,0,0.89,-3.32,0.89,0.89,1025,92,4.19,43,12.49,,2,n,5,Rouen,49.5184350,1.0221643
802,Clouds,partiellement nuageux,03n,2025-12-30 00:00:00,2025-12-30 00:00:00,10000,0,4.91,0.61,4.91,4.91,1026,73,6.43,54,11.12,,39,n,5,Rouen,49.5184350,1.0221643
804,Clouds,couvert,04n,2025-12-30 03:00:00,2025-12-30 03:00:00,10000,0,4.5,0.22,4.5,4.5,1027,69,6.09,49,11.01,,100,n,5,Rouen,49.5184350,1.0221643
804,Clouds,couvert,04n,2025-12-30 06:00:00,2025-12-30 06:00:00,10000,0,4.27,-0.67,4.27,4.27,1028,61,7.7,52,11.41,,100,n,5,Rouen,49.5184350,1.0221643
804,Clouds,couvert,04d,2025-12-30 09:00:00,2025-12-30 09:00:00,10000,0,4.25,-0.4,4.25,4.25,1030,55,6.85,58,10.82,,100,d,5,Rouen,49.5184350,1.0221643
804,Clouds,couvert,04d,2025-12-30 12:00:00,2025-12-30 12:00:00,10000,0,5.48,1.53,5.48,5.48,1030,60,5.94,52,11.02,,89,d,5,Rouen,49.5184350,1.0221643
801,Clouds,peu nuageux,02d,2025-12-30 15:00:00,2025-12-30 15:00:00,10000,0,4.62,0.88,4.62,4.62,1030,66,4.97,42,8.93,,12,d,5,Rouen,49.5184350,1.0221643
800,Clear,ciel dégagé,01n,2025-12-30 18:00:00,2025-12-30 18:00:00,10000,0,0.96,-2.81,0.96,0.96,1031,84,3.58,34,10.71,,10,n,5,Rouen,49.5184350,1.0221643
800,Clear,ciel dégagé,01n,2025-12-30 21:00:00,2025-12-30 21:00:00,10000,0,0.29,-3.79,0.29,0.29,1032,77,3.8,44,11.42,,6,n,5,Rouen,49.5184350,1.0221643
800,Clear,ciel dégagé,01n,2025-12-31 00:00:00,2025-12-31 00:00:00,10000,0,-1.58,-5.42,-1.58,-1.58,1032,80,3.02,50,9.91,,4,n,5,Rouen,49.5184350,1.0221643
800,Clear,ciel dégagé,01n,2025-12-31 03:00:00,2025-12-31 03:00:00,10000,0,-2.03,-5.48,-2.03,-2.03,1032,85,2.55,69,6.22,,5,n,5,Rouen,49.5184350,1.0221643
800,Clear,ciel dégagé,01n,2025-12-31 06:00:00,2025-12-31 06:00:00,10000,0,-2.11,-4.8,-2.11,-2.11,1032,80,1.92,61,1.92,,5,n,5,Rouen,49.5184350,1.0221643
800,Clear,ciel dégagé,01d,2025-12-31 09:00:00,2025-12-31 09:00:00,10000,0,-0.67,-0.67,-0.67,-0.67,1033,67,1.23,57,1.54,,5,d,5,Rouen,49.5184350,1.0221643
800,Clear,ciel dégagé,01d,2025-12-31 12:00:00,2025-12-31 12:00:00,10000,0,3.65,2.37,3.65,3.65,1031,59,1.53,20,2.43,,6,d,5,Rouen,49.5184350,1.0221643
800,Clear,ciel dégagé,01d,2025-12-31 15:00:00,2025-12-31 15:00:00,10000,0,3.27,2.06,3.27,3.27,1030,77,1.44,345,1.46,,7,d,5,Rouen,49.5184350,1.0221643
801,Clouds,peu nuageux,02n,2025-12-31 18:00:00,2025-12-31 18:00:00,10000,0,1.26,1.26,1.26,1.26,1029,91,1.17,308,1.2,,18,n,5,Rouen,49.5184350,1.0221643
803,Clouds,nuageux,04n,2025-12-31 21:00:00,2025-12-31 21:00:00,10000,0,0.14,0.14,0.14,0.14,1028,92,0.73,293,0.79,,66,n,5,Rouen,49.5184350,1.0221643
802,Clouds,partiellement nuageux,03n,2026-01-01 00:00:00,2026-01-01 00:00:00,10000,0,-0.77,-0.77,-0.77,-0.77,1026,94,1.11,232,1.13,,40,n,5,Rouen,49.5184350,1.0221643
803,Clouds,nuageux,04n,2026-01-01 03:00:00,2026-01-01 03:00:00,10000,0,-1.18,-3.25,-1.18,-1.18,1025,95,1.59,231,1.55,,52,n,5,Rouen,49.5184350,1.0221643
803,Clouds,nuageux,04n,2026-01-01 06:00:00,2026-01-01 06:00:00,10000,0,-1.69,-4.26,-1.69,-1.69,1022,95,1.88,211,1.86,,68,n,5,Rouen,49.5184350,1.0221643
804,Clouds,couvert,04d,2026-01-01 09:00:00,2026-01-01 09:00:00,10000,0,-1.12,-3.91,-1.12,-1.12,1020,90,2.12,203,3.55,,100,d,5,Rouen,49.5184350,1.0221643
804,Clouds,couvert,04d,2026-01-01 12:00:00,2026-01-01 12:00:00,10000,0,2.16,-0.95,2.16,2.16,1017,65,3.06,224,4.64,,100,d,5,Rouen,49.5184350,1.0221643
804,Clouds,couvert,04d,2026-01-01 15:00:00,2026-01-01 15:00:00,10000,0,1.72,-1.4,1.72,1.72,1014,67,2.96,230,5.24,,93,d,5,Rouen,49.5184350,1.0221643
804,Clouds,couvert,04n,2026-01-01 18:00:00,2026-01-01 18:00:00,10000,0,-1.45,-4.88,-1.45,-1.45,1012,76,2.63,240,5.74,,97,n,5,Rouen,49.5184350,1.0221643
801,Clouds,peu nuageux,02n,2026-01-01 21:00:00,2026-01-01 21:00:00,10000,0,-1.75,-6.42,-1.75,-1.75,1011,77,3.98,234,10.64,,22,n,5,Rouen,49.5184350,1.0221643
800,Clear,ciel dégagé,01n,2025-12-28 00:00:00,2025-12-28 00:00:00,10000,0,0.62,-1.53,-0.01,0.62,1030,80,1.84,31,5.81,,8,n,6,Paris,48.8534951,2.3483915
801,Clouds,peu nuageux,02n,2025-12-28 03:00:00,2025-12-28 03:00:00,10000,0,0.19,-2.83,-0.18,0.19,1029,74,2.53,23,8,,23,n,6,Paris,48.8534951,2.3483915
801,Clouds,peu nuageux,02n,2025-12-28 06:00:00,2025-12-28 06:00:00,10000,0,-0.2,-4.01,-0.2,-0.2,1029,87,3.32,32,10.44,,18,n,6,Paris,48.8534951,2.3483915
801,Clouds,peu nuageux,02d,2025-12-28 09:00:00,2025-12-28 09:00:00,10000,0,0.69,-2.63,0.69,0.69,1029,84,2.95,34,9.39,,12,d,6,Paris,48.8534951,2.3483915
800,Clear,ciel dégagé,01d,2025-12-28 12:00:00,2025-12-28 12:00:00,10000,0,4.03,1.13,4.03,4.03,1028,62,3.29,44,6.63,,9,d,6,Paris,48.8534951,2.3483915
800,Clear,ciel dégagé,01d,2025-12-28 15:00:00,2025-12-28 15:00:00,10000,0,5.28,2.71,5.28,5.28,1026,61,3.19,32,7.72,,5,d,6,Paris,48.8534951,2.3483915
800,Clear,ciel dégagé,01n,2025-12-28 18:00:00,2025-12-28 18:00:00,10000,0,3.35,0.64,3.35,3.35,1025,73,2.85,33,8.71,,4,n,6,Paris,48.8534951,2.3483915
800,Clear,ciel dégagé,01n,2025-12-28 21:00:00,2025-12-28 21:00:00,10000,0,2.36,0.16,2.36,2.36,1025,75,2.12,39,7.57,,0,n,6,Paris,48.8534951,2.3483915
800,Clear,ciel dégagé,01n,2025-12-29 00:00:00,2025-12-29 00:00:00,10000,0,1.49,-0.6,1.49,1.49,1025,67,1.9,39,6.26,,1,n,6,Paris,48.8534951,2.3483915
800,Clear,ciel dégagé,01n,2025-12-29 03:00:00,2025-12-29 03:00:00,10000,0,0.78,-1.17,0.78,0.78,1024,59,1.71,33,5.34,,0,n,6,Paris,48.8534951,2.3483915
800,Clear,ciel dégagé,01n,2025-12-29 06:00:00,2025-12-29 06:00:00,10000,0,0.48,-1.8,0.48,0.48,1024,52,1.92,26,6.29,,0,n,6,Paris,48.8534951,2.3483915
800,Clear,ciel dégagé,01d,2025-12-29 09:00:00,2025-12-29 09:00:00,10000,0,0.87,-0.85,0.87,0.87,1024,46,1.56,29,5.55,,0,d,6,Paris,48.8534951,2.3483915
800,Clear,ciel dégagé,01d,2025-12-29 12:00:00,2025-12-29 12:00:00,10000,0,3.84,1.76,3.84,3.84,1023,35,2.25,24,4.05,,0,d,6,Paris,48.8534951,2.3483915
800,Clear,ciel dégagé,01d,2025-12-29 15:00:00,2025-12-29 15:00:00,10000,0,4.73,2.87,4.73,4.73,1022,35,2.18,20,5.84,,0,d,6,Paris,48.8534951,2.3483915
800,Clear,ciel dégagé,01n,2025-12-29 18:00:00,2025-12-29 18:00:00,10000,0,2.85,-0.38,2.85,2.85,1023,74,3.4,22,10.81,,0,n,6,Paris,48.8534951,2.3483915
800,Clear,ciel dégagé,01n,2025-12-29 21:00:00,2025-12-29 21:00:00,10000,0,2.3,-1.31,2.3,2.3,1024,92,3.77,31,11.93,,2,n,6,Paris,48.8534951,2.3483915
802,Clouds,partiellement nuageux,03n,2025-12-30 00:00:00,2025-12-30 00:00:00,10000,0,3.61,-0.22,3.61,3.61,1025,79,4.65,44,9.72,,42,n,6,Paris,48.8534951,2.3483915
804,Clouds,couvert,04n,2025-12-30 03:00:00,2025-12-30 03:00:00,10000,0,5.15,1.95,5.15,5.15,1026,67,4.16,42,9.26,,100,n,6,Paris,48.8534951,2.3483915
804,Clouds,couvert,04n,2025-12-30 06:00:00,2025-12-30 06:00:00,10000,0,5.14,1.18,5.14,5.14,1027,55,5.74,42,9.63,,100,n,6,Paris,48.8534951,2.3483915
804,Clouds,couvert,04d,2025-12-30 09:00:00,2025-12-30 09:00:00,10000,0,4.92,1.18,4.92,4.92,1029,49,5.13,46,10.02,,100,d,6,Paris,48.8534951,2.3483915
803,Clouds,nuageux,04d,2025-12-30 12:00:00,2025-12-30 12:00:00,10000,0,5.96,2.6,5.96,5.96,1029,51,4.87,35,11.52,,78,d,6,Paris,48.8534951,2.3483915
800,Clear,ciel dégagé,01d,2025-12-30 15:00:00,2025-12-30 15:00:00,10000,0,5.53,2,5.53,5.53,1028,51,5,33,11.61,,7,d,6,Paris,48.8534951,2.3483915
800,Clear,ciel dégagé,01n,2025-12-30 18:00:00,2025-12-30 18:00:00,10000,0,3.74,0.11,3.74,3.74,1029,61,4.35,33,9.77,,6,n,6,Paris,48.8534951,2.3483915
800,Clear,ciel dégagé,01n,2025-12-30 21:00:00,2025-12-30 21:00:00,10000,0,2.42,-1.14,2.42,2.42,1030,68,3.74,41,9.18,,4,n,6,Paris,48.8534951,2.3483915
800,Clear,ciel dégagé,01n,2025-12-31 00:00:00,2025-12-31 00:00:00,10000,0,1.05,-2.47,1.05,1.05,1031,67,3.28,46,8.73,,4,n,6,Paris,48.8534951,2.3483915
800,Clear,ciel dégagé,01n,2025-12-31 03:00:00,2025-12-31 03:00:00,10000,0,0.15,-2.98,0.15,0.15,1031,66,2.63,42,8.08,,0,n,6,Paris,48.8534951,2.3483915
800,Clear,ciel dégagé,01n,2025-12-31 06:00:00,2025-12-31 06:00:00,10000,0,-0.15,-2.96,-0.15,-0.15,1031,61,2.28,33,6.8,,0,n,6,Paris,48.8534951,2.3483915
800,Clear,ciel dégagé,01d,2025-12-31 09:00:00,2025-12-31 09:00:00,10000,0,0.25,-1.78,0.25,0.25,1032,51,1.71,38,3.97,,0,d,6,Paris,48.8534951,2.3483915
800,Clear,ciel dégagé,01d,2025-12-31 12:00:00,2025-12-31 12:00:00,10000,0,2.55,0.99,2.55,2.55,1031,38,1.62,23,2.93,,1,d,6,Paris,48.8534951,2.3483915
800,Clear,ciel dégagé,01d,2025-12-31 15:00:00,2025-12-31 15:00:00,10000,0,3.55,2.08,3.55,3.55,1030,45,1.66,8,3.65,,1,d,6,Paris,48.8534951,2.3483915
800,Clear,ciel dégagé,01n,2025-12-31 18:00:00,2025-12-31 18:00:00,10000,0,2.28,2.28,2.28,2.28,1029,59,1.25,2,1.24,,2,n,6,Paris,48.8534951,2.3483915
801,Clouds,peu nuageux,02n,2025-12-31 21:00:00,2025-12-31 21:00:00,10000,0,1.6,1.6,1.6,1.6,1028,72,0.52,344,0.5,,12,n,6,Paris,48.8534951,2.3483915
801,Clouds,peu nuageux,02n,2026-01-01 00:00:00,2026-01-01 00:00:00,10000,0,1.1,1.1,1.1,1.1,1027,78,0.8,232,0.81,,13,n,6,Paris,48.8534951,2.3483915
801,Clouds,peu nuageux,02n,2026-01-01 03:00:00,2026-01-01 03:00:00,10000,0,0.71,0.71,0.71,0.71,1025,79,0.94,194,0.89,,24,n,6,Paris,48.8534951,2.3483915
802,Clouds,partiellement nuageux,03n,2026-01-01 06:00:00,2026-01-01 06:00:00,10000,0,0.5,0.5,0.5,0.5,1023,80,0.96,203,0.98,,48,n,6,Paris,48.8534951,2.3483915
804,Clouds,couvert,04d,2026-01-01 09:00:00,2026-01-01 09:00:00,10000,0,0.69,0.69,0.69,0.69,1021,78,1.15,198,2.26,,95,d,6,Paris,48.8534951,2.3483915
804,Clouds,couvert,04d,2026-01-01 12:00:00,2026-01-01 12:00:00,10000,0,2.1,0.23,2.1,2.1,1018,66,1.8,214,3.08,,98,d,6,Paris,48.8534951,2.3483915
804,Clouds,couvert,04d,2026-01-01 15:00:00,2026-01-01 15:00:00,10000,0,2.96,2.96,2.96,2.96,1015,59,1.18,217,2.85,,100,d,6,Paris,48.8534951,2.3483915
804,Clouds,couvert,04n,2026-01-01 18:00:00,2026-01-01 18:00:00,10000,0,1.84,-0.08,1.84,1.84,1013,62,1.81,220,5.11,,100,n,6,Paris,48.8534951,2.3483915
804,Clouds,couvert,04n,2026-01-01 21:00:00,2026-01-01 21:00:00,10000,0,0.83,-1.97,0.83,0.83,1011,63,2.43,235,6.96,,100,n,6,Paris,48.8534951,2.3483915
801,Clouds,peu nuageux,02n,2025-12-28 00:00:00,2025-12-28 00:00:00,290,0,-1.04,-6.19,-1.04,1.33,1032,91,4.96,53,10.6,,15,n,7,Amiens,49.9610783,2.2518181
803,Clouds,nuageux,04n,2025-12-28 03:00:00,2025-12-28 03:00:00,10000,0,-0.12,-5.35,-0.12,0.94,1031,91,5.51,53,9.77,,69,n,7,Amiens,49.9610783,2.2518181
804,Clouds,couvert,04n,2025-12-28 06:00:00,2025-12-28 06:00:00,10000,0,0.14,-4.47,0.14,0.14,1030,90,4.54,58,9.79,,100,n,7,Amiens,49.9610783,2.2518181
802,Clouds,partiellement nuageux,03d,2025-12-28 09:00:00,2025-12-28 09:00:00,10000,0,0.17,-4.13,0.17,0.17,1031,96,4.08,46,11.65,,43,d,7,Amiens,49.9610783,2.2518181
802,Clouds,partiellement nuageux,03d,2025-12-28 12:00:00,2025-12-28 12:00:00,10000,0,2.8,-1.6,2.8,2.8,1029,82,5.36,52,8.75,,26,d,7,Amiens,49.9610783,2.2518181
800,Clear,ciel dégagé,01d,2025-12-28 15:00:00,2025-12-28 15:00:00,10000,0,3.65,0.27,3.65,3.65,1028,87,3.88,41,7.23,,10,d,7,Amiens,49.9610783,2.2518181
800,Clear,ciel dégagé,01n,2025-12-28 18:00:00,2025-12-28 18:00:00,10000,0,0.58,-2.98,0.58,0.58,1027,95,3.21,46,8.35,,5,n,7,Amiens,49.9610783,2.2518181
800,Clear,ciel dégagé,01n,2025-12-28 21:00:00,2025-12-28 21:00:00,10000,0,-0.48,-3.95,-0.48,-0.48,1027,93,2.86,46,5.93,,6,n,7,Amiens,49.9610783,2.2518181
800,Clear,ciel dégagé,01n,2025-12-29 00:00:00,2025-12-29 00:00:00,10000,0,-0.72,-4.2,-0.72,-0.72,1026,89,2.82,48,5.62,,5,n,7,Amiens,49.9610783,2.2518181
800,Clear,ciel dégagé,01n,2025-12-29 03:00:00,2025-12-29 03:00:00,10000,0,-1.15,-4.54,-1.15,-1.15,1025,77,2.65,39,4.79,,2,n,7,Amiens,49.9610783,2.2518181
800,Clear,ciel dégagé,01n,2025-12-29 06:00:00,2025-12-29 06:00:00,10000,0,-1.32,-5.06,-1.32,-1.32,1025,72,2.97,41,8.15,,1,n,7,Amiens,49.9610783,2.2518181
800,Clear,ciel dégagé,01d,2025-12-29 09:00:00,2025-12-29 09:00:00,10000,0,-0.2,-3.7,-0.2,-0.2,1026,66,2.95,44,9.31,,0,d,7,Amiens,49.9610783,2.2518181
800,Clear,ciel dégagé,01d,2025-12-29 12:00:00,2025-12-29 12:00:00,10000,0,4.63,1.01,4.63,4.63,1024,73,4.72,45,7.87,,0,d,7,Amiens,49.9610783,2.2518181
800,Clear,ciel dégagé,01d,2025-12-29 15:00:00,2025-12-29 15:00:00,10000,0,3.91,0.54,3.91,3.91,1024,88,3.96,29,8.72,,0,d,7,Amiens,49.9610783,2.2518181
800,Clear,ciel dégagé,01n,2025-12-29 18:00:00,2025-12-29 18:00:00,10000,0,0.96,-2.21,0.96,0.96,1025,94,2.84,20,8.41,,1,n,7,Amiens,49.9610783,2.2518181
803,Clouds,nuageux,04n,2025-12-29 21:00:00,2025-12-29 21:00:00,10000,0,5.16,1.2,5.16,5.16,1025,75,5.75,41,9.99,,63,n,7,Amiens,49.9610783,2.2518181
803,Clouds,nuageux,04n,2025-12-30 00:00:00,2025-12-30 00:00:00,10000,0,4.74,1.28,4.74,4.74,1026,75,4.46,35,10.42,,82,n,7,Amiens,49.9610783,2.2518181
804,Clouds,couvert,04n,2025-12-30 03:00:00,2025-12-30 03:00:00,10000,0,4.69,0.73,4.69,4.69,1027,66,5.47,38,10.21,,100,n,7,Amiens,49.9610783,2.2518181
804,Clouds,couvert,04n,2025-12-30 06:00:00,2025-12-30 06:00:00,10000,0,4.67,0.21,4.67,4.67,1028,57,6.66,44,10.71,,100,n,7,Amiens,49.9610783,2.2518181
804,Clouds,couvert,04d,2025-12-30 09:00:00,2025-12-30 09:00:00,10000,0,4.07,0.35,4.07,4.07,1030,66,4.65,35,11.03,,100,d,7,Amiens,49.9610783,2.2518181
803,Clouds,nuageux,04d,2025-12-30 12:00:00,2025-12-30 12:00:00,10000,0,5.72,1.82,5.72,5.72,1030,62,5.98,41,10.7,,68,d,7,Amiens,49.9610783,2.2518181
802,Clouds,partiellement nuageux,03d,2025-12-30 15:00:00,2025-12-30 15:00:00,10000,0,4.71,1.39,4.71,4.71,1030,68,4.2,35,7.65,,28,d,7,Amiens,49.9610783,2.2518181
801,Clouds,peu nuageux,02n,2025-12-30 18:00:00,2025-12-30 18:00:00,10000,0,1.29,-1.9,1.29,1.29,1031,78,2.94,17,7.19,,18,n,7,Amiens,49.9610783,2.2518181
800,Clear,ciel dégagé,01n,2025-12-30 21:00:00,2025-12-30 21:00:00,10000,0,-0.14,-3.77,-0.14,-0.14,1032,76,3.12,30,8.99,,1,n,7,Amiens,49.9610783,2.2518181
800,Clear,ciel dégagé,01n,2025-12-31 00:00:00,2025-12-31 00:00:00,10000,0,-1.11,-4.38,-1.11,-1.11,1032,85,2.54,56,4.9,,3,n,7,Amiens,49.9610783,2.2518181
800,Clear,ciel dégagé,01n,2025-12-31 03:00:00,2025-12-31 03:00:00,10000,0,-1.36,-3.87,-1.36,-1.36,1032,86,1.87,58,1.78,,5,n,7,Amiens,49.9610783,2.2518181
800,Clear,ciel dégagé,01n,2025-12-31 06:00:00,2025-12-31 06:00:00,10000,0,-1.28,-1.28,-1.28,-1.28,1032,80,0.63,18,0.58,,8,n,7,Amiens,49.9610783,2.2518181
800,Clear,ciel dégagé,01d,2025-12-31 09:00:00,2025-12-31 09:00:00,10000,0,-0.14,-2.01,-0.14,-0.14,1032,74,1.56,304,1.84,,9,d,7,Amiens,49.9610783,2.2518181
800,Clear,ciel dégagé,01d,2025-12-31 12:00:00,2025-12-31 12:00:00,10000,0,4.01,1.46,4.01,4.01,1031,74,2.82,320,4.02,,8,d,7,Amiens,49.9610783,2.2518181
801,Clouds,peu nuageux,02d,2025-12-31 15:00:00,2025-12-31 15:00:00,10000,0,3.61,0.99,3.61,3.61,1029,84,2.81,307,4.71,,12,d,7,Amiens,49.9610783,2.2518181
801,Clouds,peu nuageux,02n,2025-12-31 18:00:00,2025-12-31 18:00:00,10000,0,0.69,-2.04,0.69,0.69,1029,92,2.34,302,2.33,,11,n,7,Amiens,49.9610783,2.2518181
801,Clouds,peu nuageux,02n,2025-12-31 21:00:00,2025-12-31 21:00:00,10000,0,0.15,-2.04,0.15,0.15,1028,92,1.81,261,1.75,,13,n,7,Amiens,49.9610783,2.2518181
801,Clouds,peu nuageux,02n,2026-01-01 00:00:00,2026-01-01 00:00:00,10000,0,-0.01,-2.99,-0.01,-0.01,1026,91,2.46,246,2.46,,14,n,7,Amiens,49.9610783,2.2518181
802,Clouds,partiellement nuageux,03n,2026-01-01 03:00:00,2026-01-01 03:00:00,10000,0,0.07,-3.18,0.07,0.07,1024,91,2.74,240,3.78,,49,n,7,Amiens,49.9610783,2.2518181
803,Clouds,nuageux,04n,2026-01-01 06:00:00,2026-01-01 06:00:00,10000,0,1.13,-2.38,1.13,1.13,1021,86,3.29,226,6.38,,70,n,7,Amiens,49.9610783,2.2518181
804,Clouds,couvert,04d,2026-01-01 09:00:00,2026-01-01 09:00:00,10000,0,1.08,-3.05,1.08,1.08,1019,86,4.14,221,7.85,,100,d,7,Amiens,49.9610783,2.2518181
804,Clouds,couvert,04d,2026-01-01 12:00:00,2026-01-01 12:00:00,10000,0,3.27,-1.13,3.27,3.27,1016,73,5.63,226,8.63,,100,d,7,Amiens,49.9610783,2.2518181
803,Clouds,nuageux,04d,2026-01-01 15:00:00,2026-01-01 15:00:00,10000,0,2.79,-0.91,2.79,2.79,1013,68,4.09,243,7.91,,84,d,7,Amiens,49.9610783,2.2518181
804,Clouds,couvert,04n,2026-01-01 18:00:00,2026-01-01 18:00:00,10000,0,0.87,-3.12,0.87,0.87,1011,72,3.86,238,9.15,,92,n,7,Amiens,49.9610783,2.2518181
804,Clouds,couvert,04n,2026-01-01 21:00:00,2026-01-01 21:00:00,10000,0.26,0.28,-4.76,0.28,0.28,1009,75,5.35,240,13.48,,100,n,7,Amiens,49.9610783,2.2518181
804,Clouds,couvert,04n,2025-12-28 00:00:00,2025-12-28 00:00:00,10000,0,3.62,0.33,2.85,3.62,1033,92,3.73,59,8.35,,95,n,8,Lille,50.6180640,3.0453037
804,Clouds,couvert,04n,2025-12-28 03:00:00,2025-12-28 03:00:00,10000,0,2.48,-1.37,1.72,2.48,1032,90,4.21,46,9.13,,97,n,8,Lille,50.6180640,3.0453037
803,Clouds,nuageux,04n,2025-12-28 06:00:00,2025-12-28 06:00:00,10000,0,-0.8,-4.6,-0.8,-0.8,1031,94,3.15,44,7.95,,63,n,8,Lille,50.6180640,3.0453037
802,Clouds,partiellement nuageux,03d,2025-12-28 09:00:00,2025-12-28 09:00:00,10000,0,-0.32,-3.78,-0.32,-0.32,1032,94,2.89,38,8.52,,26,d,8,Lille,50.6180640,3.0453037
801,Clouds,peu nuageux,02d,2025-12-28 12:00:00,2025-12-28 12:00:00,10000,0,2.02,-1.68,2.02,2.02,1030,83,3.81,48,6.54,,23,d,8,Lille,50.6180640,3.0453037
802,Clouds,partiellement nuageux,03d,2025-12-28 15:00:00,2025-12-28 15:00:00,10000,0,3.55,0.82,3.55,3.55,1028,85,2.93,45,5.33,,43,d,8,Lille,50.6180640,3.0453037
801,Clouds,peu nuageux,02n,2025-12-28 18:00:00,2025-12-28 18:00:00,10000,0,1.05,-2.19,1.05,1.05,1028,90,2.94,47,6.5,,23,n,8,Lille,50.6180640,3.0453037
800,Clear,ciel dégagé,01n,2025-12-28 21:00:00,2025-12-28 21:00:00,10000,0,0.27,-2.84,0.27,0.27,1028,86,2.64,42,5.12,,7,n,8,Lille,50.6180640,3.0453037
800,Clear,ciel dégagé,01n,2025-12-29 00:00:00,2025-12-29 00:00:00,10000,0,-0.26,-3.64,-0.26,-0.26,1027,74,2.81,43,6.33,,6,n,8,Lille,50.6180640,3.0453037
800,Clear,ciel dégagé,01n,2025-12-29 03:00:00,2025-12-29 03:00:00,10000,0,-0.54,-3.91,-0.54,-0.54,1026,74,2.74,33,5.94,,2,n,8,Lille,50.6180640,3.0453037
800,Clear,ciel dégagé,01n,2025-12-29 06:00:00,2025-12-29 06:00:00,10000,0,-0.62,-3.67,-0.62,-0.62,1026,74,2.42,35,4.63,,2,n,8,Lille,50.6180640,3.0453037
800,Clear,ciel dégagé,01d,2025-12-29 09:00:00,2025-12-29 09:00:00,10000,0,0.55,-2.13,0.55,0.55,1026,88,2.27,34,5.69,,1,d,8,Lille,50.6180640,3.0453037
800,Clear,ciel dégagé,01d,2025-12-29 12:00:00,2025-12-29 12:00:00,10000,0,4.34,1.71,4.34,4.34,1025,83,3,32,6.62,,1,d,8,Lille,50.6180640,3.0453037
800,Clear,ciel dégagé,01d,2025-12-29 15:00:00,2025-12-29 15:00:00,10000,0,3.92,1.56,3.92,3.92,1024,88,2.57,15,6.69,,1,d,8,Lille,50.6180640,3.0453037
802,Clouds,partiellement nuageux,03n,2025-12-29 18:00:00,2025-12-29 18:00:00,10000,0,5.38,2.12,5.38,5.38,1025,76,4.37,29,8.42,,32,n,8,Lille,50.6180640,3.0453037
804,Clouds,couvert,04n,2025-12-29 21:00:00,2025-12-29 21:00:00,10000,0,5.51,2.37,5.51,5.51,1025,72,4.21,25,9.78,,100,n,8,Lille,50.6180640,3.0453037
804,Clouds,couvert,04n,2025-12-30 00:00:00,2025-12-30 00:00:00,10000,0,5.97,2.26,5.97,5.97,1027,62,5.68,29,10.05,,100,n,8,Lille,50.6180640,3.0453037
804,Clouds,couvert,04n,2025-12-30 03:00:00,2025-12-30 03:00:00,10000,0,5.68,1.37,5.68,5.68,1028,55,7.06,30,10.53,,100,n,8,Lille,50.6180640,3.0453037
804,Clouds,couvert,04n,2025-12-30 06:00:00,2025-12-30 06:00:00,10000,0,5.22,1.44,5.22,5.22,1028,55,5.38,28,10.35,,100,n,8,Lille,50.6180640,3.0453037
803,Clouds,nuageux,04d,2025-12-30 09:00:00,2025-12-30 09:00:00,10000,0,3.69,0.46,3.69,3.69,1030,70,3.66,19,10.68,,79,d,8,Lille,50.6180640,3.0453037
500,Rain,légère pluie,10d,2025-12-30 12:00:00,2025-12-30 12:00:00,10000,0.2,6.02,2.78,6.02,6.02,1030,60,4.64,36,9.6,0.12,81,d,8,Lille,50.6180640,3.0453037
803,Clouds,nuageux,04d,2025-12-30 15:00:00,2025-12-30 15:00:00,10000,0,5.18,1.98,5.18,5.18,1030,55,4.17,27,8.38,,65,d,8,Lille,50.6180640,3.0453037
802,Clouds,partiellement nuageux,03n,2025-12-30 18:00:00,2025-12-30 18:00:00,10000,0,2.61,-0.87,2.61,2.61,1031,61,3.69,29,9.32,,35,n,8,Lille,50.6180640,3.0453037
800,Clear,ciel dégagé,01n,2025-12-30 21:00:00,2025-12-30 21:00:00,10000,0,0.91,-2.17,0.91,0.91,1032,75,2.73,46,5.76,,2,n,8,Lille,50.6180640,3.0453037
800,Clear,ciel dégagé,01n,2025-12-31 00:00:00,2025-12-31 00:00:00,10000,0,-0.17,-1.77,-0.17,-0.17,1032,83,1.39,83,1.78,,3,n,8,Lille,50.6180640,3.0453037
801,Clouds,peu nuageux,02n,2025-12-31 03:00:00,2025-12-31 03:00:00,10000,0,-0.44,-0.44,-0.44,-0.44,1032,82,1.03,296,0.93,,15,n,8,Lille,50.6180640,3.0453037
801,Clouds,peu nuageux,02n,2025-12-31 06:00:00,2025-12-31 06:00:00,10000,0,-0.35,-2.9,-0.35,-0.35,1031,78,2.03,280,2.24,,19,n,8,Lille,50.6180640,3.0453037
801,Clouds,peu nuageux,02d,2025-12-31 09:00:00,2025-12-31 09:00:00,10000,0,0.53,-2.45,0.53,0.53,1031,80,2.56,270,5.41,,13,d,8,Lille,50.6180640,3.0453037
802,Clouds,partiellement nuageux,03d,2025-12-31 12:00:00,2025-12-31 12:00:00,10000,0,4.15,1.8,4.15,4.15,1030,82,2.61,276,5.9,,48,d,8,Lille,50.6180640,3.0453037
803,Clouds,nuageux,04d,2025-12-31 15:00:00,2025-12-31 15:00:00,10000,0,4.66,1.92,4.66,4.66,1028,81,3.25,308,6.99,,68,d,8,Lille,50.6180640,3.0453037
802,Clouds,partiellement nuageux,03n,2025-12-31 18:00:00,2025-12-31 18:00:00,10000,0,1.63,-1.49,1.63,1.63,1028,89,2.94,286,5.8,,48,n,8,Lille,50.6180640,3.0453037
802,Clouds,partiellement nuageux,03n,2025-12-31 21:00:00,2025-12-31 21:00:00,10000,0,0.8,-2.59,0.8,0.8,1027,89,3.06,260,6.53,,40,n,8,Lille,50.6180640,3.0453037
802,Clouds,partiellement nuageux,03n,2026-01-01 00:00:00,2026-01-01 00:00:00,10000,0,0.01,-3.52,0.01,0.01,1025,88,3.04,248,6.68,,31,n,8,Lille,50.6180640,3.0453037
802,Clouds,partiellement nuageux,03n,2026-01-01 03:00:00,2026-01-01 03:00:00,10000,0,-0.19,-3.51,-0.19,-0.19,1023,91,2.76,249,5.74,,38,n,8,Lille,50.6180640,3.0453037
803,Clouds,nuageux,04n,2026-01-01 06:00:00,2026-01-01 06:00:00,10000,0,-0.03,-3.27,-0.03,-0.03,1020,90,2.71,235,5.43,,56,n,8,Lille,50.6180640,3.0453037
804,Clouds,couvert,04d,2026-01-01 09:00:00,2026-01-01 09:00:00,10000,0,2.53,-1.24,2.53,2.53,1018,82,4.1,229,9.79,,99,d,8,Lille,50.6180640,3.0453037
804,Clouds,couvert,04d,2026-01-01 12:00:00,2026-01-01 12:00:00,10000,0,2.86,-1.74,2.86,2.86,1015,81,5.83,233,11.42,,100,d,8,Lille,50.6180640,3.0453037
600,Snow,légères chutes de neige,13d,2026-01-01 15:00:00,2026-01-01 15:00:00,10000,0.2,2.32,-2.16,2.32,2.32,1012,92,5.28,229,9.65,,100,d,8,Lille,50.6180640,3.0453037
804,Clouds,couvert,04n,2026-01-01 18:00:00,2026-01-01 18:00:00,10000,0,1.97,-2.94,1.97,1.97,1009,94,5.97,219,11.15,,100,n,8,Lille,50.6180640,3.0453037
500,Rain,légère pluie,10n,2026-01-01 21:00:00,2026-01-01 21:00:00,10000,0.2,2.03,-2.92,2.03,2.03,1007,94,6.11,226,10.85,0.15,100,n,8,Lille,50.6180640,3.0453037
800,Clear,ciel dégagé,01n,2025-12-28 00:00:00,2025-12-28 00:00:00,10000,0,-2.09,-2.09,-2.09,-0.37,1029,86,1.29,355,1.23,,2,n,9,Strasbourg,48.5681009,7.6885972
801,Clouds,peu nuageux,02n,2025-12-28 03:00:00,2025-12-28 03:00:00,10000,0,-1.66,-5.1,-1.66,-1.01,1029,79,2.6,357,5.56,,18,n,9,Strasbourg,48.5681009,7.6885972
802,Clouds,partiellement nuageux,03n,2025-12-28 06:00:00,2025-12-28 06:00:00,10000,0,-2.28,-6.06,-2.28,-2.28,1029,87,2.82,354,5.24,,32,n,9,Strasbourg,48.5681009,7.6885972
800,Clear,ciel dégagé,01d,2025-12-28 09:00:00,2025-12-28 09:00:00,10000,0,-0.33,-3.79,-0.33,-0.33,1029,80,2.88,2,5.52,,9,d,9,Strasbourg,48.5681009,7.6885972
800,Clear,ciel dégagé,01d,2025-12-28 12:00:00,2025-12-28 12:00:00,10000,0,2.68,-0.34,2.68,2.68,1028,66,3.07,20,4.16,,6,d,9,Strasbourg,48.5681009,7.6885972
800,Clear,ciel dégagé,01d,2025-12-28 15:00:00,2025-12-28 15:00:00,10000,0,2.75,-0.45,2.75,2.75,1026,65,3.33,7,6.23,,0,d,9,Strasbourg,48.5681009,7.6885972
800,Clear,ciel dégagé,01n,2025-12-28 18:00:00,2025-12-28 18:00:00,10000,0,-0.12,-3.3,-0.12,-0.12,1026,76,2.63,360,3.89,,0,n,9,Strasbourg,48.5681009,7.6885972
800,Clear,ciel dégagé,01n,2025-12-28 21:00:00,2025-12-28 21:00:00,10000,0,-1.34,-4.33,-1.34,-1.34,1026,78,2.25,352,3.01,,1,n,9,Strasbourg,48.5681009,7.6885972
800,Clear,ciel dégagé,01n,2025-12-29 00:00:00,2025-12-29 00:00:00,10000,0,-1.61,-3.44,-1.61,-1.61,1025,76,1.41,349,2.12,,1,n,9,Strasbourg,48.5681009,7.6885972
800,Clear,ciel dégagé,01n,2025-12-29 03:00:00,2025-12-29 03:00:00,10000,0,-1.75,-1.75,-1.75,-1.75,1025,73,1.02,352,1.17,,0,n,9,Strasbourg,48.5681009,7.6885972
800,Clear,ciel dégagé,01n,2025-12-29 06:00:00,2025-12-29 06:00:00,10000,0,-1.85,-1.85,-1.85,-1.85,1024,72,0.66,211,0.99,,0,n,9,Strasbourg,48.5681009,7.6885972
800,Clear,ciel dégagé,01d,2025-12-29 09:00:00,2025-12-29 09:00:00,10000,0,-0.51,-0.51,-0.51,-0.51,1024,66,0.18,161,0.53,,1,d,9,Strasbourg,48.5681009,7.6885972
800,Clear,ciel dégagé,01d,2025-12-29 12:00:00,2025-12-29 12:00:00,10000,0,2.33,2.33,2.33,2.33,1022,54,0.4,30,0.43,,1,d,9,Strasbourg,48.5681009,7.6885972
800,Clear,ciel dégagé,01d,2025-12-29 15:00:00,2025-12-29 15:00:00,10000,0,1,1,1,1,1021,58,0.59,6,0.67,,0,d,9,Strasbourg,48.5681009,7.6885972
800,Clear,ciel dégagé,01n,2025-12-29 18:00:00,2025-12-29 18:00:00,10000,0,-0.5,-0.5,-0.5,-0.5,1021,60,0.62,327,0.59,,0,n,9,Strasbourg,48.5681009,7.6885972
800,Clear,ciel dégagé,01n,2025-12-29 21:00:00,2025-12-29 21:00:00,10000,0,-1.04,-3.6,-1.04,-1.04,1023,61,1.95,4,2.55,,0,n,9,Strasbourg,48.5681009,7.6885972
800,Clear,ciel dégagé,01n,2025-12-30 00:00:00,2025-12-30 00:00:00,10000,0,-1.02,-3.66,-1.02,-1.02,1023,65,2.01,325,3.03,,6,n,9,Strasbourg,48.5681009,7.6885972
804,Clouds,couvert,04n,2025-12-30 03:00:00,2025-12-30 03:00:00,10000,0,1.2,-0.26,1.2,1.2,1023,75,1.42,324,1.68,,96,n,9,Strasbourg,48.5681009,7.6885972
804,Clouds,couvert,04n,2025-12-30 06:00:00,2025-12-30 06:00:00,10000,0,1.32,-1.84,1.32,1.32,1024,72,2.91,3,6.02,,97,n,9,Strasbourg,48.5681009,7.6885972
804,Clouds,couvert,04d,2025-12-30 09:00:00,2025-12-30 09:00:00,10000,0,0.94,-2.44,0.94,0.94,1026,71,3.08,8,7.54,,100,d,9,Strasbourg,48.5681009,7.6885972
803,Clouds,nuageux,04d,2025-12-30 12:00:00,2025-12-30 12:00:00,10000,0,2.58,-1.71,2.58,2.58,1026,64,5.03,28,5.81,,79,d,9,Strasbourg,48.5681009,7.6885972
800,Clear,ciel dégagé,01d,2025-12-30 15:00:00,2025-12-30 15:00:00,10000,0,1.5,-3.11,1.5,1.5,1027,62,5.13,27,9.06,,5,d,9,Strasbourg,48.5681009,7.6885972
800,Clear,ciel dégagé,01n,2025-12-30 18:00:00,2025-12-30 18:00:00,10000,0,-1.48,-5.69,-1.48,-1.48,1028,63,3.47,26,7.77,,3,n,9,Strasbourg,48.5681009,7.6885972
800,Clear,ciel dégagé,01n,2025-12-30 21:00:00,2025-12-30 21:00:00,10000,0,-2.16,-6.18,-2.16,-2.16,1029,66,3.09,24,7.37,,0,n,9,Strasbourg,48.5681009,7.6885972
800,Clear,ciel dégagé,01n,2025-12-31 00:00:00,2025-12-31 00:00:00,10000,0,-2.45,-6.58,-2.45,-2.45,1030,66,3.15,22,6.92,,1,n,9,Strasbourg,48.5681009,7.6885972
800,Clear,ciel dégagé,01n,2025-12-31 03:00:00,2025-12-31 03:00:00,10000,0,-2.86,-6.54,-2.86,-2.86,1030,63,2.62,13,4.54,,0,n,9,Strasbourg,48.5681009,7.6885972
800,Clear,ciel dégagé,01n,2025-12-31 06:00:00,2025-12-31 06:00:00,10000,0,-3.1,-5.85,-3.1,-3.1,1030,62,1.85,7,2.42,,0,n,9,Strasbourg,48.5681009,7.6885972
800,Clear,ciel dégagé,01d,2025-12-31 09:00:00,2025-12-31 09:00:00,10000,0,-1.8,-1.8,-1.8,-1.8,1031,53,1.13,348,1.49,,0,d,9,Strasbourg,48.5681009,7.6885972
800,Clear,ciel dégagé,01d,2025-12-31 12:00:00,2025-12-31 12:00:00,10000,0,0.84,0.84,0.84,0.84,1029,37,0.88,296,1.24,,0,d,9,Strasbourg,48.5681009,7.6885972
800,Clear,ciel dégagé,01d,2025-12-31 15:00:00,2025-12-31 15:00:00,10000,0,0.02,0.02,0.02,0.02,1028,43,0.25,166,0.65,,1,d,9,Strasbourg,48.5681009,7.6885972
800,Clear,ciel dégagé,01n,2025-12-31 18:00:00,2025-12-31 18:00:00,10000,0,-1.58,-1.58,-1.58,-1.58,1028,52,1.19,215,1.27,,4,n,9,Strasbourg,48.5681009,7.6885972
801,Clouds,peu nuageux,02n,2025-12-31 21:00:00,2025-12-31 21:00:00,10000,0,-1.71,-4.54,-1.71,-1.71,1028,58,2.07,206,2.38,,15,n,9,Strasbourg,48.5681009,7.6885972
802,Clouds,partiellement nuageux,03n,2026-01-01 00:00:00,2026-01-01 00:00:00,10000,0,-1.79,-4.31,-1.79,-1.79,1026,63,1.83,195,2.33,,35,n,9,Strasbourg,48.5681009,7.6885972
803,Clouds,nuageux,04n,2026-01-01 03:00:00,2026-01-01 03:00:00,10000,0,-2.2,-5.11,-2.2,-2.2,1025,67,2.07,199,2.78,,60,n,9,Strasbourg,48.5681009,7.6885972
802,Clouds,partiellement nuageux,03n,2026-01-01 06:00:00,2026-01-01 06:00:00,10000,0,-2.27,-5.37,-2.27,-2.27,1023,70,2.21,197,3.02,,47,n,9,Strasbourg,48.5681009,7.6885972
802,Clouds,partiellement nuageux,03d,2026-01-01 09:00:00,2026-01-01 09:00:00,10000,0,-1.29,-4,-1.29,-1.29,1022,66,2.03,192,3.02,,31,d,9,Strasbourg,48.5681009,7.6885972
803,Clouds,nuageux,04d,2026-01-01 12:00:00,2026-01-01 12:00:00,10000,0,1.59,-1.43,1.59,1.59,1018,54,2.81,185,3.69,,62,d,9,Strasbourg,48.5681009,7.6885972
804,Clouds,couvert,04d,2026-01-01 15:00:00,2026-01-01 15:00:00,10000,0,0.26,-2.85,0.26,0.26,1015,51,2.64,177,5.2,,100,d,9,Strasbourg,48.5681009,7.6885972
804,Clouds,couvert,04n,2026-01-01 18:00:00,2026-01-01 18:00:00,10000,0,-1.33,-3.37,-1.33,-1.33,1013,62,1.56,190,2.19,,100,n,9,Strasbourg,48.5681009,7.6885972
803,Clouds,nuageux,04n,2026-01-01 21:00:00,2026-01-01 21:00:00,10000,0,-1.96,-4.67,-1.96,-1.96,1011,64,1.95,195,2.35,,75,n,9,Strasbourg,48.5681009,7.6885972
800,Clear,ciel dégagé,01n,2025-12-28 00:00:00,2025-12-28 00:00:00,10000,0,-4.85,-4.85,-4.85,-2.34,1029,89,0.61,270,0.73,,8,n,10,Chateau du Haut Koenigsbourg,48.2495226,7.3454923
801,Clouds,peu nuageux,02n,2025-12-28 03:00:00,2025-12-28 03:00:00,10000,0,-3.61,-3.61,-3.61,-2.37,1029,81,1.13,2,1.15,,15,n,10,Chateau du Haut Koenigsbourg,48.2495226,7.3454923
802,Clouds,partiellement nuageux,03n,2025-12-28 06:00:00,2025-12-28 06:00:00,10000,0,-3.37,-3.37,-3.37,-3.37,1029,79,0.81,326,0.83,,28,n,10,Chateau du Haut Koenigsbourg,48.2495226,7.3454923
800,Clear,ciel dégagé,01d,2025-12-28 09:00:00,2025-12-28 09:00:00,10000,0,-2.09,-2.09,-2.09,-2.09,1029,79,1.31,29,2.81,,8,d,10,Chateau du Haut Koenigsbourg,48.2495226,7.3454923
800,Clear,ciel dégagé,01d,2025-12-28 12:00:00,2025-12-28 12:00:00,10000,0,-0.24,-2.67,-0.24,-0.24,1027,65,1.95,54,3.29,,4,d,10,Chateau du Haut Koenigsbourg,48.2495226,7.3454923
800,Clear,ciel dégagé,01d,2025-12-28 15:00:00,2025-12-28 15:00:00,10000,0,-0.28,-0.28,-0.28,-0.28,1026,79,1.08,26,1.35,,0,d,10,Chateau du Haut Koenigsbourg,48.2495226,7.3454923
800,Clear,ciel dégagé,01n,2025-12-28 18:00:00,2025-12-28 18:00:00,10000,0,-2.51,-2.51,-2.51,-2.51,1026,81,0.82,358,1.01,,0,n,10,Chateau du Haut Koenigsbourg,48.2495226,7.3454923
800,Clear,ciel dégagé,01n,2025-12-28 21:00:00,2025-12-28 21:00:00,10000,0,-3.2,-3.2,-3.2,-3.2,1025,80,0.78,359,0.93,,0,n,10,Chateau du Haut Koenigsbourg,48.2495226,7.3454923
800,Clear,ciel dégagé,01n,2025-12-29 00:00:00,2025-12-29 00:00:00,10000,0,-3.61,-3.61,-3.61,-3.61,1025,79,0.31,333,0.61,,0,n,10,Chateau du Haut Koenigsbourg,48.2495226,7.3454923
800,Clear,ciel dégagé,01n,2025-12-29 03:00:00,2025-12-29 03:00:00,10000,0,-4.21,-4.21,-4.21,-4.21,1025,80,0.38,8,0.51,,1,n,10,Chateau du Haut Koenigsbourg,48.2495226,7.3454923
800,Clear,ciel dégagé,01n,2025-12-29 06:00:00,2025-12-29 06:00:00,10000,0,-3.87,-3.87,-3.87,-3.87,1024,75,0.55,226,0.38,,1,n,10,Chateau du Haut Koenigsbourg,48.2495226,7.3454923
800,Clear,ciel dégagé,01d,2025-12-29 09:00:00,2025-12-29 09:00:00,10000,0,-1.37,-1.37,-1.37,-1.37,1024,62,0.35,153,0.35,,1,d,10,Chateau du Haut Koenigsbourg,48.2495226,7.3454923
800,Clear,ciel dégagé,01d,2025-12-29 12:00:00,2025-12-29 12:00:00,10000,0,1.87,1.87,1.87,1.87,1022,52,1.05,88,0.69,,0,d,10,Chateau du Haut Koenigsbourg,48.2495226,7.3454923
800,Clear,ciel dégagé,01d,2025-12-29 15:00:00,2025-12-29 15:00:00,10000,0,-0.68,-0.68,-0.68,-0.68,1021,67,0.65,63,0.62,,0,d,10,Chateau du Haut Koenigsbourg,48.2495226,7.3454923
800,Clear,ciel dégagé,01n,2025-12-29 18:00:00,2025-12-29 18:00:00,10000,0,-2.63,-2.63,-2.63,-2.63,1022,70,1.03,305,0.98,,0,n,10,Chateau du Haut Koenigsbourg,48.2495226,7.3454923
800,Clear,ciel dégagé,01n,2025-12-29 21:00:00,2025-12-29 21:00:00,10000,0,-3.33,-3.33,-3.33,-3.33,1023,64,1.29,360,1.18,,0,n,10,Chateau du Haut Koenigsbourg,48.2495226,7.3454923
800,Clear,ciel dégagé,01n,2025-12-30 00:00:00,2025-12-30 00:00:00,10000,0,-4.09,-4.09,-4.09,-4.09,1024,65,1.24,348,1.29,,0,n,10,Chateau du Haut Koenigsbourg,48.2495226,7.3454923
802,Clouds,partiellement nuageux,03n,2025-12-30 03:00:00,2025-12-30 03:00:00,10000,0,-2.23,-4.26,-2.23,-2.23,1024,76,1.48,322,1.25,,41,n,10,Chateau du Haut Koenigsbourg,48.2495226,7.3454923
803,Clouds,nuageux,04n,2025-12-30 06:00:00,2025-12-30 06:00:00,10000,0,-1.06,-4.55,-1.06,-1.06,1024,84,2.76,18,6.62,,72,n,10,Chateau du Haut Koenigsbourg,48.2495226,7.3454923
804,Clouds,couvert,04d,2025-12-30 09:00:00,2025-12-30 09:00:00,10000,0,-1.59,-4.55,-1.59,-1.59,1026,74,2.19,21,5.55,,99,d,10,Chateau du Haut Koenigsbourg,48.2495226,7.3454923
804,Clouds,couvert,04d,2025-12-30 12:00:00,2025-12-30 12:00:00,10000,0,-0.38,-4.54,-0.38,-0.38,1026,62,3.71,37,5.21,,99,d,10,Chateau du Haut Koenigsbourg,48.2495226,7.3454923
803,Clouds,nuageux,04d,2025-12-30 15:00:00,2025-12-30 15:00:00,10000,0,-1.84,-5.81,-1.84,-1.84,1026,76,3.11,23,6.84,,79,d,10,Chateau du Haut Koenigsbourg,48.2495226,7.3454923
802,Clouds,partiellement nuageux,03n,2025-12-30 18:00:00,2025-12-30 18:00:00,10000,0,-4.78,-8.51,-4.78,-4.78,1028,75,2.36,11,4.66,,48,n,10,Chateau du Haut Koenigsbourg,48.2495226,7.3454923
800,Clear,ciel dégagé,01n,2025-12-30 21:00:00,2025-12-30 21:00:00,10000,0,-5.64,-9.07,-5.64,-5.64,1029,74,2.03,4,3.74,,1,n,10,Chateau du Haut Koenigsbourg,48.2495226,7.3454923
800,Clear,ciel dégagé,01n,2025-12-31 00:00:00,2025-12-31 00:00:00,10000,0,-5.92,-9.28,-5.92,-5.92,1030,76,1.95,4,3.77,,1,n,10,Chateau du Haut Koenigsbourg,48.2495226,7.3454923
800,Clear,ciel dégagé,01n,2025-12-31 03:00:00,2025-12-31 03:00:00,10000,0,-6.36,-9.51,-6.36,-6.36,1030,75,1.78,355,2.71,,1,n,10,Chateau du Haut Koenigsbourg,48.2495226,7.3454923
800,Clear,ciel dégagé,01n,2025-12-31 06:00:00,2025-12-31 06:00:00,10000,0,-6.74,-9.61,-6.74,-6.74,1030,68,1.59,348,2.09,,1,n,10,Chateau du Haut Koenigsbourg,48.2495226,7.3454923
800,Clear,ciel dégagé,01d,2025-12-31 09:00:00,2025-12-31 09:00:00,10000,0,-4.71,-4.71,-4.71,-4.71,1031,52,1.26,355,2.03,,0,d,10,Chateau du Haut Koenigsbourg,48.2495226,7.3454923
800,Clear,ciel dégagé,01d,2025-12-31 12:00:00,2025-12-31 12:00:00,10000,0,-1.12,-2.93,-1.12,-1.12,1029,31,1.44,20,2.04,,0,d,10,Chateau du Haut Koenigsbourg,48.2495226,7.3454923
800,Clear,ciel dégagé,01d,2025-12-31 15:00:00,2025-12-31 15:00:00,10000,0,-2.36,-2.36,-2.36,-2.36,1028,43,0.63,46,0.67,,0,d,10,Chateau du Haut Koenigsbourg,48.2495226,7.3454923
800,Clear,ciel dégagé,01n,2025-12-31 18:00:00,2025-12-31 18:00:00,10000,0,-4.44,-4.44,-4.44,-4.44,1029,54,1.21,304,1.11,,0,n,10,Chateau du Haut Koenigsbourg,48.2495226,7.3454923
800,Clear,ciel dégagé,01n,2025-12-31 21:00:00,2025-12-31 21:00:00,10000,0,-4.44,-6.85,-4.44,-4.44,1028,64,1.52,274,1.32,,6,n,10,Chateau du Haut Koenigsbourg,48.2495226,7.3454923
801,Clouds,peu nuageux,02n,2026-01-01 00:00:00,2026-01-01 00:00:00,10000,0,-4.51,-6.63,-4.51,-4.51,1026,77,1.36,261,1.21,,11,n,10,Chateau du Haut Koenigsbourg,48.2495226,7.3454923
802,Clouds,partiellement nuageux,03n,2026-01-01 03:00:00,2026-01-01 03:00:00,10000,0,-4.61,-4.61,-4.61,-4.61,1025,79,1.22,253,1.17,,27,n,10,Chateau du Haut Koenigsbourg,48.2495226,7.3454923
801,Clouds,peu nuageux,02n,2026-01-01 06:00:00,2026-01-01 06:00:00,10000,0,-4.77,-7.23,-4.77,-4.77,1023,80,1.52,234,1.5,,23,n,10,Chateau du Haut Koenigsbourg,48.2495226,7.3454923
802,Clouds,partiellement nuageux,03d,2026-01-01 09:00:00,2026-01-01 09:00:00,10000,0,-2.87,-2.87,-2.87,-2.87,1022,71,0.81,227,1.48,,36,d,10,Chateau du Haut Koenigsbourg,48.2495226,7.3454923
803,Clouds,nuageux,04d,2026-01-01 12:00:00,2026-01-01 12:00:00,10000,0,0.44,-1.24,0.44,0.44,1018,56,1.49,177,2.05,,64,d,10,Chateau du Haut Koenigsbourg,48.2495226,7.3454923
804,Clouds,couvert,04d,2026-01-01 15:00:00,2026-01-01 15:00:00,10000,0,-1.62,-1.62,-1.62,-1.62,1015,64,1.32,203,2.02,,100,d,10,Chateau du Haut Koenigsbourg,48.2495226,7.3454923
804,Clouds,couvert,04n,2026-01-01 18:00:00,2026-01-01 18:00:00,10000,0,-3.17,-5.69,-3.17,-3.17,1014,69,1.69,267,1.68,,100,n,10,Chateau du Haut Koenigsbourg,48.2495226,7.3454923
804,Clouds,couvert,04n,2026-01-01 21:00:00,2026-01-01 21:00:00,10000,0,-3.16,-5.91,-3.16,-3.16,1012,63,1.84,250,2.16,,99,n,10,Chateau du Haut Koenigsbourg,48.2495226,7.3454923
801,Clouds,peu nuageux,02n,2025-12-28 00:00:00,2025-12-28 00:00:00,10000,0,-1.84,-3.89,-1.84,0.57,1029,88,1.52,290,1.06,,13,n,11,Colmar,48.0777517,7.3579641
801,Clouds,peu nuageux,02n,2025-12-28 03:00:00,2025-12-28 03:00:00,10000,0,-0.46,-2.95,-0.46,0.83,1029,82,1.97,354,2.23,,11,n,11,Colmar,48.0777517,7.3579641
801,Clouds,peu nuageux,02n,2025-12-28 06:00:00,2025-12-28 06:00:00,10000,0,-0.51,-2.08,-0.51,-0.51,1029,73,1.35,335,0.78,,12,n,11,Colmar,48.0777517,7.3579641
800,Clear,ciel dégagé,01d,2025-12-28 09:00:00,2025-12-28 09:00:00,10000,0,0.58,-1.92,0.58,0.58,1029,78,2.12,10,3.76,,7,d,11,Colmar,48.0777517,7.3579641
800,Clear,ciel dégagé,01d,2025-12-28 12:00:00,2025-12-28 12:00:00,10000,0,2.15,-0.27,2.15,2.15,1027,64,2.29,33,3.59,,4,d,11,Colmar,48.0777517,7.3579641
800,Clear,ciel dégagé,01d,2025-12-28 15:00:00,2025-12-28 15:00:00,10000,0,2.38,0.72,2.38,2.38,1026,78,1.67,1,1.76,,0,d,11,Colmar,48.0777517,7.3579641
800,Clear,ciel dégagé,01n,2025-12-28 18:00:00,2025-12-28 18:00:00,10000,0,0.23,-1.92,0.23,0.23,1026,81,1.79,338,1.55,,0,n,11,Colmar,48.0777517,7.3579641
800,Clear,ciel dégagé,01n,2025-12-28 21:00:00,2025-12-28 21:00:00,10000,0,-0.67,-2.65,-0.67,-0.67,1025,82,1.58,340,1.39,,1,n,11,Colmar,48.0777517,7.3579641
800,Clear,ciel dégagé,01n,2025-12-29 00:00:00,2025-12-29 00:00:00,10000,0,-1.12,-1.12,-1.12,-1.12,1025,81,0.93,325,0.73,,1,n,11,Colmar,48.0777517,7.3579641
800,Clear,ciel dégagé,01n,2025-12-29 03:00:00,2025-12-29 03:00:00,10000,0,-1.64,-1.64,-1.64,-1.64,1025,81,1.01,341,0.82,,1,n,11,Colmar,48.0777517,7.3579641
800,Clear,ciel dégagé,01n,2025-12-29 06:00:00,2025-12-29 06:00:00,10000,0,-1.43,-1.43,-1.43,-1.43,1024,76,0.75,245,0.46,,1,n,11,Colmar,48.0777517,7.3579641
800,Clear,ciel dégagé,01d,2025-12-29 09:00:00,2025-12-29 09:00:00,10000,0,1.09,1.09,1.09,1.09,1024,62,0.53,182,0.59,,1,d,11,Colmar,48.0777517,7.3579641
800,Clear,ciel dégagé,01d,2025-12-29 12:00:00,2025-12-29 12:00:00,10000,0,4.09,4.09,4.09,4.09,1022,57,1.03,91,0.5,,1,d,11,Colmar,48.0777517,7.3579641
800,Clear,ciel dégagé,01d,2025-12-29 15:00:00,2025-12-29 15:00:00,10000,0,1.7,1.7,1.7,1.7,1021,71,0.7,46,0.66,,0,d,11,Colmar,48.0777517,7.3579641
800,Clear,ciel dégagé,01n,2025-12-29 18:00:00,2025-12-29 18:00:00,10000,0,-0.25,-0.25,-0.25,-0.25,1022,73,1.16,322,1.11,,0,n,11,Colmar,48.0777517,7.3579641
800,Clear,ciel dégagé,01n,2025-12-29 21:00:00,2025-12-29 21:00:00,10000,0,-0.93,-3.16,-0.93,-0.93,1022,71,1.72,355,1.55,,0,n,11,Colmar,48.0777517,7.3579641
800,Clear,ciel dégagé,01n,2025-12-30 00:00:00,2025-12-30 00:00:00,10000,0,-1.67,-4.63,-1.67,-1.67,1024,66,2.18,347,3.22,,0,n,11,Colmar,48.0777517,7.3579641
802,Clouds,partiellement nuageux,03n,2025-12-30 03:00:00,2025-12-30 03:00:00,10000,0,-0.11,-2.53,-0.11,-0.11,1024,69,1.96,330,2.85,,34,n,11,Colmar,48.0777517,7.3579641
803,Clouds,nuageux,04n,2025-12-30 06:00:00,2025-12-30 06:00:00,10000,0,1.82,-1.82,1.82,1.82,1024,80,3.67,17,7.92,,70,n,11,Colmar,48.0777517,7.3579641
804,Clouds,couvert,04d,2025-12-30 09:00:00,2025-12-30 09:00:00,10000,0,1.39,-2.05,1.39,1.39,1025,68,3.27,11,6.27,,100,d,11,Colmar,48.0777517,7.3579641
804,Clouds,couvert,04d,2025-12-30 12:00:00,2025-12-30 12:00:00,10000,0,2.24,-1.89,2.24,2.24,1025,60,4.59,19,6.33,,99,d,11,Colmar,48.0777517,7.3579641
803,Clouds,nuageux,04d,2025-12-30 15:00:00,2025-12-30 15:00:00,10000,0,0.86,-3.39,0.86,0.86,1026,74,4.24,10,8.22,,55,d,11,Colmar,48.0777517,7.3579641
802,Clouds,partiellement nuageux,03n,2025-12-30 18:00:00,2025-12-30 18:00:00,10000,0,-1.75,-6.55,-1.75,-1.75,1028,74,4.16,2,8.04,,31,n,11,Colmar,48.0777517,7.3579641
800,Clear,ciel dégagé,01n,2025-12-30 21:00:00,2025-12-30 21:00:00,10000,0,-2.65,-7.52,-2.65,-2.65,1029,68,3.97,358,7.85,,1,n,11,Colmar,48.0777517,7.3579641
800,Clear,ciel dégagé,01n,2025-12-31 00:00:00,2025-12-31 00:00:00,10000,0,-2.91,-7.61,-2.91,-2.91,1029,72,3.69,355,7.33,,0,n,11,Colmar,48.0777517,7.3579641
800,Clear,ciel dégagé,01n,2025-12-31 03:00:00,2025-12-31 03:00:00,10000,0,-3.26,-7.49,-3.26,-3.26,1029,70,3.08,349,5.64,,0,n,11,Colmar,48.0777517,7.3579641
800,Clear,ciel dégagé,01n,2025-12-31 06:00:00,2025-12-31 06:00:00,10000,0,-3.66,-7.36,-3.66,-3.66,1030,65,2.5,341,4.27,,0,n,11,Colmar,48.0777517,7.3579641
800,Clear,ciel dégagé,01d,2025-12-31 09:00:00,2025-12-31 09:00:00,10000,0,-1.91,-5.08,-1.91,-1.91,1030,50,2.32,355,4.04,,0,d,11,Colmar,48.0777517,7.3579641
800,Clear,ciel dégagé,01d,2025-12-31 12:00:00,2025-12-31 12:00:00,10000,0,1.3,-1.31,1.3,1.3,1029,29,2.33,17,3.41,,0,d,11,Colmar,48.0777517,7.3579641
800,Clear,ciel dégagé,01d,2025-12-31 15:00:00,2025-12-31 15:00:00,10000,0,0.05,0.05,0.05,0.05,1028,41,1.2,36,0.98,,0,d,11,Colmar,48.0777517,7.3579641
800,Clear,ciel dégagé,01n,2025-12-31 18:00:00,2025-12-31 18:00:00,10000,0,-1.92,-3.77,-1.92,-1.92,1029,49,1.4,327,1.23,,0,n,11,Colmar,48.0777517,7.3579641
800,Clear,ciel dégagé,01n,2025-12-31 21:00:00,2025-12-31 21:00:00,10000,0,-1.99,-1.99,-1.99,-1.99,1028,53,1.26,283,1.02,,2,n,11,Colmar,48.0777517,7.3579641
800,Clear,ciel dégagé,01n,2026-01-01 00:00:00,2026-01-01 00:00:00,10000,0,-2.05,-2.05,-2.05,-2.05,1026,61,1.15,254,1.19,,6,n,11,Colmar,48.0777517,7.3579641
801,Clouds,peu nuageux,02n,2026-01-01 03:00:00,2026-01-01 03:00:00,10000,0,-2.16,-2.16,-2.16,-2.16,1025,67,1.05,249,1.12,,18,n,11,Colmar,48.0777517,7.3579641
801,Clouds,peu nuageux,02n,2026-01-01 06:00:00,2026-01-01 06:00:00,10000,0,-2.38,-4.59,-2.38,-2.38,1023,72,1.57,225,1.61,,17,n,11,Colmar,48.0777517,7.3579641
802,Clouds,partiellement nuageux,03d,2026-01-01 09:00:00,2026-01-01 09:00:00,10000,0,-0.47,-0.47,-0.47,-0.47,1022,62,1.17,195,1.74,,35,d,11,Colmar,48.0777517,7.3579641
803,Clouds,nuageux,04d,2026-01-01 12:00:00,2026-01-01 12:00:00,10000,0,2.65,0.31,2.65,2.65,1018,49,2.3,175,2.74,,66,d,11,Colmar,48.0777517,7.3579641
804,Clouds,couvert,04d,2026-01-01 15:00:00,2026-01-01 15:00:00,10000,0,0.65,-1.48,0.65,0.65,1015,59,1.83,187,2.81,,100,d,11,Colmar,48.0777517,7.3579641
804,Clouds,couvert,04n,2026-01-01 18:00:00,2026-01-01 18:00:00,10000,0,-0.32,-1.97,-0.32,-0.32,1013,62,1.41,248,2.24,,100,n,11,Colmar,48.0777517,7.3579641
804,Clouds,couvert,04n,2026-01-01 21:00:00,2026-01-01 21:00:00,10000,0,-0.23,-2.57,-0.23,-0.23,1011,59,1.88,208,1.8,,99,n,11,Colmar,48.0777517,7.3579641
801,Clouds,peu nuageux,02n,2025-12-28 00:00:00,2025-12-28 00:00:00,10000,0,-1.91,-4.16,-1.91,0.34,1029,88,1.64,298,1.3,,15,n,12,Eguisheim,48.0447968,7.3079618
800,Clear,ciel dégagé,01n,2025-12-28 03:00:00,2025-12-28 03:00:00,10000,0,-0.56,-3.32,-0.56,0.68,1029,84,2.17,357,2.79,,10,n,12,Eguisheim,48.0447968,7.3079618
800,Clear,ciel dégagé,01n,2025-12-28 06:00:00,2025-12-28 06:00:00,10000,0,-0.37,-2.03,-0.37,-0.37,1029,72,1.41,341,1,,9,n,12,Eguisheim,48.0447968,7.3079618
800,Clear,ciel dégagé,01d,2025-12-28 09:00:00,2025-12-28 09:00:00,10000,0,0.59,-2.1,0.59,0.59,1029,77,2.29,11,3.93,,7,d,12,Eguisheim,48.0447968,7.3079618
800,Clear,ciel dégagé,01d,2025-12-28 12:00:00,2025-12-28 12:00:00,10000,0,2.01,-0.49,2.01,2.01,1027,65,2.35,30,3.64,,4,d,12,Eguisheim,48.0447968,7.3079618
800,Clear,ciel dégagé,01d,2025-12-28 15:00:00,2025-12-28 15:00:00,10000,0,2.03,0.09,2.03,2.03,1026,78,1.85,1,2.3,,0,d,12,Eguisheim,48.0447968,7.3079618
800,Clear,ciel dégagé,01n,2025-12-28 18:00:00,2025-12-28 18:00:00,10000,0,0.1,-2.24,0.1,0.1,1026,81,1.92,338,1.62,,0,n,12,Eguisheim,48.0447968,7.3079618
800,Clear,ciel dégagé,01n,2025-12-28 21:00:00,2025-12-28 21:00:00,10000,0,-0.73,-2.76,-0.73,-0.73,1025,81,1.61,341,1.41,,2,n,12,Eguisheim,48.0447968,7.3079618
800,Clear,ciel dégagé,01n,2025-12-29 00:00:00,2025-12-29 00:00:00,10000,0,-1.18,-1.18,-1.18,-1.18,1025,80,1.03,326,0.81,,1,n,12,Eguisheim,48.0447968,7.3079618
800,Clear,ciel dégagé,01n,2025-12-29 03:00:00,2025-12-29 03:00:00,10000,0,-1.66,-1.66,-1.66,-1.66,1025,79,1.04,340,0.88,,0,n,12,Eguisheim,48.0447968,7.3079618
800,Clear,ciel dégagé,01n,2025-12-29 06:00:00,2025-12-29 06:00:00,10000,0,-1.46,-1.46,-1.46,-1.46,1024,74,0.75,245,0.55,,1,n,12,Eguisheim,48.0447968,7.3079618
800,Clear,ciel dégagé,01d,2025-12-29 09:00:00,2025-12-29 09:00:00,10000,0,1.1,1.1,1.1,1.1,1024,60,0.56,185,0.64,,0,d,12,Eguisheim,48.0447968,7.3079618
800,Clear,ciel dégagé,01d,2025-12-29 12:00:00,2025-12-29 12:00:00,10000,0,3.98,3.98,3.98,3.98,1022,57,1.06,95,0.49,,0,d,12,Eguisheim,48.0447968,7.3079618
800,Clear,ciel dégagé,01d,2025-12-29 15:00:00,2025-12-29 15:00:00,10000,0,1.49,1.49,1.49,1.49,1021,71,0.67,42,0.62,,0,d,12,Eguisheim,48.0447968,7.3079618
800,Clear,ciel dégagé,01n,2025-12-29 18:00:00,2025-12-29 18:00:00,10000,0,-0.38,-0.38,-0.38,-0.38,1022,72,1.14,325,1.09,,0,n,12,Eguisheim,48.0447968,7.3079618
800,Clear,ciel dégagé,01n,2025-12-29 21:00:00,2025-12-29 21:00:00,10000,0,-1.05,-3.37,-1.05,-1.05,1022,71,1.77,355,1.61,,0,n,12,Eguisheim,48.0447968,7.3079618
800,Clear,ciel dégagé,01n,2025-12-30 00:00:00,2025-12-30 00:00:00,10000,0,-1.87,-5.01,-1.87,-1.87,1024,67,2.3,351,3.75,,0,n,12,Eguisheim,48.0447968,7.3079618
802,Clouds,partiellement nuageux,03n,2025-12-30 03:00:00,2025-12-30 03:00:00,10000,0,-0.61,-3.25,-0.61,-0.61,1024,67,2.07,337,3.47,,28,n,12,Eguisheim,48.0447968,7.3079618
803,Clouds,nuageux,04n,2025-12-30 06:00:00,2025-12-30 06:00:00,10000,0,1.62,-2.19,1.62,1.62,1024,78,3.85,21,8.07,,65,n,12,Eguisheim,48.0447968,7.3079618
804,Clouds,couvert,04d,2025-12-30 09:00:00,2025-12-30 09:00:00,10000,0,1.2,-2.42,1.2,1.2,1025,68,3.45,15,6.4,,99,d,12,Eguisheim,48.0447968,7.3079618
804,Clouds,couvert,04d,2025-12-30 12:00:00,2025-12-30 12:00:00,10000,0,1.83,-2.4,1.83,1.83,1025,61,4.6,18,6.55,,99,d,12,Eguisheim,48.0447968,7.3079618
803,Clouds,nuageux,04d,2025-12-30 15:00:00,2025-12-30 15:00:00,10000,0,0.52,-3.86,0.52,0.52,1026,74,4.32,11,8.54,,56,d,12,Eguisheim,48.0447968,7.3079618
802,Clouds,partiellement nuageux,03n,2025-12-30 18:00:00,2025-12-30 18:00:00,10000,0,-1.79,-6.75,-1.79,-1.79,1027,73,4.38,4,9.15,,32,n,12,Eguisheim,48.0447968,7.3079618
800,Clear,ciel dégagé,01n,2025-12-30 21:00:00,2025-12-30 21:00:00,10000,0,-2.7,-7.79,-2.7,-2.7,1029,66,4.25,1,9.22,,1,n,12,Eguisheim,48.0447968,7.3079618
800,Clear,ciel dégagé,01n,2025-12-31 00:00:00,2025-12-31 00:00:00,10000,0,-2.96,-7.86,-2.96,-2.96,1029,70,3.92,359,8.54,,1,n,12,Eguisheim,48.0447968,7.3079618
800,Clear,ciel dégagé,01n,2025-12-31 03:00:00,2025-12-31 03:00:00,10000,0,-3.32,-7.66,-3.32,-3.32,1029,69,3.18,352,6.28,,1,n,12,Eguisheim,48.0447968,7.3079618
800,Clear,ciel dégagé,01n,2025-12-31 06:00:00,2025-12-31 06:00:00,10000,0,-3.72,-7.44,-3.72,-3.72,1029,63,2.51,345,4.67,,0,n,12,Eguisheim,48.0447968,7.3079618
800,Clear,ciel dégagé,01d,2025-12-31 09:00:00,2025-12-31 09:00:00,10000,0,-2.07,-5.4,-2.07,-2.07,1030,48,2.43,360,4.52,,0,d,12,Eguisheim,48.0447968,7.3079618
800,Clear,ciel dégagé,01d,2025-12-31 12:00:00,2025-12-31 12:00:00,10000,0,0.93,-1.9,0.93,0.93,1029,28,2.48,20,3.76,,0,d,12,Eguisheim,48.0447968,7.3079618
800,Clear,ciel dégagé,01d,2025-12-31 15:00:00,2025-12-31 15:00:00,10000,0,-0.25,-1.79,-0.25,-0.25,1028,40,1.35,33,1.21,,0,d,12,Eguisheim,48.0447968,7.3079618
800,Clear,ciel dégagé,01n,2025-12-31 18:00:00,2025-12-31 18:00:00,10000,0,-2.13,-3.97,-2.13,-2.13,1029,49,1.38,332,1.23,,0,n,12,Eguisheim,48.0447968,7.3079618
800,Clear,ciel dégagé,01n,2025-12-31 21:00:00,2025-12-31 21:00:00,10000,0,-2.2,-2.2,-2.2,-2.2,1028,52,1.09,292,0.92,,1,n,12,Eguisheim,48.0447968,7.3079618
800,Clear,ciel dégagé,01n,2026-01-01 00:00:00,2026-01-01 00:00:00,10000,0,-2.23,-2.23,-2.23,-2.23,1026,58,0.99,261,1.02,,5,n,12,Eguisheim,48.0447968,7.3079618
801,Clouds,peu nuageux,02n,2026-01-01 03:00:00,2026-01-01 03:00:00,10000,0,-2.34,-2.34,-2.34,-2.34,1025,64,0.91,256,0.94,,16,n,12,Eguisheim,48.0447968,7.3079618
801,Clouds,peu nuageux,02n,2026-01-01 06:00:00,2026-01-01 06:00:00,10000,0,-2.55,-4.47,-2.55,-2.55,1023,70,1.39,228,1.4,,15,n,12,Eguisheim,48.0447968,7.3079618
802,Clouds,partiellement nuageux,03d,2026-01-01 09:00:00,2026-01-01 09:00:00,10000,0,-0.6,-0.6,-0.6,-0.6,1022,61,1.1,193,1.46,,35,d,12,Eguisheim,48.0447968,7.3079618
803,Clouds,nuageux,04d,2026-01-01 12:00:00,2026-01-01 12:00:00,10000,0,2.41,0.07,2.41,2.41,1018,48,2.26,173,2.61,,67,d,12,Eguisheim,48.0447968,7.3079618
804,Clouds,couvert,04d,2026-01-01 15:00:00,2026-01-01 15:00:00,10000,0,0.42,-1.7,0.42,0.42,1015,59,1.79,188,2.48,,100,d,12,Eguisheim,48.0447968,7.3079618
804,Clouds,couvert,04n,2026-01-01 18:00:00,2026-01-01 18:00:00,10000,0,-0.39,-2,-0.39,-0.39,1013,60,1.38,254,1.84,,100,n,12,Eguisheim,48.0447968,7.3079618
804,Clouds,couvert,04n,2026-01-01 21:00:00,2026-01-01 21:00:00,10000,0,-0.21,-2.53,-0.21,-0.21,1011,58,1.87,207,2.08,,100,n,12,Eguisheim,48.0447968,7.3079618
802,Clouds,partiellement nuageux,03n,2025-12-28 00:00:00,2025-12-28 00:00:00,10000,0,0.89,-0.57,0.89,1.16,1028,87,1.39,81,0.74,,29,n,13,Besancon,47.2283679,6.0189231
801,Clouds,peu nuageux,02n,2025-12-28 03:00:00,2025-12-28 03:00:00,10000,0,1.27,1.27,1.27,1.53,1027,80,0.79,181,0.63,,14,n,13,Besancon,47.2283679,6.0189231
800,Clear,ciel dégagé,01n,2025-12-28 06:00:00,2025-12-28 06:00:00,10000,0,1.11,1.11,1.11,1.11,1027,72,1.1,80,0.55,,8,n,13,Besancon,47.2283679,6.0189231
801,Clouds,peu nuageux,02d,2025-12-28 09:00:00,2025-12-28 09:00:00,10000,0,1.83,1.83,1.83,1.83,1026,61,0.99,72,1.03,,13,d,13,Besancon,47.2283679,6.0189231
800,Clear,ciel dégagé,01d,2025-12-28 12:00:00,2025-12-28 12:00:00,10000,0,4.16,2.05,4.16,4.16,1024,55,2.34,51,3.89,,9,d,13,Besancon,47.2283679,6.0189231
800,Clear,ciel dégagé,01d,2025-12-28 15:00:00,2025-12-28 15:00:00,10000,0,4.32,2.1,4.32,4.32,1023,77,2.49,38,4.41,,0,d,13,Besancon,47.2283679,6.0189231
800,Clear,ciel dégagé,01n,2025-12-28 18:00:00,2025-12-28 18:00:00,10000,0,0.13,-2.78,0.13,0.13,1023,93,2.42,77,3.98,,0,n,13,Besancon,47.2283679,6.0189231
800,Clear,ciel dégagé,01n,2025-12-28 21:00:00,2025-12-28 21:00:00,10000,0,-0.31,-0.31,-0.31,-0.31,1023,92,1.1,104,0.49,,0,n,13,Besancon,47.2283679,6.0189231
800,Clear,ciel dégagé,01n,2025-12-29 00:00:00,2025-12-29 00:00:00,10000,0,-0.46,-0.46,-0.46,-0.46,1024,88,0.58,120,0.49,,0,n,13,Besancon,47.2283679,6.0189231
800,Clear,ciel dégagé,01n,2025-12-29 03:00:00,2025-12-29 03:00:00,10000,0,-0.54,-0.54,-0.54,-0.54,1023,84,0.74,123,0.66,,1,n,13,Besancon,47.2283679,6.0189231
800,Clear,ciel dégagé,01n,2025-12-29 06:00:00,2025-12-29 06:00:00,10000,0,-0.76,-0.76,-0.76,-0.76,1023,81,0.9,87,0.85,,1,n,13,Besancon,47.2283679,6.0189231
800,Clear,ciel dégagé,01d,2025-12-29 09:00:00,2025-12-29 09:00:00,10000,0,1.8,1.8,1.8,1.8,1023,67,0.64,58,0.78,,4,d,13,Besancon,47.2283679,6.0189231
800,Clear,ciel dégagé,01d,2025-12-29 12:00:00,2025-12-29 12:00:00,10000,0,5.83,5.83,5.83,5.83,1021,55,0.88,326,0.52,,2,d,13,Besancon,47.2283679,6.0189231
800,Clear,ciel dégagé,01d,2025-12-29 15:00:00,2025-12-29 15:00:00,10000,0,3.39,3.39,3.39,3.39,1020,72,0.81,332,0.71,,0,d,13,Besancon,47.2283679,6.0189231
800,Clear,ciel dégagé,01n,2025-12-29 18:00:00,2025-12-29 18:00:00,10000,0,-0.1,-0.1,-0.1,-0.1,1021,86,0.9,87,0.8,,0,n,13,Besancon,47.2283679,6.0189231
800,Clear,ciel dégagé,01n,2025-12-29 21:00:00,2025-12-29 21:00:00,10000,0,-0.78,-0.78,-0.78,-0.78,1021,87,1.08,78,1.05,,0,n,13,Besancon,47.2283679,6.0189231
800,Clear,ciel dégagé,01n,2025-12-30 00:00:00,2025-12-30 00:00:00,10000,0,-1.33,-3.8,-1.33,-1.33,1022,88,1.85,54,1.78,,0,n,13,Besancon,47.2283679,6.0189231
800,Clear,ciel dégagé,01n,2025-12-30 03:00:00,2025-12-30 03:00:00,10000,0,-2.05,-5.46,-2.05,-2.05,1022,86,2.51,34,5.16,,3,n,13,Besancon,47.2283679,6.0189231
800,Clear,ciel dégagé,01n,2025-12-30 06:00:00,2025-12-30 06:00:00,10000,0,-0.7,-5.3,-0.7,-0.7,1022,88,4.22,52,12,,4,n,13,Besancon,47.2283679,6.0189231
801,Clouds,peu nuageux,02d,2025-12-30 09:00:00,2025-12-30 09:00:00,10000,0,0.79,-3.83,0.79,0.79,1024,74,4.82,41,11.46,,13,d,13,Besancon,47.2283679,6.0189231
801,Clouds,peu nuageux,02d,2025-12-30 12:00:00,2025-12-30 12:00:00,10000,0,3.32,-1.3,3.32,3.32,1023,60,6.14,48,10.11,,17,d,13,Besancon,47.2283679,6.0189231
801,Clouds,peu nuageux,02d,2025-12-30 15:00:00,2025-12-30 15:00:00,10000,0,1.52,-3.66,1.52,1.52,1023,64,6.3,58,12.01,,13,d,13,Besancon,47.2283679,6.0189231
800,Clear,ciel dégagé,01n,2025-12-30 18:00:00,2025-12-30 18:00:00,10000,0,-0.39,-5.8,-0.39,-0.39,1024,70,5.72,49,13.5,,9,n,13,Besancon,47.2283679,6.0189231
800,Clear,ciel dégagé,01n,2025-12-30 21:00:00,2025-12-30 21:00:00,10000,0,-1.25,-7.16,-1.25,-1.25,1025,69,6.25,49,15.13,,5,n,13,Besancon,47.2283679,6.0189231
800,Clear,ciel dégagé,01n,2025-12-31 00:00:00,2025-12-31 00:00:00,10000,0,-2.05,-8.37,-2.05,-2.05,1026,57,6.63,51,15.66,,3,n,13,Besancon,47.2283679,6.0189231
800,Clear,ciel dégagé,01n,2025-12-31 03:00:00,2025-12-31 03:00:00,10000,0,-2.57,-8.7,-2.57,-2.57,1026,57,5.98,49,14.68,,0,n,13,Besancon,47.2283679,6.0189231
800,Clear,ciel dégagé,01n,2025-12-31 06:00:00,2025-12-31 06:00:00,10000,0,-2.93,-9.02,-2.93,-2.93,1027,58,5.74,52,14.3,,0,n,13,Besancon,47.2283679,6.0189231
800,Clear,ciel dégagé,01d,2025-12-31 09:00:00,2025-12-31 09:00:00,10000,0,-1.86,-7.44,-1.86,-1.86,1028,51,5.33,53,13.47,,0,d,13,Besancon,47.2283679,6.0189231
800,Clear,ciel dégagé,01d,2025-12-31 12:00:00,2025-12-31 12:00:00,10000,0,1.57,-3.23,1.57,1.57,1027,32,5.52,46,9.59,,0,d,13,Besancon,47.2283679,6.0189231
800,Clear,ciel dégagé,01d,2025-12-31 15:00:00,2025-12-31 15:00:00,10000,0,0.29,-3.76,0.29,0.29,1027,35,3.76,47,9.7,,0,d,13,Besancon,47.2283679,6.0189231
800,Clear,ciel dégagé,01n,2025-12-31 18:00:00,2025-12-31 18:00:00,10000,0,-3.28,-6.61,-3.28,-3.28,1028,46,2.25,58,3.24,,0,n,13,Besancon,47.2283679,6.0189231
800,Clear,ciel dégagé,01n,2025-12-31 21:00:00,2025-12-31 21:00:00,10000,0,-3.56,-6.97,-3.56,-3.56,1027,49,2.28,54,4.69,,0,n,13,Besancon,47.2283679,6.0189231
800,Clear,ciel dégagé,01n,2026-01-01 00:00:00,2026-01-01 00:00:00,10000,0,-3.86,-6.58,-3.86,-3.86,1026,51,1.75,61,2.62,,4,n,13,Besancon,47.2283679,6.0189231
800,Clear,ciel dégagé,01n,2026-01-01 03:00:00,2026-01-01 03:00:00,10000,0,-4.05,-4.05,-4.05,-4.05,1025,50,0.63,126,0.69,,7,n,13,Besancon,47.2283679,6.0189231
800,Clear,ciel dégagé,01n,2026-01-01 06:00:00,2026-01-01 06:00:00,10000,0,-4.62,-4.62,-4.62,-4.62,1024,50,0.97,182,0.85,,8,n,13,Besancon,47.2283679,6.0189231
801,Clouds,peu nuageux,02d,2026-01-01 09:00:00,2026-01-01 09:00:00,10000,0,-2.45,-2.45,-2.45,-2.45,1023,47,1.18,202,1.99,,19,d,13,Besancon,47.2283679,6.0189231
803,Clouds,nuageux,04d,2026-01-01 12:00:00,2026-01-01 12:00:00,10000,0,1.55,-0.2,1.55,1.55,1019,37,1.65,248,2.39,,55,d,13,Besancon,47.2283679,6.0189231
804,Clouds,couvert,04d,2026-01-01 15:00:00,2026-01-01 15:00:00,10000,0,-0.05,-0.05,-0.05,-0.05,1017,46,0.99,204,1.02,,100,d,13,Besancon,47.2283679,6.0189231
804,Clouds,couvert,04n,2026-01-01 18:00:00,2026-01-01 18:00:00,10000,0,-1.59,-4.13,-1.59,-1.59,1014,57,1.87,193,3.81,,100,n,13,Besancon,47.2283679,6.0189231
804,Clouds,couvert,04n,2026-01-01 21:00:00,2026-01-01 21:00:00,10000,0,0.89,-2.96,0.89,0.89,1013,79,3.67,232,13.44,,100,n,13,Besancon,47.2283679,6.0189231
800,Clear,ciel dégagé,01n,2025-12-28 00:00:00,2025-12-28 00:00:00,10000,0,-1.83,-4.99,-1.83,-0.65,1028,90,2.32,8,3.06,,10,n,14,Dijon,47.4087960,5.0646164
801,Clouds,peu nuageux,02n,2025-12-28 03:00:00,2025-12-28 03:00:00,10000,0,-1.25,-3.75,-1.25,-0.67,1027,84,1.88,6,1.64,,11,n,14,Dijon,47.4087960,5.0646164
800,Clear,ciel dégagé,01n,2025-12-28 06:00:00,2025-12-28 06:00:00,10000,0,-1.05,-4.44,-1.05,-1.05,1027,81,2.67,43,9.19,,9,n,14,Dijon,47.4087960,5.0646164
800,Clear,ciel dégagé,01d,2025-12-28 09:00:00,2025-12-28 09:00:00,10000,0,-0.09,-3.18,-0.09,-0.09,1027,71,2.55,33,8.13,,7,d,14,Dijon,47.4087960,5.0646164
800,Clear,ciel dégagé,01d,2025-12-28 12:00:00,2025-12-28 12:00:00,10000,0,2.18,-1.99,2.18,2.18,1025,64,4.64,64,8.92,,6,d,14,Dijon,47.4087960,5.0646164
800,Clear,ciel dégagé,01d,2025-12-28 15:00:00,2025-12-28 15:00:00,10000,0,3.6,0.83,3.6,3.6,1024,76,2.99,26,6.3,,0,d,14,Dijon,47.4087960,5.0646164
800,Clear,ciel dégagé,01n,2025-12-28 18:00:00,2025-12-28 18:00:00,10000,0,0.41,-2.7,0.41,0.41,1024,86,2.66,17,3.63,,0,n,14,Dijon,47.4087960,5.0646164
800,Clear,ciel dégagé,01n,2025-12-28 21:00:00,2025-12-28 21:00:00,10000,0,-0.46,-3.94,-0.46,-0.46,1024,88,2.88,19,6.35,,0,n,14,Dijon,47.4087960,5.0646164
800,Clear,ciel dégagé,01n,2025-12-29 00:00:00,2025-12-29 00:00:00,10000,0,-1.94,-4.52,-1.94,-1.94,1024,93,1.86,45,2.39,,0,n,14,Dijon,47.4087960,5.0646164
800,Clear,ciel dégagé,01n,2025-12-29 03:00:00,2025-12-29 03:00:00,10000,0,-2.17,-2.17,-2.17,-2.17,1023,94,0.51,47,0.45,,3,n,14,Dijon,47.4087960,5.0646164
800,Clear,ciel dégagé,01n,2025-12-29 06:00:00,2025-12-29 06:00:00,10000,0,-2.28,-2.28,-2.28,-2.28,1023,95,0.9,78,0.92,,2,n,14,Dijon,47.4087960,5.0646164
800,Clear,ciel dégagé,01d,2025-12-29 09:00:00,2025-12-29 09:00:00,10000,0,-0.27,-0.27,-0.27,-0.27,1023,84,0.71,91,0.9,,3,d,14,Dijon,47.4087960,5.0646164
800,Clear,ciel dégagé,01d,2025-12-29 12:00:00,2025-12-29 12:00:00,10000,0,3.57,3.57,3.57,3.57,1021,66,0.94,99,0.74,,4,d,14,Dijon,47.4087960,5.0646164
800,Clear,ciel dégagé,01d,2025-12-29 15:00:00,2025-12-29 15:00:00,10000,0,2.34,2.34,2.34,2.34,1021,76,0.71,62,0.75,,0,d,14,Dijon,47.4087960,5.0646164
800,Clear,ciel dégagé,01n,2025-12-29 18:00:00,2025-12-29 18:00:00,10000,0,-0.42,-2.89,-0.42,-0.42,1021,87,1.96,342,1.83,,0,n,14,Dijon,47.4087960,5.0646164
800,Clear,ciel dégagé,01n,2025-12-29 21:00:00,2025-12-29 21:00:00,10000,0,-0.8,-3.37,-0.8,-0.8,1022,85,1.99,348,1.83,,1,n,14,Dijon,47.4087960,5.0646164
800,Clear,ciel dégagé,01n,2025-12-30 00:00:00,2025-12-30 00:00:00,10000,0,-1.6,-5.17,-1.6,-1.6,1022,70,2.74,355,3.59,,2,n,14,Dijon,47.4087960,5.0646164
800,Clear,ciel dégagé,01n,2025-12-30 03:00:00,2025-12-30 03:00:00,10000,0,-1.44,-6.48,-1.44,-1.44,1023,85,4.62,12,12.08,,1,n,14,Dijon,47.4087960,5.0646164
801,Clouds,peu nuageux,02n,2025-12-30 06:00:00,2025-12-30 06:00:00,10000,0,0.16,-4.97,0.16,0.16,1023,88,5.46,24,13.74,,11,n,14,Dijon,47.4087960,5.0646164
803,Clouds,nuageux,04d,2025-12-30 09:00:00,2025-12-30 09:00:00,10000,0,2.13,-2.88,2.13,2.13,1024,66,6.3,29,10.94,,64,d,14,Dijon,47.4087960,5.0646164
802,Clouds,partiellement nuageux,03d,2025-12-30 12:00:00,2025-12-30 12:00:00,10000,0,2.88,-2.08,2.88,2.88,1024,59,6.66,28,10.16,,36,d,14,Dijon,47.4087960,5.0646164
800,Clear,ciel dégagé,01d,2025-12-30 15:00:00,2025-12-30 15:00:00,10000,0,1.32,-4.11,1.32,1.32,1024,66,6.75,26,11.96,,5,d,14,Dijon,47.4087960,5.0646164
800,Clear,ciel dégagé,01n,2025-12-30 18:00:00,2025-12-30 18:00:00,10000,0,-1.04,-6.92,-1.04,-1.04,1025,73,6.29,27,13.49,,5,n,14,Dijon,47.4087960,5.0646164
800,Clear,ciel dégagé,01n,2025-12-30 21:00:00,2025-12-30 21:00:00,10000,0,-2.12,-8.1,-2.12,-2.12,1026,75,5.92,27,12.37,,6,n,14,Dijon,47.4087960,5.0646164
800,Clear,ciel dégagé,01n,2025-12-31 00:00:00,2025-12-31 00:00:00,10000,0,-2.77,-8.79,-2.77,-2.77,1027,63,5.69,28,12.47,,3,n,14,Dijon,47.4087960,5.0646164
800,Clear,ciel dégagé,01n,2025-12-31 03:00:00,2025-12-31 03:00:00,10000,0,-3.34,-8.86,-3.34,-3.34,1027,65,4.65,27,10.37,,0,n,14,Dijon,47.4087960,5.0646164
800,Clear,ciel dégagé,01n,2025-12-31 06:00:00,2025-12-31 06:00:00,10000,0,-3.65,-9.03,-3.65,-3.65,1028,57,4.35,26,10.12,,0,n,14,Dijon,47.4087960,5.0646164
800,Clear,ciel dégagé,01d,2025-12-31 09:00:00,2025-12-31 09:00:00,10000,0,-2.29,-7.41,-2.29,-2.29,1029,41,4.43,29,10.18,,0,d,14,Dijon,47.4087960,5.0646164
800,Clear,ciel dégagé,01d,2025-12-31 12:00:00,2025-12-31 12:00:00,10000,0,1.42,-3.3,1.42,1.42,1028,28,5.29,41,8.62,,0,d,14,Dijon,47.4087960,5.0646164
800,Clear,ciel dégagé,01d,2025-12-31 15:00:00,2025-12-31 15:00:00,10000,0,0.93,-2.9,0.93,0.93,1028,44,3.65,33,7.7,,0,d,14,Dijon,47.4087960,5.0646164
800,Clear,ciel dégagé,01n,2025-12-31 18:00:00,2025-12-31 18:00:00,10000,0,-2.57,-6.51,-2.57,-2.57,1028,67,2.92,8,7.5,,0,n,14,Dijon,47.4087960,5.0646164
800,Clear,ciel dégagé,01n,2025-12-31 21:00:00,2025-12-31 21:00:00,10000,0,-3.1,-6.6,-3.1,-3.1,1028,73,2.42,9,3.67,,0,n,14,Dijon,47.4087960,5.0646164
800,Clear,ciel dégagé,01n,2026-01-01 00:00:00,2026-01-01 00:00:00,10000,0,-3.33,-6.59,-3.33,-3.33,1026,80,2.19,4,2.7,,3,n,14,Dijon,47.4087960,5.0646164
801,Clouds,peu nuageux,02n,2026-01-01 03:00:00,2026-01-01 03:00:00,10000,0,-3.5,-5.69,-3.5,-3.5,1025,88,1.47,11,1.38,,14,n,14,Dijon,47.4087960,5.0646164
801,Clouds,peu nuageux,02n,2026-01-01 06:00:00,2026-01-01 06:00:00,10000,0,-4.01,-4.01,-4.01,-4.01,1024,91,0.45,91,0.57,,14,n,14,Dijon,47.4087960,5.0646164
802,Clouds,partiellement nuageux,03d,2026-01-01 09:00:00,2026-01-01 09:00:00,10000,0,-2.64,-2.64,-2.64,-2.64,1022,73,1.24,169,1.8,,32,d,14,Dijon,47.4087960,5.0646164
803,Clouds,nuageux,04d,2026-01-01 12:00:00,2026-01-01 12:00:00,10000,0,0.22,-3.1,0.22,0.22,1019,42,2.85,177,4.52,,56,d,14,Dijon,47.4087960,5.0646164
804,Clouds,couvert,04d,2026-01-01 15:00:00,2026-01-01 15:00:00,10000,0,-0.39,-3.77,-0.39,-0.39,1016,49,2.79,177,6.06,,100,d,14,Dijon,47.4087960,5.0646164
804,Clouds,couvert,04n,2026-01-01 18:00:00,2026-01-01 18:00:00,10000,0,-2.32,-5.17,-2.32,-2.32,1014,60,2.01,219,2.97,,100,n,14,Dijon,47.4087960,5.0646164
804,Clouds,couvert,04n,2026-01-01 21:00:00,2026-01-01 21:00:00,10000,0,-1.11,-3.62,-1.11,-1.11,1013,49,1.9,224,2.47,,100,n,14,Dijon,47.4087960,5.0646164
803,Clouds,nuageux,04n,2025-12-28 00:00:00,2025-12-28 00:00:00,10000,0,0.61,0.61,0.61,1.68,1027,87,1.2,81,1.01,,69,n,15,Annecy,45.8782687,6.1700093
804,Clouds,couvert,04n,2025-12-28 03:00:00,2025-12-28 03:00:00,10000,0,1.14,1.14,1.14,1.67,1027,77,1.17,62,1.05,,86,n,15,Annecy,45.8782687,6.1700093
803,Clouds,nuageux,04n,2025-12-28 06:00:00,2025-12-28 06:00:00,10000,0,1.4,1.4,1.4,1.4,1026,62,1.2,71,1.08,,62,n,15,Annecy,45.8782687,6.1700093
800,Clear,ciel dégagé,01d,2025-12-28 09:00:00,2025-12-28 09:00:00,10000,0,1.66,-0.35,1.66,1.66,1026,61,1.86,6,2.52,,9,d,15,Annecy,45.8782687,6.1700093
800,Clear,ciel dégagé,01d,2025-12-28 12:00:00,2025-12-28 12:00:00,10000,0,4.44,2.62,4.44,4.44,1023,58,2.09,351,2.11,,7,d,15,Annecy,45.8782687,6.1700093
800,Clear,ciel dégagé,01d,2025-12-28 15:00:00,2025-12-28 15:00:00,10000,0,4.57,3.05,4.57,4.57,1023,77,1.83,360,2.55,,0,d,15,Annecy,45.8782687,6.1700093
800,Clear,ciel dégagé,01n,2025-12-28 18:00:00,2025-12-28 18:00:00,10000,0,1.8,1.8,1.8,1.8,1023,85,1.33,53,1.16,,0,n,15,Annecy,45.8782687,6.1700093
800,Clear,ciel dégagé,01n,2025-12-28 21:00:00,2025-12-28 21:00:00,10000,0,1.48,1.48,1.48,1.48,1024,82,1.11,60,0.97,,0,n,15,Annecy,45.8782687,6.1700093
800,Clear,ciel dégagé,01n,2025-12-29 00:00:00,2025-12-29 00:00:00,10000,0,1.66,1.66,1.66,1.66,1024,74,1.21,82,1.17,,0,n,15,Annecy,45.8782687,6.1700093
800,Clear,ciel dégagé,01n,2025-12-29 03:00:00,2025-12-29 03:00:00,10000,0,2.14,2.14,2.14,2.14,1023,65,1.31,100,1.31,,0,n,15,Annecy,45.8782687,6.1700093
800,Clear,ciel dégagé,01n,2025-12-29 06:00:00,2025-12-29 06:00:00,10000,0,2.16,0.91,2.16,2.16,1023,59,1.37,96,1.29,,0,n,15,Annecy,45.8782687,6.1700093
800,Clear,ciel dégagé,01d,2025-12-29 09:00:00,2025-12-29 09:00:00,10000,0,5.22,5.22,5.22,5.22,1022,49,0.79,103,0.98,,0,d,15,Annecy,45.8782687,6.1700093
800,Clear,ciel dégagé,01d,2025-12-29 12:00:00,2025-12-29 12:00:00,10000,0,9.49,9.49,9.49,9.49,1019,41,0.91,301,0.55,,0,d,15,Annecy,45.8782687,6.1700093
800,Clear,ciel dégagé,01d,2025-12-29 15:00:00,2025-12-29 15:00:00,10000,0,5.93,5.93,5.93,5.93,1019,62,0.07,188,0.28,,0,d,15,Annecy,45.8782687,6.1700093
800,Clear,ciel dégagé,01n,2025-12-29 18:00:00,2025-12-29 18:00:00,10000,0,2.46,2.46,2.46,2.46,1020,69,1.29,105,0.96,,0,n,15,Annecy,45.8782687,6.1700093
800,Clear,ciel dégagé,01n,2025-12-29 21:00:00,2025-12-29 21:00:00,10000,0,1.5,1.5,1.5,1.5,1020,70,1.07,101,0.89,,0,n,15,Annecy,45.8782687,6.1700093
800,Clear,ciel dégagé,01n,2025-12-30 00:00:00,2025-12-30 00:00:00,10000,0,0.8,0.8,0.8,0.8,1020,70,1.06,72,0.94,,0,n,15,Annecy,45.8782687,6.1700093
800,Clear,ciel dégagé,01n,2025-12-30 03:00:00,2025-12-30 03:00:00,10000,0,0.17,-1.76,0.17,0.17,1020,76,1.63,24,1.42,,0,n,15,Annecy,45.8782687,6.1700093
800,Clear,ciel dégagé,01n,2025-12-30 06:00:00,2025-12-30 06:00:00,10000,0,-0.5,-2.63,-0.5,-0.5,1019,93,1.7,11,1.9,,4,n,15,Annecy,45.8782687,6.1700093
802,Clouds,partiellement nuageux,03d,2025-12-30 09:00:00,2025-12-30 09:00:00,10000,0,1.27,-1.97,1.27,1.27,1020,83,2.99,351,6.26,,40,d,15,Annecy,45.8782687,6.1700093
802,Clouds,partiellement nuageux,03d,2025-12-30 12:00:00,2025-12-30 12:00:00,10000,0,3.57,0.21,3.57,3.57,1018,68,3.83,355,5.98,,41,d,15,Annecy,45.8782687,6.1700093
802,Clouds,partiellement nuageux,03d,2025-12-30 15:00:00,2025-12-30 15:00:00,10000,0,1.87,-2.05,1.87,1.87,1019,77,4.1,353,7.27,,43,d,15,Annecy,45.8782687,6.1700093
803,Clouds,nuageux,04n,2025-12-30 18:00:00,2025-12-30 18:00:00,10000,0,-0.16,-4.04,-0.16,-0.16,1020,87,3.41,352,6.49,,55,n,15,Annecy,45.8782687,6.1700093
804,Clouds,couvert,04n,2025-12-30 21:00:00,2025-12-30 21:00:00,10000,0,0.17,-3.5,0.17,0.17,1020,82,3.24,349,5.47,,100,n,15,Annecy,45.8782687,6.1700093
804,Clouds,couvert,04n,2025-12-31 00:00:00,2025-12-31 00:00:00,10000,0,-1.03,-4.53,-1.03,-1.03,1021,88,2.78,342,4.78,,100,n,15,Annecy,45.8782687,6.1700093
804,Clouds,couvert,04n,2025-12-31 03:00:00,2025-12-31 03:00:00,10000,0,-2.03,-5.31,-2.03,-2.03,1023,86,2.4,342,3.6,,92,n,15,Annecy,45.8782687,6.1700093
804,Clouds,couvert,04n,2025-12-31 06:00:00,2025-12-31 06:00:00,10000,0,-2.71,-5.46,-2.71,-2.71,1024,86,1.89,337,3.02,,96,n,15,Annecy,45.8782687,6.1700093
804,Clouds,couvert,04d,2025-12-31 09:00:00,2025-12-31 09:00:00,10000,0,-1.86,-4.95,-1.86,-1.86,1026,79,2.26,346,2.73,,96,d,15,Annecy,45.8782687,6.1700093
804,Clouds,couvert,04d,2025-12-31 12:00:00,2025-12-31 12:00:00,10000,0,0.7,-1.76,0.7,0.7,1025,62,2.1,335,2.39,,92,d,15,Annecy,45.8782687,6.1700093
801,Clouds,peu nuageux,02d,2025-12-31 15:00:00,2025-12-31 15:00:00,10000,0,0.42,-2.1,0.42,0.42,1025,62,2.11,343,3.84,,21,d,15,Annecy,45.8782687,6.1700093
801,Clouds,peu nuageux,02n,2025-12-31 18:00:00,2025-12-31 18:00:00,10000,0,-2.61,-2.61,-2.61,-2.61,1026,72,1.25,19,1.02,,12,n,15,Annecy,45.8782687,6.1700093
800,Clear,ciel dégagé,01n,2025-12-31 21:00:00,2025-12-31 21:00:00,10000,0,-3.11,-3.11,-3.11,-3.11,1027,74,1.19,33,1.12,,2,n,15,Annecy,45.8782687,6.1700093
800,Clear,ciel dégagé,01n,2026-01-01 00:00:00,2026-01-01 00:00:00,10000,0,-3.36,-3.36,-3.36,-3.36,1026,77,0.82,53,0.9,,2,n,15,Annecy,45.8782687,6.1700093
800,Clear,ciel dégagé,01n,2026-01-01 03:00:00,2026-01-01 03:00:00,10000,0,-3.56,-3.56,-3.56,-3.56,1025,77,0.72,81,0.65,,1,n,15,Annecy,45.8782687,6.1700093
800,Clear,ciel dégagé,01n,2026-01-01 06:00:00,2026-01-01 06:00:00,10000,0,-3.68,-3.68,-3.68,-3.68,1024,73,0.73,124,0.65,,4,n,15,Annecy,45.8782687,6.1700093
801,Clouds,peu nuageux,02d,2026-01-01 09:00:00,2026-01-01 09:00:00,10000,0,-0.55,-0.55,-0.55,-0.55,1023,55,1.15,128,1.64,,13,d,15,Annecy,45.8782687,6.1700093
801,Clouds,peu nuageux,02d,2026-01-01 12:00:00,2026-01-01 12:00:00,10000,0,4.64,3.6,4.64,4.64,1018,37,1.45,210,2.47,,24,d,15,Annecy,45.8782687,6.1700093
803,Clouds,nuageux,04d,2026-01-01 15:00:00,2026-01-01 15:00:00,10000,0,2.7,1.12,2.7,2.7,1017,51,1.65,183,1.42,,71,d,15,Annecy,45.8782687,6.1700093
804,Clouds,couvert,04n,2026-01-01 18:00:00,2026-01-01 18:00:00,10000,0,0.87,-1.56,0.87,0.87,1017,53,2.1,152,2.13,,86,n,15,Annecy,45.8782687,6.1700093
804,Clouds,couvert,04n,2026-01-01 21:00:00,2026-01-01 21:00:00,10000,0,1.27,-0.92,1.27,1.27,1015,58,1.95,170,2.64,,100,n,15,Annecy,45.8782687,6.1700093
800,Clear,ciel dégagé,01n,2025-12-28 00:00:00,2025-12-28 00:00:00,10000,0,4.79,3.41,4.06,4.79,1027,63,1.74,158,1.43,,0,n,16,Grenoble,45.0940786,5.6971980
800,Clear,ciel dégagé,01n,2025-12-28 03:00:00,2025-12-28 03:00:00,10000,0,4.39,3.25,4,4.39,1026,58,1.5,156,1.24,,0,n,16,Grenoble,45.0940786,5.6971980
800,Clear,ciel dégagé,01n,2025-12-28 06:00:00,2025-12-28 06:00:00,10000,0,4.57,3.26,4.57,4.57,1025,47,1.65,159,1.28,,1,n,16,Grenoble,45.0940786,5.6971980
800,Clear,ciel dégagé,01d,2025-12-28 09:00:00,2025-12-28 09:00:00,10000,0,6.42,6.42,6.42,6.42,1024,40,0.99,166,0.92,,3,d,16,Grenoble,45.0940786,5.6971980
800,Clear,ciel dégagé,01d,2025-12-28 12:00:00,2025-12-28 12:00:00,10000,0,9.47,9.47,9.47,9.47,1021,33,1.21,350,0.96,,2,d,16,Grenoble,45.0940786,5.6971980
800,Clear,ciel dégagé,01d,2025-12-28 15:00:00,2025-12-28 15:00:00,10000,0,8.64,8.64,8.64,8.64,1021,58,0.99,358,0.91,,1,d,16,Grenoble,45.0940786,5.6971980
800,Clear,ciel dégagé,01n,2025-12-28 18:00:00,2025-12-28 18:00:00,10000,0,4.94,3.53,4.94,4.94,1022,67,1.79,159,1.5,,1,n,16,Grenoble,45.0940786,5.6971980
800,Clear,ciel dégagé,01n,2025-12-28 21:00:00,2025-12-28 21:00:00,10000,0,4.79,3.24,4.79,4.79,1023,56,1.89,168,1.65,,0,n,16,Grenoble,45.0940786,5.6971980
800,Clear,ciel dégagé,01n,2025-12-29 00:00:00,2025-12-29 00:00:00,10000,0,4.94,3.25,4.94,4.94,1023,49,2.05,163,1.86,,0,n,16,Grenoble,45.0940786,5.6971980
800,Clear,ciel dégagé,01n,2025-12-29 03:00:00,2025-12-29 03:00:00,10000,0,4.81,3.05,4.81,4.81,1023,47,2.1,162,1.85,,0,n,16,Grenoble,45.0940786,5.6971980
800,Clear,ciel dégagé,01n,2025-12-29 06:00:00,2025-12-29 06:00:00,10000,0,4.7,2.84,4.7,4.7,1022,45,2.18,158,1.91,,0,n,16,Grenoble,45.0940786,5.6971980
800,Clear,ciel dégagé,01d,2025-12-29 09:00:00,2025-12-29 09:00:00,10000,0,8.15,7.49,8.15,8.15,1021,40,1.54,166,1.68,,0,d,16,Grenoble,45.0940786,5.6971980
800,Clear,ciel dégagé,01d,2025-12-29 12:00:00,2025-12-29 12:00:00,10000,0,12.98,11.17,12.98,12.98,1018,32,0.57,312,0.39,,0,d,16,Grenoble,45.0940786,5.6971980
800,Clear,ciel dégagé,01d,2025-12-29 15:00:00,2025-12-29 15:00:00,10000,0,9.11,9.11,9.11,9.11,1018,59,1.29,350,1.22,,0,d,16,Grenoble,45.0940786,5.6971980
800,Clear,ciel dégagé,01n,2025-12-29 18:00:00,2025-12-29 18:00:00,10000,0,4.6,4.6,4.6,4.6,1019,65,0.48,143,0.49,,0,n,16,Grenoble,45.0940786,5.6971980
800,Clear,ciel dégagé,01n,2025-12-29 21:00:00,2025-12-29 21:00:00,10000,0,3.77,3.77,3.77,3.77,1019,63,0.21,45,0.45,,0,n,16,Grenoble,45.0940786,5.6971980
800,Clear,ciel dégagé,01n,2025-12-30 00:00:00,2025-12-30 00:00:00,10000,0,2.68,2.68,2.68,2.68,1020,67,1.08,359,1.07,,0,n,16,Grenoble,45.0940786,5.6971980
800,Clear,ciel dégagé,01n,2025-12-30 03:00:00,2025-12-30 03:00:00,10000,0,1.24,-0.4,1.24,1.24,1019,80,1.54,336,1.35,,0,n,16,Grenoble,45.0940786,5.6971980
800,Clear,ciel dégagé,01n,2025-12-30 06:00:00,2025-12-30 06:00:00,10000,0,-0.05,-2.45,-0.05,-0.05,1019,95,1.95,337,3.54,,1,n,16,Grenoble,45.0940786,5.6971980
803,Clouds,nuageux,04d,2025-12-30 09:00:00,2025-12-30 09:00:00,3304,0,0.88,-2.49,0.88,0.88,1019,94,3.06,349,5.39,,60,d,16,Grenoble,45.0940786,5.6971980
804,Clouds,couvert,04d,2025-12-30 12:00:00,2025-12-30 12:00:00,4581,0,1.78,-2.11,1.78,1.78,1018,87,4.02,348,6.99,,85,d,16,Grenoble,45.0940786,5.6971980
804,Clouds,couvert,04d,2025-12-30 15:00:00,2025-12-30 15:00:00,10000,0,3.11,-0.6,3.11,3.11,1018,75,4.22,345,7.94,,86,d,16,Grenoble,45.0940786,5.6971980
804,Clouds,couvert,04n,2025-12-30 18:00:00,2025-12-30 18:00:00,2221,0,1.04,-2.43,1.04,1.04,1019,90,3.22,342,6.22,,87,n,16,Grenoble,45.0940786,5.6971980
600,Snow,légères chutes de neige,13n,2025-12-30 21:00:00,2025-12-30 21:00:00,926,0.2,0.73,-2.76,0.73,0.73,1020,89,3.16,342,5.95,,100,n,16,Grenoble,45.0940786,5.6971980
600,Snow,légères chutes de neige,13n,2025-12-31 00:00:00,2025-12-31 00:00:00,4399,0.2,0.36,-2.59,0.36,0.36,1021,87,2.49,343,4.36,,100,n,16,Grenoble,45.0940786,5.6971980
600,Snow,légères chutes de neige,13n,2025-12-31 03:00:00,2025-12-31 03:00:00,,0.2,-0.25,-3.07,-0.25,-0.25,1022,87,2.27,338,3.47,,100,n,16,Grenoble,45.0940786,5.6971980
600,Snow,légères chutes de neige,13n,2025-12-31 06:00:00,2025-12-31 06:00:00,8,0.2,-1.15,-3.88,-1.15,-1.15,1024,86,2.07,342,2.78,,100,n,16,Grenoble,45.0940786,5.6971980
804,Clouds,couvert,04d,2025-12-31 09:00:00,2025-12-31 09:00:00,8407,0,-1.01,-3.65,-1.01,-1.01,1025,83,2.01,355,2.65,,100,d,16,Grenoble,45.0940786,5.6971980
804,Clouds,couvert,04d,2025-12-31 12:00:00,2025-12-31 12:00:00,10000,0,1.6,-0.95,1.6,1.6,1025,67,2.32,347,2.74,,100,d,16,Grenoble,45.0940786,5.6971980
802,Clouds,partiellement nuageux,03d,2025-12-31 15:00:00,2025-12-31 15:00:00,10000,0,1.3,-1.42,1.3,1.3,1025,66,2.44,352,3.48,,34,d,16,Grenoble,45.0940786,5.6971980
801,Clouds,peu nuageux,02n,2025-12-31 18:00:00,2025-12-31 18:00:00,10000,0,-2.29,-4.19,-2.29,-2.29,1027,80,1.4,334,1.54,,21,n,16,Grenoble,45.0940786,5.6971980
800,Clear,ciel dégagé,01n,2025-12-31 21:00:00,2025-12-31 21:00:00,10000,0,-2.55,-2.55,-2.55,-2.55,1027,80,0.22,34,0.44,,7,n,16,Grenoble,45.0940786,5.6971980
800,Clear,ciel dégagé,01n,2026-01-01 00:00:00,2026-01-01 00:00:00,10000,0,-2.35,-2.35,-2.35,-2.35,1026,80,0.94,168,0.78,,6,n,16,Grenoble,45.0940786,5.6971980
800,Clear,ciel dégagé,01n,2026-01-01 03:00:00,2026-01-01 03:00:00,10000,0,-1.94,-1.94,-1.94,-1.94,1025,76,1.32,182,1.09,,3,n,16,Grenoble,45.0940786,5.6971980
800,Clear,ciel dégagé,01n,2026-01-01 06:00:00,2026-01-01 06:00:00,10000,0,-1.41,-3.74,-1.41,-1.41,1024,73,1.74,163,1.53,,5,n,16,Grenoble,45.0940786,5.6971980
801,Clouds,peu nuageux,02d,2026-01-01 09:00:00,2026-01-01 09:00:00,10000,0,2.67,0.75,2.67,2.67,1022,59,1.92,161,3.2,,19,d,16,Grenoble,45.0940786,5.6971980
802,Clouds,partiellement nuageux,03d,2026-01-01 12:00:00,2026-01-01 12:00:00,10000,0,8.29,6.86,8.29,8.29,1018,48,2.42,190,4.15,,28,d,16,Grenoble,45.0940786,5.6971980
804,Clouds,couvert,04d,2026-01-01 15:00:00,2026-01-01 15:00:00,10000,0,6.08,4.26,6.08,6.08,1017,61,2.4,185,4.2,,89,d,16,Grenoble,45.0940786,5.6971980
804,Clouds,couvert,04n,2026-01-01 18:00:00,2026-01-01 18:00:00,10000,0,2.34,-0.79,2.34,2.34,1018,77,3.12,172,5.13,,95,n,16,Grenoble,45.0940786,5.6971980
804,Clouds,couvert,04n,2026-01-01 21:00:00,2026-01-01 21:00:00,10000,0,2.83,-0.59,2.83,2.83,1017,79,3.66,175,6.91,,100,n,16,Grenoble,45.0940786,5.6971980
803,Clouds,nuageux,04n,2025-12-28 00:00:00,2025-12-28 00:00:00,10000,0,0.07,0.07,0.07,0.39,1028,91,0.81,261,0.63,,67,n,17,Lyon,45.6963425,4.7359480
802,Clouds,partiellement nuageux,03n,2025-12-28 03:00:00,2025-12-28 03:00:00,10000,0,-0.04,-0.04,-0.04,-0.01,1027,87,0.65,341,0.69,,35,n,17,Lyon,45.6963425,4.7359480
800,Clear,ciel dégagé,01n,2025-12-28 06:00:00,2025-12-28 06:00:00,10000,0,-0.21,-0.21,-0.21,-0.21,1026,84,0.47,328,0.57,,5,n,17,Lyon,45.6963425,4.7359480
800,Clear,ciel dégagé,01d,2025-12-28 09:00:00,2025-12-28 09:00:00,10000,0,-0.14,-2.04,-0.14,-0.14,1026,76,1.58,10,2.12,,8,d,17,Lyon,45.6963425,4.7359480
800,Clear,ciel dégagé,01d,2025-12-28 12:00:00,2025-12-28 12:00:00,10000,0,2.27,2.27,2.27,2.27,1024,59,0.92,32,0.64,,7,d,17,Lyon,45.6963425,4.7359480
800,Clear,ciel dégagé,01d,2025-12-28 15:00:00,2025-12-28 15:00:00,10000,0,4.66,3.67,4.66,4.66,1023,70,1.42,16,2.1,,0,d,17,Lyon,45.6963425,4.7359480
800,Clear,ciel dégagé,01n,2025-12-28 18:00:00,2025-12-28 18:00:00,10000,0,1.78,1.78,1.78,1.78,1023,79,0.79,292,0.72,,0,n,17,Lyon,45.6963425,4.7359480
800,Clear,ciel dégagé,01n,2025-12-28 21:00:00,2025-12-28 21:00:00,10000,0,1.26,1.26,1.26,1.26,1024,78,0.38,237,0.32,,0,n,17,Lyon,45.6963425,4.7359480
800,Clear,ciel dégagé,01n,2025-12-29 00:00:00,2025-12-29 00:00:00,10000,0,0.88,0.88,0.88,0.88,1023,78,0.7,170,0.56,,0,n,17,Lyon,45.6963425,4.7359480
800,Clear,ciel dégagé,01n,2025-12-29 03:00:00,2025-12-29 03:00:00,10000,0,0.75,0.75,0.75,0.75,1023,76,0.81,195,0.72,,0,n,17,Lyon,45.6963425,4.7359480
800,Clear,ciel dégagé,01n,2025-12-29 06:00:00,2025-12-29 06:00:00,10000,0,0.44,0.44,0.44,0.44,1023,75,0.22,231,0.24,,0,n,17,Lyon,45.6963425,4.7359480
800,Clear,ciel dégagé,01d,2025-12-29 09:00:00,2025-12-29 09:00:00,10000,0,3.01,3.01,3.01,3.01,1022,60,0.46,228,0.59,,0,d,17,Lyon,45.6963425,4.7359480
800,Clear,ciel dégagé,01d,2025-12-29 12:00:00,2025-12-29 12:00:00,10000,0,7.09,7.09,7.09,7.09,1020,47,0.91,46,0.57,,0,d,17,Lyon,45.6963425,4.7359480
800,Clear,ciel dégagé,01d,2025-12-29 15:00:00,2025-12-29 15:00:00,10000,0,5.75,5.75,5.75,5.75,1020,61,0.89,47,0.86,,0,d,17,Lyon,45.6963425,4.7359480
800,Clear,ciel dégagé,01n,2025-12-29 18:00:00,2025-12-29 18:00:00,10000,0,2.48,2.48,2.48,2.48,1020,73,1.2,311,1.06,,0,n,17,Lyon,45.6963425,4.7359480
800,Clear,ciel dégagé,01n,2025-12-29 21:00:00,2025-12-29 21:00:00,10000,0,1.37,1.37,1.37,1.37,1021,80,1.31,311,1.26,,0,n,17,Lyon,45.6963425,4.7359480
800,Clear,ciel dégagé,01n,2025-12-30 00:00:00,2025-12-30 00:00:00,10000,0,0.26,-1.36,0.26,0.26,1021,84,1.44,316,1.49,,0,n,17,Lyon,45.6963425,4.7359480
800,Clear,ciel dégagé,01n,2025-12-30 03:00:00,2025-12-30 03:00:00,10000,0,-0.46,-2.51,-0.46,-0.46,1021,84,1.65,307,1.74,,0,n,17,Lyon,45.6963425,4.7359480
800,Clear,ciel dégagé,01n,2025-12-30 06:00:00,2025-12-30 06:00:00,10000,0,-0.89,-3.28,-0.89,-0.89,1021,88,1.84,311,2.49,,1,n,17,Lyon,45.6963425,4.7359480
800,Clear,ciel dégagé,01d,2025-12-30 09:00:00,2025-12-30 09:00:00,10000,0,0.51,-3.28,0.51,0.51,1022,71,3.48,319,9.45,,10,d,17,Lyon,45.6963425,4.7359480
800,Clear,ciel dégagé,01d,2025-12-30 12:00:00,2025-12-30 12:00:00,10000,0,3.74,-0.85,3.74,3.74,1020,62,6.35,351,10.47,,10,d,17,Lyon,45.6963425,4.7359480
800,Clear,ciel dégagé,01d,2025-12-30 15:00:00,2025-12-30 15:00:00,10000,0,2.56,-2.55,2.56,2.56,1021,66,6.82,343,12.31,,9,d,17,Lyon,45.6963425,4.7359480
800,Clear,ciel dégagé,01n,2025-12-30 18:00:00,2025-12-30 18:00:00,10000,0,0.23,-4.34,0.23,0.23,1021,72,4.51,326,10.88,,9,n,17,Lyon,45.6963425,4.7359480
800,Clear,ciel dégagé,01n,2025-12-30 21:00:00,2025-12-30 21:00:00,10000,0,-1.29,-5.41,-1.29,-1.29,1023,75,3.41,321,7.9,,7,n,17,Lyon,45.6963425,4.7359480
800,Clear,ciel dégagé,01n,2025-12-31 00:00:00,2025-12-31 00:00:00,10000,0,-2.21,-5.78,-2.21,-2.21,1024,77,2.63,313,6.08,,8,n,17,Lyon,45.6963425,4.7359480
800,Clear,ciel dégagé,01n,2025-12-31 03:00:00,2025-12-31 03:00:00,10000,0,-2.72,-6.05,-2.72,-2.72,1024,75,2.33,308,4.74,,6,n,17,Lyon,45.6963425,4.7359480
800,Clear,ciel dégagé,01n,2025-12-31 06:00:00,2025-12-31 06:00:00,10000,0,-3.22,-6.37,-3.22,-3.22,1026,68,2.12,302,3.57,,5,n,17,Lyon,45.6963425,4.7359480
800,Clear,ciel dégagé,01d,2025-12-31 09:00:00,2025-12-31 09:00:00,10000,0,-2.22,-5.42,-2.22,-2.22,1027,56,2.3,311,4.18,,1,d,17,Lyon,45.6963425,4.7359480
800,Clear,ciel dégagé,01d,2025-12-31 12:00:00,2025-12-31 12:00:00,10000,0,0.68,-2.5,0.68,0.68,1027,40,2.79,345,4.28,,0,d,17,Lyon,45.6963425,4.7359480
800,Clear,ciel dégagé,01d,2025-12-31 15:00:00,2025-12-31 15:00:00,10000,0,0.89,-2.13,0.89,0.89,1026,40,2.67,351,5.23,,0,d,17,Lyon,45.6963425,4.7359480
800,Clear,ciel dégagé,01n,2025-12-31 18:00:00,2025-12-31 18:00:00,10000,0,-1.83,-4.25,-1.83,-1.83,1027,48,1.76,290,1.78,,0,n,17,Lyon,45.6963425,4.7359480
800,Clear,ciel dégagé,01n,2025-12-31 21:00:00,2025-12-31 21:00:00,10000,0,-2.44,-4.71,-2.44,-2.44,1027,50,1.6,280,1.16,,0,n,17,Lyon,45.6963425,4.7359480
800,Clear,ciel dégagé,01n,2026-01-01 00:00:00,2026-01-01 00:00:00,10000,0,-2.86,-2.86,-2.86,-2.86,1026,49,1.24,266,1.02,,0,n,17,Lyon,45.6963425,4.7359480
800,Clear,ciel dégagé,01n,2026-01-01 03:00:00,2026-01-01 03:00:00,10000,0,-3.08,-3.08,-3.08,-3.08,1025,47,0.82,238,0.89,,2,n,17,Lyon,45.6963425,4.7359480
800,Clear,ciel dégagé,01n,2026-01-01 06:00:00,2026-01-01 06:00:00,10000,0,-3.14,-3.14,-3.14,-3.14,1024,46,0.87,163,1.05,,9,n,17,Lyon,45.6963425,4.7359480
802,Clouds,partiellement nuageux,03d,2026-01-01 09:00:00,2026-01-01 09:00:00,10000,0,-1.48,-1.48,-1.48,-1.48,1023,40,1.33,151,1.99,,31,d,17,Lyon,45.6963425,4.7359480
802,Clouds,partiellement nuageux,03d,2026-01-01 12:00:00,2026-01-01 12:00:00,10000,0,2.24,-0.01,2.24,2.24,1019,34,2.15,146,3.59,,41,d,17,Lyon,45.6963425,4.7359480
803,Clouds,nuageux,04d,2026-01-01 15:00:00,2026-01-01 15:00:00,10000,0,1.59,1.59,1.59,1.59,1016,54,0.84,139,0.46,,84,d,17,Lyon,45.6963425,4.7359480
804,Clouds,couvert,04n,2026-01-01 18:00:00,2026-01-01 18:00:00,10000,0,0.68,-1.86,0.68,0.68,1015,60,2.17,191,3.23,,92,n,17,Lyon,45.6963425,4.7359480
804,Clouds,couvert,04n,2026-01-01 21:00:00,2026-01-01 21:00:00,10000,0,1.18,-1.56,1.18,1.18,1014,58,2.44,205,4.51,,100,n,17,Lyon,45.6963425,4.7359480
800,Clear,ciel dégagé,01n,2025-12-28 00:00:00,2025-12-28 00:00:00,10000,0,1.68,-0.3,1.68,2.12,1024,73,1.84,37,1.46,,0,n,18,Gorges du Verdon,43.7496562,6.3285616
800,Clear,ciel dégagé,01n,2025-12-28 03:00:00,2025-12-28 03:00:00,10000,0,1.78,-0.26,1.78,1.94,1023,60,1.9,33,1.53,,0,n,18,Gorges du Verdon,43.7496562,6.3285616
800,Clear,ciel dégagé,01n,2025-12-28 06:00:00,2025-12-28 06:00:00,10000,0,3.13,0.86,3.13,3.13,1022,39,2.32,29,1.74,,0,n,18,Gorges du Verdon,43.7496562,6.3285616
800,Clear,ciel dégagé,01d,2025-12-28 09:00:00,2025-12-28 09:00:00,10000,0,4.69,3.32,4.69,4.69,1020,34,1.72,24,1.28,,0,d,18,Gorges du Verdon,43.7496562,6.3285616
800,Clear,ciel dégagé,01d,2025-12-28 12:00:00,2025-12-28 12:00:00,10000,0,9.04,8.53,9.04,9.04,1018,28,1.52,297,2.06,,0,d,18,Gorges du Verdon,43.7496562,6.3285616
800,Clear,ciel dégagé,01d,2025-12-28 15:00:00,2025-12-28 15:00:00,10000,0,7.97,7.97,7.97,7.97,1018,47,0.81,6,0.92,,0,d,18,Gorges du Verdon,43.7496562,6.3285616
800,Clear,ciel dégagé,01n,2025-12-28 18:00:00,2025-12-28 18:00:00,10000,0,3.63,2.13,3.63,3.63,1021,55,1.69,69,1.5,,0,n,18,Gorges du Verdon,43.7496562,6.3285616
800,Clear,ciel dégagé,01n,2025-12-28 21:00:00,2025-12-28 21:00:00,10000,0,2.69,0.86,2.69,2.69,1022,52,1.84,49,1.51,,0,n,18,Gorges du Verdon,43.7496562,6.3285616
800,Clear,ciel dégagé,01n,2025-12-29 00:00:00,2025-12-29 00:00:00,10000,0,2.32,0.46,2.32,2.32,1022,46,1.82,39,1.45,,0,n,18,Gorges du Verdon,43.7496562,6.3285616
800,Clear,ciel dégagé,01n,2025-12-29 03:00:00,2025-12-29 03:00:00,10000,0,2.06,0.44,2.06,2.06,1022,42,1.61,51,1.31,,0,n,18,Gorges du Verdon,43.7496562,6.3285616
800,Clear,ciel dégagé,01n,2025-12-29 06:00:00,2025-12-29 06:00:00,10000,0,1.83,0.02,1.83,1.83,1021,44,1.72,40,1.43,,0,n,18,Gorges du Verdon,43.7496562,6.3285616
800,Clear,ciel dégagé,01d,2025-12-29 09:00:00,2025-12-29 09:00:00,10000,0,6.14,6.14,6.14,6.14,1020,40,1.1,12,1.05,,0,d,18,Gorges du Verdon,43.7496562,6.3285616
800,Clear,ciel dégagé,01d,2025-12-29 12:00:00,2025-12-29 12:00:00,10000,0,9.52,8.35,9.52,9.52,1017,37,2.36,290,3.24,,0,d,18,Gorges du Verdon,43.7496562,6.3285616
800,Clear,ciel dégagé,01d,2025-12-29 15:00:00,2025-12-29 15:00:00,10000,0,6.48,4.65,6.48,6.48,1016,53,2.51,320,3.93,,0,d,18,Gorges du Verdon,43.7496562,6.3285616
800,Clear,ciel dégagé,01n,2025-12-29 18:00:00,2025-12-29 18:00:00,10000,0,1.94,-0.75,1.94,1.94,1017,53,2.53,0,2.34,,0,n,18,Gorges du Verdon,43.7496562,6.3285616
800,Clear,ciel dégagé,01n,2025-12-29 21:00:00,2025-12-29 21:00:00,10000,0,1.61,-0.93,1.61,1.61,1016,52,2.32,3,2.11,,0,n,18,Gorges du Verdon,43.7496562,6.3285616
800,Clear,ciel dégagé,01n,2025-12-30 00:00:00,2025-12-30 00:00:00,10000,0,1.03,-1.6,1.03,1.03,1015,52,2.3,3,2.08,,0,n,18,Gorges du Verdon,43.7496562,6.3285616
800,Clear,ciel dégagé,01n,2025-12-30 03:00:00,2025-12-30 03:00:00,10000,0,0.57,-2.28,0.57,0.57,1013,47,2.43,5,2.2,,0,n,18,Gorges du Verdon,43.7496562,6.3285616
800,Clear,ciel dégagé,01n,2025-12-30 06:00:00,2025-12-30 06:00:00,10000,0,0.07,-2.51,0.07,0.07,1011,44,2.11,21,1.78,,1,n,18,Gorges du Verdon,43.7496562,6.3285616
800,Clear,ciel dégagé,01d,2025-12-30 09:00:00,2025-12-30 09:00:00,10000,0,4.31,4.31,4.31,4.31,1010,37,1.1,75,0.87,,4,d,18,Gorges du Verdon,43.7496562,6.3285616
800,Clear,ciel dégagé,01d,2025-12-30 12:00:00,2025-12-30 12:00:00,10000,0,8.19,8.19,8.19,8.19,1007,32,0.97,220,0.38,,2,d,18,Gorges du Verdon,43.7496562,6.3285616
800,Clear,ciel dégagé,01d,2025-12-30 15:00:00,2025-12-30 15:00:00,10000,0,5.26,4.39,5.26,5.26,1007,59,1.39,201,0.92,,0,d,18,Gorges du Verdon,43.7496562,6.3285616
800,Clear,ciel dégagé,01n,2025-12-30 18:00:00,2025-12-30 18:00:00,10000,0,0.68,-0.87,0.68,0.68,1010,75,1.43,34,1.18,,0,n,18,Gorges du Verdon,43.7496562,6.3285616
800,Clear,ciel dégagé,01n,2025-12-30 21:00:00,2025-12-30 21:00:00,10000,0,0.59,0.59,0.59,0.59,1013,70,1.2,67,0.8,,2,n,18,Gorges du Verdon,43.7496562,6.3285616
800,Clear,ciel dégagé,01n,2025-12-31 00:00:00,2025-12-31 00:00:00,10000,0,0.34,-1.16,0.34,0.34,1014,79,1.37,35,0.92,,4,n,18,Gorges du Verdon,43.7496562,6.3285616
803,Clouds,nuageux,04n,2025-12-31 03:00:00,2025-12-31 03:00:00,10000,0,1.57,-0.52,1.57,1.57,1016,74,1.91,354,2,,67,n,18,Gorges du Verdon,43.7496562,6.3285616
802,Clouds,partiellement nuageux,03n,2025-12-31 06:00:00,2025-12-31 06:00:00,10000,0,-0.39,-2.79,-0.39,-0.39,1018,78,1.91,16,1.57,,35,n,18,Gorges du Verdon,43.7496562,6.3285616
801,Clouds,peu nuageux,02d,2025-12-31 09:00:00,2025-12-31 09:00:00,10000,0,3.07,3.07,3.07,3.07,1019,54,1.31,349,3.44,,14,d,18,Gorges du Verdon,43.7496562,6.3285616
802,Clouds,partiellement nuageux,03d,2025-12-31 12:00:00,2025-12-31 12:00:00,10000,0,5.02,2.11,5.02,5.02,1018,55,3.62,305,5.61,,36,d,18,Gorges du Verdon,43.7496562,6.3285616
803,Clouds,nuageux,04d,2025-12-31 15:00:00,2025-12-31 15:00:00,10000,0,3.56,1.69,3.56,3.56,1019,67,2,277,3.17,,56,d,18,Gorges du Verdon,43.7496562,6.3285616
803,Clouds,nuageux,04n,2025-12-31 18:00:00,2025-12-31 18:00:00,10000,0,0.31,0.31,0.31,0.31,1021,80,0.66,339,0.59,,59,n,18,Gorges du Verdon,43.7496562,6.3285616
802,Clouds,partiellement nuageux,03n,2025-12-31 21:00:00,2025-12-31 21:00:00,10000,0,-0.8,-2.68,-0.8,-0.8,1023,86,1.51,110,1.3,,38,n,18,Gorges du Verdon,43.7496562,6.3285616
803,Clouds,nuageux,04n,2026-01-01 00:00:00,2026-01-01 00:00:00,10000,0,-0.41,-0.41,-0.41,-0.41,1022,98,1.11,108,1.23,,58,n,18,Gorges du Verdon,43.7496562,6.3285616
804,Clouds,couvert,04n,2026-01-01 03:00:00,2026-01-01 03:00:00,10000,0.08,0.01,0.01,0.01,0.01,1022,93,0.91,128,1,,90,n,18,Gorges du Verdon,43.7496562,6.3285616
804,Clouds,couvert,04n,2026-01-01 06:00:00,2026-01-01 06:00:00,10000,0,0.34,0.34,0.34,0.34,1022,94,0.9,116,1.11,,86,n,18,Gorges du Verdon,43.7496562,6.3285616
804,Clouds,couvert,04d,2026-01-01 09:00:00,2026-01-01 09:00:00,10000,0,1.77,1.77,1.77,1.77,1022,79,0.37,178,0.56,,98,d,18,Gorges du Verdon,43.7496562,6.3285616
804,Clouds,couvert,04d,2026-01-01 12:00:00,2026-01-01 12:00:00,10000,0,3.93,2.65,3.93,3.93,1020,65,1.56,218,1.4,,85,d,18,Gorges du Verdon,43.7496562,6.3285616
803,Clouds,nuageux,04d,2026-01-01 15:00:00,2026-01-01 15:00:00,10000,0,2.82,0.97,2.82,2.82,1019,70,1.88,249,2.63,,74,d,18,Gorges du Verdon,43.7496562,6.3285616
803,Clouds,nuageux,04n,2026-01-01 18:00:00,2026-01-01 18:00:00,10000,0,0.01,-2.1,0.01,0.01,1020,84,1.74,18,1.76,,81,n,18,Gorges du Verdon,43.7496562,6.3285616
500,Rain,légère pluie,10n,2026-01-01 21:00:00,2026-01-01 21:00:00,10000,0.2,1.39,-0.21,1.39,1.39,1018,82,1.53,42,1.61,0.24,100,n,18,Gorges du Verdon,43.7496562,6.3285616
800,Clear,ciel dégagé,01n,2025-12-28 00:00:00,2025-12-28 00:00:00,10000,0,8.11,6.85,7.8,8.11,1024,77,2.16,14,2.27,,0,n,19,Bormes les Mimosas,43.1506968,6.3419285
800,Clear,ciel dégagé,01n,2025-12-28 03:00:00,2025-12-28 03:00:00,10000,0,8.15,6.78,8.1,8.15,1023,72,2.31,344,2.07,,0,n,19,Bormes les Mimosas,43.1506968,6.3419285
800,Clear,ciel dégagé,01n,2025-12-28 06:00:00,2025-12-28 06:00:00,10000,0,9.45,8.19,9.45,9.45,1020,56,2.47,329,2.43,,0,n,19,Bormes les Mimosas,43.1506968,6.3419285
800,Clear,ciel dégagé,01d,2025-12-28 09:00:00,2025-12-28 09:00:00,10000,0,10.82,9.08,10.82,10.82,1021,43,2.01,311,2.48,,0,d,19,Bormes les Mimosas,43.1506968,6.3419285
800,Clear,ciel dégagé,01d,2025-12-28 12:00:00,2025-12-28 12:00:00,10000,0,13.69,12.08,13.69,13.69,1019,37,2.11,281,2.74,,0,d,19,Bormes les Mimosas,43.1506968,6.3419285
800,Clear,ciel dégagé,01d,2025-12-28 15:00:00,2025-12-28 15:00:00,10000,0,13.1,11.69,13.1,13.1,1019,47,2.23,240,2.34,,0,d,19,Bormes les Mimosas,43.1506968,6.3419285
800,Clear,ciel dégagé,01n,2025-12-28 18:00:00,2025-12-28 18:00:00,10000,0,10,10,10,10,1020,55,0.93,27,2.01,,0,n,19,Bormes les Mimosas,43.1506968,6.3419285
800,Clear,ciel dégagé,01n,2025-12-28 21:00:00,2025-12-28 21:00:00,10000,0,8.47,6.48,8.47,8.47,1021,58,3.32,44,3.4,,0,n,19,Bormes les Mimosas,43.1506968,6.3419285
800,Clear,ciel dégagé,01n,2025-12-29 00:00:00,2025-12-29 00:00:00,10000,0,7.63,6.09,7.63,7.63,1021,68,2.41,16,2.51,,0,n,19,Bormes les Mimosas,43.1506968,6.3419285
800,Clear,ciel dégagé,01n,2025-12-29 03:00:00,2025-12-29 03:00:00,10000,0,7.33,5.7,7.33,7.33,1021,72,2.45,22,2.47,,0,n,19,Bormes les Mimosas,43.1506968,6.3419285
800,Clear,ciel dégagé,01n,2025-12-29 06:00:00,2025-12-29 06:00:00,10000,0,6.89,5.25,6.89,6.89,1020,66,2.36,15,2.29,,0,n,19,Bormes les Mimosas,43.1506968,6.3419285
800,Clear,ciel dégagé,01d,2025-12-29 09:00:00,2025-12-29 09:00:00,10000,0,9,9,9,9,1020,52,1.3,328,1.12,,0,d,19,Bormes les Mimosas,43.1506968,6.3419285
800,Clear,ciel dégagé,01d,2025-12-29 12:00:00,2025-12-29 12:00:00,10000,0,12.6,11.17,12.6,12.6,1018,48,1.95,271,2.61,,0,d,19,Bormes les Mimosas,43.1506968,6.3419285
800,Clear,ciel dégagé,01d,2025-12-29 15:00:00,2025-12-29 15:00:00,10000,0,12.61,11.6,12.61,12.61,1016,64,3.43,256,3.15,,0,d,19,Bormes les Mimosas,43.1506968,6.3419285
800,Clear,ciel dégagé,01n,2025-12-29 18:00:00,2025-12-29 18:00:00,10000,0,9.91,7.99,9.91,9.91,1015,70,3.78,273,3.76,,0,n,19,Bormes les Mimosas,43.1506968,6.3419285
800,Clear,ciel dégagé,01n,2025-12-29 21:00:00,2025-12-29 21:00:00,10000,0,8.96,7.03,8.96,8.96,1015,61,3.41,287,3.89,,0,n,19,Bormes les Mimosas,43.1506968,6.3419285
800,Clear,ciel dégagé,01n,2025-12-30 00:00:00,2025-12-30 00:00:00,10000,0,7.85,5.62,7.85,7.85,1014,65,3.52,287,4.31,,0,n,19,Bormes les Mimosas,43.1506968,6.3419285
800,Clear,ciel dégagé,01n,2025-12-30 03:00:00,2025-12-30 03:00:00,10000,0,6.69,4.3,6.69,6.69,1012,65,3.36,294,4.27,,0,n,19,Bormes les Mimosas,43.1506968,6.3419285
800,Clear,ciel dégagé,01n,2025-12-30 06:00:00,2025-12-30 06:00:00,10000,0,5.99,3.66,5.99,5.99,1010,62,3.05,305,4.01,,1,n,19,Bormes les Mimosas,43.1506968,6.3419285
800,Clear,ciel dégagé,01d,2025-12-30 09:00:00,2025-12-30 09:00:00,10000,0,7.2,5.74,7.2,7.2,1010,54,2.21,340,3.09,,6,d,19,Bormes les Mimosas,43.1506968,6.3419285
800,Clear,ciel dégagé,01d,2025-12-30 12:00:00,2025-12-30 12:00:00,10000,0,9.46,8.4,9.46,9.46,1008,42,2.2,10,2.5,,4,d,19,Bormes les Mimosas,43.1506968,6.3419285
800,Clear,ciel dégagé,01d,2025-12-30 15:00:00,2025-12-30 15:00:00,10000,0,10.02,8.51,10.02,10.02,1008,55,2.23,357,3.41,,0,d,19,Bormes les Mimosas,43.1506968,6.3419285
802,Clouds,partiellement nuageux,03n,2025-12-30 18:00:00,2025-12-30 18:00:00,10000,0,9.44,7.77,9.44,9.44,1008,61,3.12,357,4.57,,34,n,19,Bormes les Mimosas,43.1506968,6.3419285
803,Clouds,nuageux,04n,2025-12-30 21:00:00,2025-12-30 21:00:00,10000,0,9.22,6.11,9.22,9.22,1011,72,6.45,45,11.64,,80,n,19,Bormes les Mimosas,43.1506968,6.3419285
803,Clouds,nuageux,04n,2025-12-31 00:00:00,2025-12-31 00:00:00,10000,0,10.6,9.39,10.6,10.6,1012,64,10.24,82,14.61,,83,n,19,Bormes les Mimosas,43.1506968,6.3419285
803,Clouds,nuageux,04n,2025-12-31 03:00:00,2025-12-31 03:00:00,10000,0,8.16,4.91,8.16,8.16,1014,71,5.98,70,7.43,,83,n,19,Bormes les Mimosas,43.1506968,6.3419285
803,Clouds,nuageux,04n,2025-12-31 06:00:00,2025-12-31 06:00:00,10000,0,6.61,3.79,6.61,6.61,1017,68,4.09,45,5.05,,69,n,19,Bormes les Mimosas,43.1506968,6.3419285
803,Clouds,nuageux,04d,2025-12-31 09:00:00,2025-12-31 09:00:00,10000,0,8.08,5.34,8.08,8.08,1019,59,4.64,73,5.32,,63,d,19,Bormes les Mimosas,43.1506968,6.3419285
803,Clouds,nuageux,04d,2025-12-31 12:00:00,2025-12-31 12:00:00,10000,0,9.7,9.7,9.7,9.7,1019,57,1.04,117,2.6,,52,d,19,Bormes les Mimosas,43.1506968,6.3419285
802,Clouds,partiellement nuageux,03d,2025-12-31 15:00:00,2025-12-31 15:00:00,10000,0,9.47,8.37,9.47,9.47,1019,60,2.26,203,2.94,,48,d,19,Bormes les Mimosas,43.1506968,6.3419285
803,Clouds,nuageux,04n,2025-12-31 18:00:00,2025-12-31 18:00:00,10000,0,8.34,6.59,8.34,8.34,1021,73,2.89,218,3.48,,70,n,19,Bormes les Mimosas,43.1506968,6.3419285
500,Rain,légère pluie,10n,2025-12-31 21:00:00,2025-12-31 21:00:00,10000,0.71,7.91,6.56,7.91,7.91,1022,79,2.23,188,2.56,0.42,99,n,19,Bormes les Mimosas,43.1506968,6.3419285
500,Rain,légère pluie,10n,2026-01-01 00:00:00,2026-01-01 00:00:00,10000,0.98,7.84,6.02,7.84,7.84,1021,83,2.84,151,3.26,1.13,99,n,19,Bormes les Mimosas,43.1506968,6.3419285
500,Rain,légère pluie,10n,2026-01-01 03:00:00,2026-01-01 03:00:00,10000,0.64,6.89,5.11,6.89,6.89,1021,78,2.54,159,4.12,0.38,61,n,19,Bormes les Mimosas,43.1506968,6.3419285
802,Clouds,partiellement nuageux,03n,2026-01-01 06:00:00,2026-01-01 06:00:00,10000,0.19,5.74,4.82,5.74,5.74,1021,79,1.48,119,2.76,,43,n,19,Bormes les Mimosas,43.1506968,6.3419285
802,Clouds,partiellement nuageux,03d,2026-01-01 09:00:00,2026-01-01 09:00:00,10000,0,6.67,5.12,6.67,6.67,1021,77,2.21,7,1.8,,45,d,19,Bormes les Mimosas,43.1506968,6.3419285
802,Clouds,partiellement nuageux,03d,2026-01-01 12:00:00,2026-01-01 12:00:00,10000,0,8.64,7.71,8.64,8.64,1021,63,1.89,260,1.74,,40,d,19,Bormes les Mimosas,43.1506968,6.3419285
802,Clouds,partiellement nuageux,03d,2026-01-01 15:00:00,2026-01-01 15:00:00,10000,0,8.6,6.89,8.6,8.6,1019,63,2.9,236,4.14,,48,d,19,Bormes les Mimosas,43.1506968,6.3419285
500,Rain,légère pluie,10n,2026-01-01 18:00:00,2026-01-01 18:00:00,10000,0.2,7.81,6.35,7.81,7.81,1018,82,2.34,236,3.67,0.27,74,n,19,Bormes les Mimosas,43.1506968,6.3419285
500,Rain,légère pluie,10n,2026-01-01 21:00:00,2026-01-01 21:00:00,10000,0.9,9.01,6.35,9.01,9.01,1017,85,5.01,218,6.09,0.6,100,n,19,Bormes les Mimosas,43.1506968,6.3419285
800,Clear,ciel dégagé,01n,2025-12-28 00:00:00,2025-12-28 00:00:00,10000,0,10.2,8.89,8.15,10.2,1023,62,2.29,33,2.44,,5,n,20,Cassis,43.2140359,5.5396318
800,Clear,ciel dégagé,01n,2025-12-28 03:00:00,2025-12-28 03:00:00,10000,0,9.74,8.42,8.99,9.74,1022,58,2.64,22,2.56,,2,n,20,Cassis,43.2140359,5.5396318
800,Clear,ciel dégagé,01n,2025-12-28 06:00:00,2025-12-28 06:00:00,10000,0,10.69,9.04,10.69,10.69,1020,47,2.8,18,3.01,,0,n,20,Cassis,43.2140359,5.5396318
800,Clear,ciel dégagé,01d,2025-12-28 09:00:00,2025-12-28 09:00:00,10000,0,10.35,8.51,10.35,10.35,1021,41,1.99,352,2.49,,0,d,20,Cassis,43.2140359,5.5396318
800,Clear,ciel dégagé,01d,2025-12-28 12:00:00,2025-12-28 12:00:00,10000,0,14.07,12.47,14.07,14.07,1020,36,2.5,314,2.91,,0,d,20,Cassis,43.2140359,5.5396318
800,Clear,ciel dégagé,01d,2025-12-28 15:00:00,2025-12-28 15:00:00,10000,0,13.47,11.92,13.47,13.47,1019,40,2.45,288,2.52,,0,d,20,Cassis,43.2140359,5.5396318
800,Clear,ciel dégagé,01n,2025-12-28 18:00:00,2025-12-28 18:00:00,10000,0,12.25,10.63,12.25,12.25,1020,42,0.39,238,1,,0,n,20,Cassis,43.2140359,5.5396318
800,Clear,ciel dégagé,01n,2025-12-28 21:00:00,2025-12-28 21:00:00,10000,0,11.73,10.19,11.73,11.73,1021,47,1.82,106,2,,3,n,20,Cassis,43.2140359,5.5396318
800,Clear,ciel dégagé,01n,2025-12-29 00:00:00,2025-12-29 00:00:00,10000,0,11.21,9.74,11.21,11.21,1021,52,2.3,103,2.36,,2,n,20,Cassis,43.2140359,5.5396318
800,Clear,ciel dégagé,01n,2025-12-29 03:00:00,2025-12-29 03:00:00,10000,0,10.76,9.25,10.76,10.76,1020,52,2.01,68,1.93,,0,n,20,Cassis,43.2140359,5.5396318
800,Clear,ciel dégagé,01n,2025-12-29 06:00:00,2025-12-29 06:00:00,10000,0,10.27,8.76,10.27,10.27,1020,54,2.25,40,2.09,,1,n,20,Cassis,43.2140359,5.5396318
800,Clear,ciel dégagé,01d,2025-12-29 09:00:00,2025-12-29 09:00:00,10000,0,10.98,9.49,10.98,10.98,1020,52,1.34,4,1.33,,1,d,20,Cassis,43.2140359,5.5396318
800,Clear,ciel dégagé,01d,2025-12-29 12:00:00,2025-12-29 12:00:00,10000,0,12.6,11.4,12.6,12.6,1019,57,2.53,310,3.14,,1,d,20,Cassis,43.2140359,5.5396318
800,Clear,ciel dégagé,01d,2025-12-29 15:00:00,2025-12-29 15:00:00,10000,0,12.66,11.52,12.66,12.66,1017,59,3.08,310,3.71,,1,d,20,Cassis,43.2140359,5.5396318
800,Clear,ciel dégagé,01n,2025-12-29 18:00:00,2025-12-29 18:00:00,10000,0,11.42,10.08,11.42,11.42,1016,56,4.02,305,4.66,,2,n,20,Cassis,43.2140359,5.5396318
800,Clear,ciel dégagé,01n,2025-12-29 21:00:00,2025-12-29 21:00:00,10000,0,10.38,8.91,10.38,10.38,1016,55,4.59,317,6.07,,1,n,20,Cassis,43.2140359,5.5396318
800,Clear,ciel dégagé,01n,2025-12-30 00:00:00,2025-12-30 00:00:00,10000,0,9.33,6.79,9.33,9.33,1015,58,4.89,310,6.29,,1,n,20,Cassis,43.2140359,5.5396318
800,Clear,ciel dégagé,01n,2025-12-30 03:00:00,2025-12-30 03:00:00,10000,0,8.28,5.39,8.28,8.28,1013,57,5.11,321,7.21,,0,n,20,Cassis,43.2140359,5.5396318
800,Clear,ciel dégagé,01n,2025-12-30 06:00:00,2025-12-30 06:00:00,10000,0,7.54,3.76,7.54,7.54,1011,55,7.06,317,15.24,,0,n,20,Cassis,43.2140359,5.5396318
800,Clear,ciel dégagé,01d,2025-12-30 09:00:00,2025-12-30 09:00:00,10000,0,5.94,1.19,5.94,5.94,1011,63,8.68,318,11.93,,6,d,20,Cassis,43.2140359,5.5396318
800,Clear,ciel dégagé,01d,2025-12-30 12:00:00,2025-12-30 12:00:00,10000,0,7.22,2.97,7.22,7.22,1010,58,8.32,315,8.52,,4,d,20,Cassis,43.2140359,5.5396318
800,Clear,ciel dégagé,01d,2025-12-30 15:00:00,2025-12-30 15:00:00,10000,0,8.04,4.59,8.04,8.04,1009,54,6.47,321,6.4,,0,d,20,Cassis,43.2140359,5.5396318
800,Clear,ciel dégagé,01n,2025-12-30 18:00:00,2025-12-30 18:00:00,10000,0,7.24,4.46,7.24,7.24,1010,58,4.3,337,4.35,,0,n,20,Cassis,43.2140359,5.5396318
801,Clouds,peu nuageux,02n,2025-12-30 21:00:00,2025-12-30 21:00:00,10000,0,7.76,5.01,7.76,7.76,1012,59,4.49,345,4.78,,15,n,20,Cassis,43.2140359,5.5396318
803,Clouds,nuageux,04n,2025-12-31 00:00:00,2025-12-31 00:00:00,10000,0,8.57,6.64,8.57,8.57,1014,56,3.26,1,4.03,,57,n,20,Cassis,43.2140359,5.5396318
804,Clouds,couvert,04n,2025-12-31 03:00:00,2025-12-31 03:00:00,10000,0,8.59,6.81,8.59,8.59,1015,62,3.01,346,2.94,,91,n,20,Cassis,43.2140359,5.5396318
803,Clouds,nuageux,04n,2025-12-31 06:00:00,2025-12-31 06:00:00,10000,0,7.42,5.47,7.42,7.42,1017,62,2.91,1,2.8,,65,n,20,Cassis,43.2140359,5.5396318
802,Clouds,partiellement nuageux,03d,2025-12-31 09:00:00,2025-12-31 09:00:00,10000,0,8.03,7.04,8.03,8.03,1019,59,1.85,353,1.74,,34,d,20,Cassis,43.2140359,5.5396318
803,Clouds,nuageux,04d,2025-12-31 12:00:00,2025-12-31 12:00:00,10000,0,8.5,6.97,8.5,8.5,1020,63,2.61,255,2.28,,64,d,20,Cassis,43.2140359,5.5396318
804,Clouds,couvert,04d,2025-12-31 15:00:00,2025-12-31 15:00:00,10000,0,7.52,6.15,7.52,7.52,1020,67,2.17,273,1.75,,98,d,20,Cassis,43.2140359,5.5396318
804,Clouds,couvert,04n,2025-12-31 18:00:00,2025-12-31 18:00:00,10000,0,7.1,5.82,7.1,7.1,1021,70,1.99,164,2.62,,86,n,20,Cassis,43.2140359,5.5396318
802,Clouds,partiellement nuageux,03n,2025-12-31 21:00:00,2025-12-31 21:00:00,10000,0,7.55,5.36,7.55,7.55,1022,73,3.33,124,3.96,,48,n,20,Cassis,43.2140359,5.5396318
802,Clouds,partiellement nuageux,03n,2026-01-01 00:00:00,2026-01-01 00:00:00,10000,0,7.46,5.84,7.46,7.46,1021,73,2.47,74,3.13,,38,n,20,Cassis,43.2140359,5.5396318
801,Clouds,peu nuageux,02n,2026-01-01 03:00:00,2026-01-01 03:00:00,10000,0,7.09,5.57,7.09,7.09,1021,75,2.26,20,2.63,,13,n,20,Cassis,43.2140359,5.5396318
801,Clouds,peu nuageux,02n,2026-01-01 06:00:00,2026-01-01 06:00:00,10000,0,6.65,6.01,6.65,6.65,1021,77,1.36,20,1.54,,12,n,20,Cassis,43.2140359,5.5396318
801,Clouds,peu nuageux,02d,2026-01-01 09:00:00,2026-01-01 09:00:00,10000,0,7.35,7.35,7.35,7.35,1022,70,0.39,119,1.17,,11,d,20,Cassis,43.2140359,5.5396318
800,Clear,ciel dégagé,01d,2026-01-01 12:00:00,2026-01-01 12:00:00,10000,0,8.49,7.06,8.49,8.49,1021,67,2.47,188,2.72,,8,d,20,Cassis,43.2140359,5.5396318
803,Clouds,nuageux,04d,2026-01-01 15:00:00,2026-01-01 15:00:00,10000,0,8.5,6.58,8.5,8.5,1019,65,3.22,161,3.59,,73,d,20,Cassis,43.2140359,5.5396318
500,Rain,légère pluie,10n,2026-01-01 18:00:00,2026-01-01 18:00:00,10000,0.36,9.43,7.17,9.43,9.43,1018,78,4.29,160,6.76,0.51,86,n,20,Cassis,43.2140359,5.5396318
500,Rain,légère pluie,10n,2026-01-01 21:00:00,2026-01-01 21:00:00,10000,1,11.46,10.62,11.46,11.46,1016,75,7.71,202,9.73,1.17,100,n,20,Cassis,43.2140359,5.5396318
800,Clear,ciel dégagé,01n,2025-12-28 00:00:00,2025-12-28 00:00:00,10000,0,8.08,6.86,7.83,8.08,1023,67,2.11,24,1.86,,3,n,21,Marseille,43.3014878,5.5480010
800,Clear,ciel dégagé,01n,2025-12-28 03:00:00,2025-12-28 03:00:00,10000,0,8.46,6.92,8.46,8.58,1022,61,2.61,32,2.54,,1,n,21,Marseille,43.3014878,5.5480010
800,Clear,ciel dégagé,01n,2025-12-28 06:00:00,2025-12-28 06:00:00,10000,0,10.52,8.83,10.52,10.52,1021,46,2.89,31,2.86,,0,n,21,Marseille,43.3014878,5.5480010
800,Clear,ciel dégagé,01d,2025-12-28 09:00:00,2025-12-28 09:00:00,10000,0,10.22,8.29,10.22,10.22,1021,38,1.94,19,2.06,,0,d,21,Marseille,43.3014878,5.5480010
800,Clear,ciel dégagé,01d,2025-12-28 12:00:00,2025-12-28 12:00:00,10000,0,13.72,11.96,13.72,13.72,1020,31,1.78,320,2.1,,0,d,21,Marseille,43.3014878,5.5480010
800,Clear,ciel dégagé,01d,2025-12-28 15:00:00,2025-12-28 15:00:00,10000,0,13.46,11.78,13.46,13.46,1019,35,1.61,290,1.63,,0,d,21,Marseille,43.3014878,5.5480010
800,Clear,ciel dégagé,01n,2025-12-28 18:00:00,2025-12-28 18:00:00,10000,0,11.77,9.99,11.77,11.77,1020,38,0.61,107,0.76,,0,n,21,Marseille,43.3014878,5.5480010
800,Clear,ciel dégagé,01n,2025-12-28 21:00:00,2025-12-28 21:00:00,10000,0,10.91,9.26,10.91,10.91,1021,46,2.02,96,2.22,,2,n,21,Marseille,43.3014878,5.5480010
800,Clear,ciel dégagé,01n,2025-12-29 00:00:00,2025-12-29 00:00:00,10000,0,10.08,8.48,10.08,10.08,1021,51,1.84,89,1.89,,1,n,21,Marseille,43.3014878,5.5480010
800,Clear,ciel dégagé,01n,2025-12-29 03:00:00,2025-12-29 03:00:00,10000,0,9.6,8.72,9.6,9.6,1021,51,2.01,51,1.65,,0,n,21,Marseille,43.3014878,5.5480010
800,Clear,ciel dégagé,01n,2025-12-29 06:00:00,2025-12-29 06:00:00,10000,0,9.11,7.89,9.11,9.11,1020,54,2.33,36,2.08,,0,n,21,Marseille,43.3014878,5.5480010
800,Clear,ciel dégagé,01d,2025-12-29 09:00:00,2025-12-29 09:00:00,10000,0,10.15,8.53,10.15,10.15,1020,50,1.37,12,1.39,,0,d,21,Marseille,43.3014878,5.5480010
800,Clear,ciel dégagé,01d,2025-12-29 12:00:00,2025-12-29 12:00:00,10000,0,12.52,11.24,12.52,12.52,1019,54,2.1,309,2.71,,0,d,21,Marseille,43.3014878,5.5480010
800,Clear,ciel dégagé,01d,2025-12-29 15:00:00,2025-12-29 15:00:00,10000,0,12.56,11.28,12.56,12.56,1017,54,2.45,309,3.24,,1,d,21,Marseille,43.3014878,5.5480010
800,Clear,ciel dégagé,01n,2025-12-29 18:00:00,2025-12-29 18:00:00,10000,0,10.82,9.34,10.82,10.82,1016,53,2.94,306,3.52,,1,n,21,Marseille,43.3014878,5.5480010
800,Clear,ciel dégagé,01n,2025-12-29 21:00:00,2025-12-29 21:00:00,10000,0,9.64,7.97,9.64,9.64,1016,52,3.19,319,4.56,,0,n,21,Marseille,43.3014878,5.5480010
800,Clear,ciel dégagé,01n,2025-12-30 00:00:00,2025-12-30 00:00:00,10000,0,8.37,6.36,8.37,8.37,1015,56,3.33,313,4.35,,0,n,21,Marseille,43.3014878,5.5480010
800,Clear,ciel dégagé,01n,2025-12-30 03:00:00,2025-12-30 03:00:00,10000,0,7.33,4.97,7.33,7.33,1013,57,3.55,330,5.04,,0,n,21,Marseille,43.3014878,5.5480010
800,Clear,ciel dégagé,01n,2025-12-30 06:00:00,2025-12-30 06:00:00,10000,0,6.45,3.23,6.45,6.45,1011,57,4.83,322,12.75,,0,n,21,Marseille,43.3014878,5.5480010
800,Clear,ciel dégagé,01d,2025-12-30 09:00:00,2025-12-30 09:00:00,10000,0,5.12,1.16,5.12,5.12,1011,61,5.72,320,7.98,,6,d,21,Marseille,43.3014878,5.5480010
800,Clear,ciel dégagé,01d,2025-12-30 12:00:00,2025-12-30 12:00:00,10000,0,7.22,3.95,7.22,7.22,1010,53,5.39,317,5.82,,4,d,21,Marseille,43.3014878,5.5480010
800,Clear,ciel dégagé,01d,2025-12-30 15:00:00,2025-12-30 15:00:00,10000,0,7.92,5.27,7.92,7.92,1009,50,4.37,322,4.46,,0,d,21,Marseille,43.3014878,5.5480010
800,Clear,ciel dégagé,01n,2025-12-30 18:00:00,2025-12-30 18:00:00,10000,0,6.68,4.53,6.68,6.68,1010,57,2.99,346,3.21,,0,n,21,Marseille,43.3014878,5.5480010
800,Clear,ciel dégagé,01n,2025-12-30 21:00:00,2025-12-30 21:00:00,10000,0,6.94,4.61,6.94,6.94,1012,60,3.36,1,3.8,,8,n,21,Marseille,43.3014878,5.5480010
803,Clouds,nuageux,04n,2025-12-31 00:00:00,2025-12-31 00:00:00,10000,0,7.67,5.9,7.67,7.67,1014,54,2.72,10,3.33,,53,n,21,Marseille,43.3014878,5.5480010
804,Clouds,couvert,04n,2025-12-31 03:00:00,2025-12-31 03:00:00,10000,0,7.14,5.09,7.14,7.14,1015,61,2.98,347,2.64,,89,n,21,Marseille,43.3014878,5.5480010
803,Clouds,nuageux,04n,2025-12-31 06:00:00,2025-12-31 06:00:00,10000,0,6.12,4.02,6.12,6.12,1017,62,2.76,12,2.74,,51,n,21,Marseille,43.3014878,5.5480010
801,Clouds,peu nuageux,02d,2025-12-31 09:00:00,2025-12-31 09:00:00,10000,0,7.32,6.02,7.32,7.32,1019,56,2.05,32,2.07,,12,d,21,Marseille,43.3014878,5.5480010
802,Clouds,partiellement nuageux,03d,2025-12-31 12:00:00,2025-12-31 12:00:00,10000,0,8.66,7.63,8.66,8.66,1019,58,2,245,2.07,,49,d,21,Marseille,43.3014878,5.5480010
804,Clouds,couvert,04d,2025-12-31 15:00:00,2025-12-31 15:00:00,10000,0,7.66,7.03,7.66,7.66,1020,64,1.46,258,1.41,,100,d,21,Marseille,43.3014878,5.5480010
804,Clouds,couvert,04n,2025-12-31 18:00:00,2025-12-31 18:00:00,10000,0,7.13,6.09,7.13,7.13,1021,71,1.76,155,2.27,,95,n,21,Marseille,43.3014878,5.5480010
803,Clouds,nuageux,04n,2025-12-31 21:00:00,2025-12-31 21:00:00,10000,0,7.32,5.73,7.32,7.32,1022,74,2.39,112,3.1,,52,n,21,Marseille,43.3014878,5.5480010
803,Clouds,nuageux,04n,2026-01-01 00:00:00,2026-01-01 00:00:00,10000,0,7.26,6.2,7.26,7.26,1021,74,1.8,49,2.53,,51,n,21,Marseille,43.3014878,5.5480010
802,Clouds,partiellement nuageux,03n,2026-01-01 03:00:00,2026-01-01 03:00:00,10000,0,6.37,5.13,6.37,6.37,1021,79,1.83,7,1.98,,26,n,21,Marseille,43.3014878,5.5480010
801,Clouds,peu nuageux,02n,2026-01-01 06:00:00,2026-01-01 06:00:00,10000,0,5.94,5.94,5.94,5.94,1021,82,1.23,51,1.31,,18,n,21,Marseille,43.3014878,5.5480010
801,Clouds,peu nuageux,02d,2026-01-01 09:00:00,2026-01-01 09:00:00,10000,0,6.9,6.9,6.9,6.9,1022,73,1.12,107,1.14,,11,d,21,Marseille,43.3014878,5.5480010
800,Clear,ciel dégagé,01d,2026-01-01 12:00:00,2026-01-01 12:00:00,10000,0,8.57,7.09,8.57,8.57,1021,65,2.55,185,2.84,,9,d,21,Marseille,43.3014878,5.5480010
803,Clouds,nuageux,04d,2026-01-01 15:00:00,2026-01-01 15:00:00,10000,0,8.62,6.85,8.62,8.62,1019,63,3.01,175,3.93,,70,d,21,Marseille,43.3014878,5.5480010
500,Rain,légère pluie,10n,2026-01-01 18:00:00,2026-01-01 18:00:00,10000,0.29,8.69,6.75,8.69,8.69,1018,77,3.32,134,5.57,0.36,85,n,21,Marseille,43.3014878,5.5480010
500,Rain,légère pluie,10n,2026-01-01 21:00:00,2026-01-01 21:00:00,10000,1,10.55,9.67,10.55,10.55,1016,77,5.43,194,8.03,1.05,100,n,21,Marseille,43.3014878,5.5480010
800,Clear,ciel dégagé,01n,2025-12-28 00:00:00,2025-12-28 00:00:00,10000,0,5.63,3.97,5.63,5.72,1023,74,2.14,62,1.91,,0,n,22,Aix en Provence,43.5709847,5.3824189
800,Clear,ciel dégagé,01n,2025-12-28 03:00:00,2025-12-28 03:00:00,10000,0,5.95,4.21,5.95,6.14,1023,66,2.28,56,2.2,,0,n,22,Aix en Provence,43.5709847,5.3824189
800,Clear,ciel dégagé,01n,2025-12-28 06:00:00,2025-12-28 06:00:00,10000,0,7.15,5.55,7.15,7.15,1021,50,2.37,56,2.3,,0,n,22,Aix en Provence,43.5709847,5.3824189
800,Clear,ciel dégagé,01d,2025-12-28 09:00:00,2025-12-28 09:00:00,10000,0,8.17,7.24,8.17,8.17,1021,42,1.81,54,2.21,,0,d,22,Aix en Provence,43.5709847,5.3824189
800,Clear,ciel dégagé,01d,2025-12-28 12:00:00,2025-12-28 12:00:00,10000,0,11.9,10.01,11.9,11.9,1020,33,0.81,12,0.84,,0,d,22,Aix en Provence,43.5709847,5.3824189
800,Clear,ciel dégagé,01d,2025-12-28 15:00:00,2025-12-28 15:00:00,10000,0,11.67,9.88,11.67,11.67,1019,38,0.47,310,0.46,,0,d,22,Aix en Provence,43.5709847,5.3824189
800,Clear,ciel dégagé,01n,2025-12-28 18:00:00,2025-12-28 18:00:00,10000,0,8.89,8.28,8.89,8.89,1020,44,1.6,70,1.44,,0,n,22,Aix en Provence,43.5709847,5.3824189
800,Clear,ciel dégagé,01n,2025-12-28 21:00:00,2025-12-28 21:00:00,10000,0,7.58,5.95,7.58,7.58,1021,44,2.51,67,2.32,,0,n,22,Aix en Provence,43.5709847,5.3824189
800,Clear,ciel dégagé,01n,2025-12-29 00:00:00,2025-12-29 00:00:00,10000,0,6.56,4.79,6.56,6.56,1021,50,2.45,74,2.17,,0,n,22,Aix en Provence,43.5709847,5.3824189
800,Clear,ciel dégagé,01n,2025-12-29 03:00:00,2025-12-29 03:00:00,10000,0,6.12,4.27,6.12,6.12,1021,51,2.45,69,2.26,,0,n,22,Aix en Provence,43.5709847,5.3824189
800,Clear,ciel dégagé,01n,2025-12-29 06:00:00,2025-12-29 06:00:00,10000,0,5.69,3.77,5.69,5.69,1020,48,2.44,66,2.27,,0,n,22,Aix en Provence,43.5709847,5.3824189
800,Clear,ciel dégagé,01d,2025-12-29 09:00:00,2025-12-29 09:00:00,10000,0,7.48,6.92,7.48,7.48,1021,43,1.38,75,1.32,,0,d,22,Aix en Provence,43.5709847,5.3824189
800,Clear,ciel dégagé,01d,2025-12-29 12:00:00,2025-12-29 12:00:00,10000,0,11.3,9.61,11.3,11.3,1019,43,1.05,307,1.26,,0,d,22,Aix en Provence,43.5709847,5.3824189
800,Clear,ciel dégagé,01d,2025-12-29 15:00:00,2025-12-29 15:00:00,10000,0,11.02,9.38,11.02,11.02,1017,46,1.64,288,2.4,,0,d,22,Aix en Provence,43.5709847,5.3824189
800,Clear,ciel dégagé,01n,2025-12-29 18:00:00,2025-12-29 18:00:00,10000,0,7.98,7.24,7.98,7.98,1017,50,1.59,297,1.65,,0,n,22,Aix en Provence,43.5709847,5.3824189
800,Clear,ciel dégagé,01n,2025-12-29 21:00:00,2025-12-29 21:00:00,10000,0,6.32,6.32,6.32,6.32,1016,56,1.28,292,1.58,,0,n,22,Aix en Provence,43.5709847,5.3824189
800,Clear,ciel dégagé,01n,2025-12-30 00:00:00,2025-12-30 00:00:00,10000,0,4.59,4.59,4.59,4.59,1015,66,0.93,323,0.9,,0,n,22,Aix en Provence,43.5709847,5.3824189
800,Clear,ciel dégagé,01n,2025-12-30 03:00:00,2025-12-30 03:00:00,10000,0,3.45,2.29,3.45,3.45,1014,70,1.42,329,1.48,,0,n,22,Aix en Provence,43.5709847,5.3824189
800,Clear,ciel dégagé,01n,2025-12-30 06:00:00,2025-12-30 06:00:00,10000,0,1.87,0.15,1.87,1.87,1012,70,1.66,318,6.06,,1,n,22,Aix en Provence,43.5709847,5.3824189
800,Clear,ciel dégagé,01d,2025-12-30 09:00:00,2025-12-30 09:00:00,10000,0,2.52,-0.33,2.52,2.52,1012,66,2.83,319,4.33,,6,d,22,Aix en Provence,43.5709847,5.3824189
800,Clear,ciel dégagé,01d,2025-12-30 12:00:00,2025-12-30 12:00:00,10000,0,5.76,3.18,5.76,5.76,1010,53,3.35,314,3.88,,3,d,22,Aix en Provence,43.5709847,5.3824189
800,Clear,ciel dégagé,01d,2025-12-30 15:00:00,2025-12-30 15:00:00,10000,0,5.7,3.32,5.7,5.7,1009,55,3.04,310,3.73,,0,d,22,Aix en Provence,43.5709847,5.3824189
800,Clear,ciel dégagé,01n,2025-12-30 18:00:00,2025-12-30 18:00:00,10000,0,3.35,2.08,3.35,3.35,1011,65,1.49,340,2.33,,0,n,22,Aix en Provence,43.5709847,5.3824189
800,Clear,ciel dégagé,01n,2025-12-30 21:00:00,2025-12-30 21:00:00,10000,0,2.72,1.25,2.72,2.72,1013,69,1.57,12,2.03,,0,n,22,Aix en Provence,43.5709847,5.3824189
801,Clouds,peu nuageux,02n,2025-12-31 00:00:00,2025-12-31 00:00:00,10000,0,3.25,1.72,3.25,3.25,1015,60,1.67,18,2.31,,23,n,22,Aix en Provence,43.5709847,5.3824189
804,Clouds,couvert,04n,2025-12-31 03:00:00,2025-12-31 03:00:00,10000,0,3.68,1.95,3.68,3.68,1017,58,1.89,4,2.69,,98,n,22,Aix en Provence,43.5709847,5.3824189
803,Clouds,nuageux,04n,2025-12-31 06:00:00,2025-12-31 06:00:00,10000,0,2.25,1.04,2.25,2.25,1018,63,1.35,32,1.71,,53,n,22,Aix en Provence,43.5709847,5.3824189
800,Clear,ciel dégagé,01d,2025-12-31 09:00:00,2025-12-31 09:00:00,10000,0,4.02,3.03,4.02,4.02,1019,56,1.36,29,1.9,,0,d,22,Aix en Provence,43.5709847,5.3824189
801,Clouds,peu nuageux,02d,2025-12-31 12:00:00,2025-12-31 12:00:00,10000,0,6.48,6.48,6.48,6.48,1020,52,1.26,270,1.14,,22,d,22,Aix en Provence,43.5709847,5.3824189
804,Clouds,couvert,04d,2025-12-31 15:00:00,2025-12-31 15:00:00,10000,0,6.24,6.24,6.24,6.24,1020,56,0.79,240,1.06,,95,d,22,Aix en Provence,43.5709847,5.3824189
804,Clouds,couvert,04n,2025-12-31 18:00:00,2025-12-31 18:00:00,10000,0,4.92,4.92,4.92,4.92,1021,64,0.93,312,0.67,,86,n,22,Aix en Provence,43.5709847,5.3824189
802,Clouds,partiellement nuageux,03n,2025-12-31 21:00:00,2025-12-31 21:00:00,10000,0,3.6,2.24,3.6,3.6,1022,68,1.58,348,0.92,,29,n,22,Aix en Provence,43.5709847,5.3824189
803,Clouds,nuageux,04n,2026-01-01 00:00:00,2026-01-01 00:00:00,10000,0,3.49,2,3.49,3.49,1022,71,1.67,14,2.29,,61,n,22,Aix en Provence,43.5709847,5.3824189
803,Clouds,nuageux,04n,2026-01-01 03:00:00,2026-01-01 03:00:00,10000,0,3.02,1.34,3.02,3.02,1022,75,1.76,39,2.17,,71,n,22,Aix en Provence,43.5709847,5.3824189
802,Clouds,partiellement nuageux,03n,2026-01-01 06:00:00,2026-01-01 06:00:00,10000,0,2.98,2.98,2.98,2.98,1022,84,1.32,42,1.23,,37,n,22,Aix en Provence,43.5709847,5.3824189
800,Clear,ciel dégagé,01d,2026-01-01 09:00:00,2026-01-01 09:00:00,10000,0,4.85,3.86,4.85,4.85,1022,80,1.44,83,2.01,,3,d,22,Aix en Provence,43.5709847,5.3824189
800,Clear,ciel dégagé,01d,2026-01-01 12:00:00,2026-01-01 12:00:00,10000,0,8.08,6.78,8.08,8.08,1020,61,2.2,178,3.41,,8,d,22,Aix en Provence,43.5709847,5.3824189
803,Clouds,nuageux,04d,2026-01-01 15:00:00,2026-01-01 15:00:00,10000,0,8.13,6.32,8.13,8.13,1019,60,2.91,181,4.18,,68,d,22,Aix en Provence,43.5709847,5.3824189
803,Clouds,nuageux,04n,2026-01-01 18:00:00,2026-01-01 18:00:00,10000,0,7.1,5.24,7.1,7.1,1018,68,2.69,88,4.98,,84,n,22,Aix en Provence,43.5709847,5.3824189
500,Rain,légère pluie,10n,2026-01-01 21:00:00,2026-01-01 21:00:00,10000,0.56,7.43,5.59,7.43,7.43,1016,80,2.76,106,6.23,0.42,100,n,22,Aix en Provence,43.5709847,5.3824189
800,Clear,ciel dégagé,01n,2025-12-28 00:00:00,2025-12-28 00:00:00,10000,0,1.76,-0.14,1.76,5.24,1025,87,1.78,334,1.67,,0,n,23,Avignon,43.9636478,4.9424636
800,Clear,ciel dégagé,01n,2025-12-28 03:00:00,2025-12-28 03:00:00,10000,0,3.31,1.83,3.31,4.95,1024,82,1.64,331,1.58,,0,n,23,Avignon,43.9636478,4.9424636
800,Clear,ciel dégagé,01n,2025-12-28 06:00:00,2025-12-28 06:00:00,10000,0,5.26,3.56,5.26,5.26,1022,77,2.11,332,2.58,,0,n,23,Avignon,43.9636478,4.9424636
800,Clear,ciel dégagé,01d,2025-12-28 09:00:00,2025-12-28 09:00:00,10000,0,6.43,5.05,6.43,6.43,1022,69,1.98,321,3.09,,0,d,23,Avignon,43.9636478,4.9424636
800,Clear,ciel dégagé,01d,2025-12-28 12:00:00,2025-12-28 12:00:00,10000,0,11.92,10.66,11.92,11.92,1021,57,2.51,330,2.92,,0,d,23,Avignon,43.9636478,4.9424636
800,Clear,ciel dégagé,01d,2025-12-28 15:00:00,2025-12-28 15:00:00,10000,0,8.77,7.67,8.77,8.77,1019,65,2.11,324,3.04,,0,d,23,Avignon,43.9636478,4.9424636
800,Clear,ciel dégagé,01n,2025-12-28 18:00:00,2025-12-28 18:00:00,10000,0,4.79,3.93,4.79,4.79,1020,77,1.34,337,1.18,,0,n,23,Avignon,43.9636478,4.9424636
800,Clear,ciel dégagé,01n,2025-12-28 21:00:00,2025-12-28 21:00:00,10000,0,4.11,3.1,4.11,4.11,1021,80,1.38,346,1.2,,0,n,23,Avignon,43.9636478,4.9424636
800,Clear,ciel dégagé,01n,2025-12-29 00:00:00,2025-12-29 00:00:00,10000,0,3.55,3.55,3.55,3.55,1022,74,1.21,342,1.08,,0,n,23,Avignon,43.9636478,4.9424636
800,Clear,ciel dégagé,01n,2025-12-29 03:00:00,2025-12-29 03:00:00,10000,0,2.94,1.6,2.94,2.94,1022,70,1.5,355,1.38,,0,n,23,Avignon,43.9636478,4.9424636
800,Clear,ciel dégagé,01n,2025-12-29 06:00:00,2025-12-29 06:00:00,10000,0,2.76,2.76,2.76,2.76,1021,64,1.26,349,1.1,,0,n,23,Avignon,43.9636478,4.9424636
800,Clear,ciel dégagé,01d,2025-12-29 09:00:00,2025-12-29 09:00:00,10000,0,5.02,5.02,5.02,5.02,1021,60,1.19,318,1.36,,0,d,23,Avignon,43.9636478,4.9424636
800,Clear,ciel dégagé,01d,2025-12-29 12:00:00,2025-12-29 12:00:00,10000,0,9.53,9.09,9.53,9.53,1019,48,1.52,345,1.61,,0,d,23,Avignon,43.9636478,4.9424636
800,Clear,ciel dégagé,01d,2025-12-29 15:00:00,2025-12-29 15:00:00,10000,0,9.16,8.58,9.16,9.16,1018,58,1.61,319,1.75,,0,d,23,Avignon,43.9636478,4.9424636
800,Clear,ciel dégagé,01n,2025-12-29 18:00:00,2025-12-29 18:00:00,10000,0,5.57,5.57,5.57,5.57,1017,66,1.33,331,1.26,,0,n,23,Avignon,43.9636478,4.9424636
800,Clear,ciel dégagé,01n,2025-12-29 21:00:00,2025-12-29 21:00:00,10000,0,3.74,2.34,3.74,3.74,1017,74,1.63,316,1.91,,0,n,23,Avignon,43.9636478,4.9424636
800,Clear,ciel dégagé,01n,2025-12-30 00:00:00,2025-12-30 00:00:00,10000,0,2.17,-0.54,2.17,2.17,1016,76,2.59,331,4.85,,0,n,23,Avignon,43.9636478,4.9424636
800,Clear,ciel dégagé,01n,2025-12-30 03:00:00,2025-12-30 03:00:00,10000,0,2.16,-2.05,2.16,2.16,1015,73,4.69,341,10.17,,0,n,23,Avignon,43.9636478,4.9424636
800,Clear,ciel dégagé,01n,2025-12-30 06:00:00,2025-12-30 06:00:00,10000,0,3.22,-2.22,3.22,3.22,1014,67,8.23,344,15.57,,0,n,23,Avignon,43.9636478,4.9424636
800,Clear,ciel dégagé,01d,2025-12-30 09:00:00,2025-12-30 09:00:00,10000,0,3.55,-2.17,3.55,3.55,1013,66,9.45,340,15.52,,1,d,23,Avignon,43.9636478,4.9424636
800,Clear,ciel dégagé,01d,2025-12-30 12:00:00,2025-12-30 12:00:00,10000,0,5.3,-0.35,5.3,5.3,1012,58,11.33,340,15.22,,1,d,23,Avignon,43.9636478,4.9424636
800,Clear,ciel dégagé,01d,2025-12-30 15:00:00,2025-12-30 15:00:00,10000,0,4.88,-0.95,4.88,4.88,1011,61,11.5,343,16.3,,0,d,23,Avignon,43.9636478,4.9424636
800,Clear,ciel dégagé,01n,2025-12-30 18:00:00,2025-12-30 18:00:00,10000,0,2.59,-3.38,2.59,2.59,1012,70,9.27,349,14.36,,1,n,23,Avignon,43.9636478,4.9424636
800,Clear,ciel dégagé,01n,2025-12-30 21:00:00,2025-12-30 21:00:00,10000,0,1.4,-4.29,1.4,1.4,1014,73,7.43,352,11.97,,1,n,23,Avignon,43.9636478,4.9424636
800,Clear,ciel dégagé,01n,2025-12-31 00:00:00,2025-12-31 00:00:00,10000,0,0.31,-5.06,0.31,0.31,1016,75,6.01,349,9.45,,3,n,23,Avignon,43.9636478,4.9424636
803,Clouds,nuageux,04n,2025-12-31 03:00:00,2025-12-31 03:00:00,10000,0,1.28,-3.6,1.28,1.28,1018,69,5.54,339,8.61,,81,n,23,Avignon,43.9636478,4.9424636
804,Clouds,couvert,04n,2025-12-31 06:00:00,2025-12-31 06:00:00,10000,0,0.91,-4.25,0.91,0.91,1019,67,5.9,340,8.85,,90,n,23,Avignon,43.9636478,4.9424636
802,Clouds,partiellement nuageux,03d,2025-12-31 09:00:00,2025-12-31 09:00:00,10000,0,1.13,-3.4,1.13,1.13,1021,63,4.81,335,6.61,,31,d,23,Avignon,43.9636478,4.9424636
801,Clouds,peu nuageux,02d,2025-12-31 12:00:00,2025-12-31 12:00:00,10000,0,5.44,2.05,5.44,5.44,1020,52,4.66,339,5.23,,19,d,23,Avignon,43.9636478,4.9424636
800,Clear,ciel dégagé,01d,2025-12-31 15:00:00,2025-12-31 15:00:00,10000,0,4.48,0.44,4.48,4.48,1021,54,5.52,341,8.08,,0,d,23,Avignon,43.9636478,4.9424636
800,Clear,ciel dégagé,01n,2025-12-31 18:00:00,2025-12-31 18:00:00,10000,0,0.86,-3.64,0.86,0.86,1022,58,4.66,350,7.32,,3,n,23,Avignon,43.9636478,4.9424636
800,Clear,ciel dégagé,01n,2025-12-31 21:00:00,2025-12-31 21:00:00,10000,0,-0.01,-3.97,-0.01,-0.01,1023,59,3.56,340,5.71,,1,n,23,Avignon,43.9636478,4.9424636
800,Clear,ciel dégagé,01n,2026-01-01 00:00:00,2026-01-01 00:00:00,10000,0,0,-3.16,0,0,1023,59,2.64,338,4.05,,1,n,23,Avignon,43.9636478,4.9424636
802,Clouds,partiellement nuageux,03n,2026-01-01 03:00:00,2026-01-01 03:00:00,10000,0,-0.43,-2.98,-0.43,-0.43,1023,59,2.02,328,2.65,,27,n,23,Avignon,43.9636478,4.9424636
801,Clouds,peu nuageux,02n,2026-01-01 06:00:00,2026-01-01 06:00:00,10000,0,-1.2,-3.54,-1.2,-1.2,1023,59,1.77,318,1.78,,16,n,23,Avignon,43.9636478,4.9424636
800,Clear,ciel dégagé,01d,2026-01-01 09:00:00,2026-01-01 09:00:00,10000,0,1.39,-0.01,1.39,1.39,1023,57,1.4,322,1.12,,9,d,23,Avignon,43.9636478,4.9424636
801,Clouds,peu nuageux,02d,2026-01-01 12:00:00,2026-01-01 12:00:00,10000,0,6.06,6.06,6.06,6.06,1021,58,0.33,226,1.59,,11,d,23,Avignon,43.9636478,4.9424636
804,Clouds,couvert,04d,2026-01-01 15:00:00,2026-01-01 15:00:00,10000,0,7.23,7.23,7.23,7.23,1019,67,0.97,167,1.42,,92,d,23,Avignon,43.9636478,4.9424636
804,Clouds,couvert,04n,2026-01-01 18:00:00,2026-01-01 18:00:00,10000,0,6.24,5.34,6.24,6.24,1017,71,1.52,107,2.08,,96,n,23,Avignon,43.9636478,4.9424636
804,Clouds,couvert,04n,2026-01-01 21:00:00,2026-01-01 21:00:00,10000,0,6.43,5.53,6.43,6.43,1016,71,1.54,83,2.2,,100,n,23,Avignon,43.9636478,4.9424636
800,Clear,ciel dégagé,01n,2025-12-28 00:00:00,2025-12-28 00:00:00,10000,0,4.03,1.14,4.03,4.09,1025,83,3.28,8,6.52,,1,n,24,Uzes,44.0121279,4.4196718
800,Clear,ciel dégagé,01n,2025-12-28 03:00:00,2025-12-28 03:00:00,10000,0,3.63,0.68,3.44,3.63,1024,80,3.24,4,6.32,,0,n,24,Uzes,44.0121279,4.4196718
800,Clear,ciel dégagé,01n,2025-12-28 06:00:00,2025-12-28 06:00:00,10000,0,3.66,0.6,3.66,3.66,1022,75,3.41,3,6.97,,0,n,24,Uzes,44.0121279,4.4196718
800,Clear,ciel dégagé,01d,2025-12-28 09:00:00,2025-12-28 09:00:00,10000,0,5.55,3.24,5.55,5.55,1022,69,2.9,358,7.64,,0,d,24,Uzes,44.0121279,4.4196718
800,Clear,ciel dégagé,01d,2025-12-28 12:00:00,2025-12-28 12:00:00,10000,0,11.37,9.92,11.37,11.37,1021,52,3.66,7,5.53,,0,d,24,Uzes,44.0121279,4.4196718
800,Clear,ciel dégagé,01d,2025-12-28 15:00:00,2025-12-28 15:00:00,10000,0,9.28,7.76,9.28,9.28,1020,63,2.81,16,5.5,,0,d,24,Uzes,44.0121279,4.4196718
800,Clear,ciel dégagé,01n,2025-12-28 18:00:00,2025-12-28 18:00:00,10000,0,5.18,3.06,5.18,5.18,1021,69,2.57,357,2.27,,1,n,24,Uzes,44.0121279,4.4196718
800,Clear,ciel dégagé,01n,2025-12-28 21:00:00,2025-12-28 21:00:00,10000,0,4.17,1.86,4.17,4.17,1022,69,2.57,6,2.51,,0,n,24,Uzes,44.0121279,4.4196718
800,Clear,ciel dégagé,01n,2025-12-29 00:00:00,2025-12-29 00:00:00,10000,0,3.45,1.5,3.45,3.45,1022,68,2.06,359,1.85,,0,n,24,Uzes,44.0121279,4.4196718
800,Clear,ciel dégagé,01n,2025-12-29 03:00:00,2025-12-29 03:00:00,10000,0,3.09,1.06,3.09,3.09,1022,67,2.08,13,1.82,,0,n,24,Uzes,44.0121279,4.4196718
800,Clear,ciel dégagé,01n,2025-12-29 06:00:00,2025-12-29 06:00:00,10000,0,2.84,0.85,2.84,2.84,1021,68,2,11,1.74,,0,n,24,Uzes,44.0121279,4.4196718
800,Clear,ciel dégagé,01d,2025-12-29 09:00:00,2025-12-29 09:00:00,10000,0,5.73,5.73,5.73,5.73,1021,62,1.27,352,1.39,,0,d,24,Uzes,44.0121279,4.4196718
800,Clear,ciel dégagé,01d,2025-12-29 12:00:00,2025-12-29 12:00:00,10000,0,10.25,8.74,10.25,10.25,1019,54,1,36,0.64,,0,d,24,Uzes,44.0121279,4.4196718
800,Clear,ciel dégagé,01d,2025-12-29 15:00:00,2025-12-29 15:00:00,10000,0,9.96,9.96,9.96,9.96,1018,65,0.93,41,0.88,,0,d,24,Uzes,44.0121279,4.4196718
800,Clear,ciel dégagé,01n,2025-12-29 18:00:00,2025-12-29 18:00:00,10000,0,6.25,5.31,6.25,6.25,1018,76,1.55,339,1.53,,0,n,24,Uzes,44.0121279,4.4196718
800,Clear,ciel dégagé,01n,2025-12-29 21:00:00,2025-12-29 21:00:00,10000,0,4.93,3.24,4.93,4.93,1017,73,2.05,347,1.74,,1,n,24,Uzes,44.0121279,4.4196718
800,Clear,ciel dégagé,01n,2025-12-30 00:00:00,2025-12-30 00:00:00,10000,0,4.04,1.41,4.04,4.04,1017,71,2.93,0,3.58,,0,n,24,Uzes,44.0121279,4.4196718
800,Clear,ciel dégagé,01n,2025-12-30 03:00:00,2025-12-30 03:00:00,10000,0,2.6,-1.03,2.6,2.6,1016,74,3.91,3,8.07,,0,n,24,Uzes,44.0121279,4.4196718
800,Clear,ciel dégagé,01n,2025-12-30 06:00:00,2025-12-30 06:00:00,10000,0,1.19,-3.46,1.19,1.19,1015,81,5.05,3,11.07,,0,n,24,Uzes,44.0121279,4.4196718
800,Clear,ciel dégagé,01d,2025-12-30 09:00:00,2025-12-30 09:00:00,10000,0,2.49,-1.77,2.49,2.49,1015,76,4.93,8,9.74,,0,d,24,Uzes,44.0121279,4.4196718
800,Clear,ciel dégagé,01d,2025-12-30 12:00:00,2025-12-30 12:00:00,10000,0,6.78,2.74,6.78,6.78,1014,57,7.19,12,11.94,,0,d,24,Uzes,44.0121279,4.4196718
800,Clear,ciel dégagé,01d,2025-12-30 15:00:00,2025-12-30 15:00:00,10000,0,6.31,1.67,6.31,6.31,1013,58,8.72,19,14.21,,0,d,24,Uzes,44.0121279,4.4196718
800,Clear,ciel dégagé,01n,2025-12-30 18:00:00,2025-12-30 18:00:00,10000,0,3.6,-1.77,3.6,3.6,1014,61,8.38,16,14.9,,0,n,24,Uzes,44.0121279,4.4196718
800,Clear,ciel dégagé,01n,2025-12-30 21:00:00,2025-12-30 21:00:00,10000,0,2.37,-3.73,2.37,2.37,1016,63,9.46,12,17.32,,2,n,24,Uzes,44.0121279,4.4196718
800,Clear,ciel dégagé,01n,2025-12-31 00:00:00,2025-12-31 00:00:00,10000,0,1.05,-5.15,1.05,1.05,1018,66,8.52,8,17.02,,2,n,24,Uzes,44.0121279,4.4196718
800,Clear,ciel dégagé,01n,2025-12-31 03:00:00,2025-12-31 03:00:00,10000,0,0.48,-5.66,0.48,0.48,1019,65,7.9,6,15.56,,0,n,24,Uzes,44.0121279,4.4196718
800,Clear,ciel dégagé,01n,2025-12-31 06:00:00,2025-12-31 06:00:00,10000,0,0.06,-6.29,0.06,0.06,1020,63,8.11,8,17.03,,7,n,24,Uzes,44.0121279,4.4196718
800,Clear,ciel dégagé,01d,2025-12-31 09:00:00,2025-12-31 09:00:00,10000,0,1.13,-4.58,1.13,1.13,1022,54,7.28,6,16.02,,1,d,24,Uzes,44.0121279,4.4196718
800,Clear,ciel dégagé,01d,2025-12-31 12:00:00,2025-12-31 12:00:00,10000,0,3.97,-1.53,3.97,3.97,1022,42,9.16,10,14.23,,1,d,24,Uzes,44.0121279,4.4196718
800,Clear,ciel dégagé,01d,2025-12-31 15:00:00,2025-12-31 15:00:00,10000,0,3.14,-2.31,3.14,3.14,1022,43,8.19,15,15.65,,1,d,24,Uzes,44.0121279,4.4196718
800,Clear,ciel dégagé,01n,2025-12-31 18:00:00,2025-12-31 18:00:00,10000,0,0.74,-4.77,0.74,0.74,1023,47,6.56,7,14.27,,0,n,24,Uzes,44.0121279,4.4196718
800,Clear,ciel dégagé,01n,2025-12-31 21:00:00,2025-12-31 21:00:00,10000,0,-0.37,-5.65,-0.37,-0.37,1024,52,5.49,2,12.48,,1,n,24,Uzes,44.0121279,4.4196718
800,Clear,ciel dégagé,01n,2026-01-01 00:00:00,2026-01-01 00:00:00,10000,0,-0.78,-5.42,-0.78,-0.78,1024,52,4.25,356,10.16,,1,n,24,Uzes,44.0121279,4.4196718
800,Clear,ciel dégagé,01n,2026-01-01 03:00:00,2026-01-01 03:00:00,10000,0,-1.22,-5.26,-1.22,-1.22,1023,51,3.33,346,7.32,,3,n,24,Uzes,44.0121279,4.4196718
800,Clear,ciel dégagé,01n,2026-01-01 06:00:00,2026-01-01 06:00:00,10000,0,-1.26,-4.64,-1.26,-1.26,1023,49,2.62,346,3.83,,6,n,24,Uzes,44.0121279,4.4196718
800,Clear,ciel dégagé,01d,2026-01-01 09:00:00,2026-01-01 09:00:00,10000,0,1.44,-0.52,1.44,1.44,1023,40,1.79,9,2.6,,8,d,24,Uzes,44.0121279,4.4196718
801,Clouds,peu nuageux,02d,2026-01-01 12:00:00,2026-01-01 12:00:00,10000,0,5.74,5.74,5.74,5.74,1021,44,1.14,85,1.1,,21,d,24,Uzes,44.0121279,4.4196718
804,Clouds,couvert,04d,2026-01-01 15:00:00,2026-01-01 15:00:00,10000,0,5.08,5.08,5.08,5.08,1019,68,1.29,107,1.22,,97,d,24,Uzes,44.0121279,4.4196718
804,Clouds,couvert,04n,2026-01-01 18:00:00,2026-01-01 18:00:00,10000,0,3.98,2.77,3.98,3.98,1017,73,1.51,23,1.48,,99,n,24,Uzes,44.0121279,4.4196718
804,Clouds,couvert,04n,2026-01-01 21:00:00,2026-01-01 21:00:00,10000,0,3.96,1.81,3.96,3.96,1016,70,2.35,8,3.27,,100,n,24,Uzes,44.0121279,4.4196718
800,Clear,ciel dégagé,01n,2025-12-28 00:00:00,2025-12-28 00:00:00,10000,0,3.4,0.42,3.4,3.49,1024,82,3.21,12,6.63,,0,n,25,Nimes,43.9023189,4.3905257
800,Clear,ciel dégagé,01n,2025-12-28 03:00:00,2025-12-28 03:00:00,10000,0,2.92,-0.27,2.7,2.92,1024,77,3.37,10,7.27,,0,n,25,Nimes,43.9023189,4.3905257
800,Clear,ciel dégagé,01n,2025-12-28 06:00:00,2025-12-28 06:00:00,10000,0,2.97,-0.21,2.97,2.97,1022,71,3.36,9,7.56,,0,n,25,Nimes,43.9023189,4.3905257
800,Clear,ciel dégagé,01d,2025-12-28 09:00:00,2025-12-28 09:00:00,10000,0,5.08,2.9,5.08,5.08,1022,65,2.61,359,7.05,,0,d,25,Nimes,43.9023189,4.3905257
800,Clear,ciel dégagé,01d,2025-12-28 12:00:00,2025-12-28 12:00:00,10000,0,11.07,9.49,11.07,11.07,1021,48,3.19,7,5.15,,0,d,25,Nimes,43.9023189,4.3905257
800,Clear,ciel dégagé,01d,2025-12-28 15:00:00,2025-12-28 15:00:00,10000,0,9.42,8.16,9.42,9.42,1020,59,2.46,23,4.16,,0,d,25,Nimes,43.9023189,4.3905257
800,Clear,ciel dégagé,01n,2025-12-28 18:00:00,2025-12-28 18:00:00,10000,0,5.57,3.64,5.57,5.57,1020,65,2.42,4,2.55,,2,n,25,Nimes,43.9023189,4.3905257
800,Clear,ciel dégagé,01n,2025-12-28 21:00:00,2025-12-28 21:00:00,10000,0,4.3,2.17,4.3,4.3,1021,65,2.39,7,2.59,,1,n,25,Nimes,43.9023189,4.3905257
800,Clear,ciel dégagé,01n,2025-12-29 00:00:00,2025-12-29 00:00:00,10000,0,3.52,1.5,3.52,3.52,1022,64,2.14,5,2.11,,0,n,25,Nimes,43.9023189,4.3905257
800,Clear,ciel dégagé,01n,2025-12-29 03:00:00,2025-12-29 03:00:00,10000,0,3.09,0.78,3.09,3.09,1021,64,2.35,17,2.51,,0,n,25,Nimes,43.9023189,4.3905257
800,Clear,ciel dégagé,01n,2025-12-29 06:00:00,2025-12-29 06:00:00,10000,0,2.76,0.42,2.76,2.76,1021,65,2.32,17,2.47,,0,n,25,Nimes,43.9023189,4.3905257
800,Clear,ciel dégagé,01d,2025-12-29 09:00:00,2025-12-29 09:00:00,10000,0,5.26,4.36,5.26,5.26,1021,61,1.41,2,1.85,,0,d,25,Nimes,43.9023189,4.3905257
800,Clear,ciel dégagé,01d,2025-12-29 12:00:00,2025-12-29 12:00:00,10000,0,9.82,9.82,9.82,9.82,1019,52,0.73,24,0.46,,0,d,25,Nimes,43.9023189,4.3905257
800,Clear,ciel dégagé,01d,2025-12-29 15:00:00,2025-12-29 15:00:00,10000,0,9.66,9.66,9.66,9.66,1018,62,1.08,47,1.1,,2,d,25,Nimes,43.9023189,4.3905257
800,Clear,ciel dégagé,01n,2025-12-29 18:00:00,2025-12-29 18:00:00,10000,0,6.33,5.62,6.33,6.33,1017,74,1.38,336,1.34,,2,n,25,Nimes,43.9023189,4.3905257
800,Clear,ciel dégagé,01n,2025-12-29 21:00:00,2025-12-29 21:00:00,10000,0,5.1,3.59,5.1,5.1,1017,75,1.9,354,1.74,,1,n,25,Nimes,43.9023189,4.3905257
800,Clear,ciel dégagé,01n,2025-12-30 00:00:00,2025-12-30 00:00:00,10000,0,4.19,1.94,4.19,4.19,1016,73,2.5,358,2.69,,0,n,25,Nimes,43.9023189,4.3905257
800,Clear,ciel dégagé,01n,2025-12-30 03:00:00,2025-12-30 03:00:00,10000,0,2.8,-0.22,2.8,2.8,1016,73,3.11,359,6.04,,0,n,25,Nimes,43.9023189,4.3905257
800,Clear,ciel dégagé,01n,2025-12-30 06:00:00,2025-12-30 06:00:00,10000,0,1.55,-2.39,1.55,1.55,1015,76,4.02,359,9.08,,0,n,25,Nimes,43.9023189,4.3905257
800,Clear,ciel dégagé,01d,2025-12-30 09:00:00,2025-12-30 09:00:00,10000,0,2.77,-1,2.77,2.77,1015,72,4.19,8,9.34,,2,d,25,Nimes,43.9023189,4.3905257
800,Clear,ciel dégagé,01d,2025-12-30 12:00:00,2025-12-30 12:00:00,10000,0,6.71,2.88,6.71,6.71,1014,55,6.5,11,10.3,,1,d,25,Nimes,43.9023189,4.3905257
800,Clear,ciel dégagé,01d,2025-12-30 15:00:00,2025-12-30 15:00:00,10000,0,6.5,2.34,6.5,6.5,1013,54,7.31,18,12.32,,0,d,25,Nimes,43.9023189,4.3905257
800,Clear,ciel dégagé,01n,2025-12-30 18:00:00,2025-12-30 18:00:00,10000,0,3.48,-1.32,3.48,3.48,1014,59,6.68,9,12.37,,0,n,25,Nimes,43.9023189,4.3905257
800,Clear,ciel dégagé,01n,2025-12-30 21:00:00,2025-12-30 21:00:00,10000,0,2.24,-3.47,2.24,2.24,1016,59,8.15,8,16.22,,1,n,25,Nimes,43.9023189,4.3905257
800,Clear,ciel dégagé,01n,2025-12-31 00:00:00,2025-12-31 00:00:00,10000,0,0.82,-4.88,0.82,0.82,1018,63,7.04,4,15.34,,1,n,25,Nimes,43.9023189,4.3905257
800,Clear,ciel dégagé,01n,2025-12-31 03:00:00,2025-12-31 03:00:00,10000,0,0.38,-5.57,0.38,0.38,1019,62,7.35,4,15.92,,6,n,25,Nimes,43.9023189,4.3905257
801,Clouds,peu nuageux,02n,2025-12-31 06:00:00,2025-12-31 06:00:00,10000,0,0.1,-6.24,0.1,0.1,1020,58,8.11,7,17.56,,20,n,25,Nimes,43.9023189,4.3905257
800,Clear,ciel dégagé,01d,2025-12-31 09:00:00,2025-12-31 09:00:00,10000,0,0.97,-4.56,0.97,0.97,1022,52,6.75,4,15.28,,0,d,25,Nimes,43.9023189,4.3905257
800,Clear,ciel dégagé,01d,2025-12-31 12:00:00,2025-12-31 12:00:00,10000,0,4.01,-1.23,4.01,4.01,1022,38,8.34,6,13.17,,0,d,25,Nimes,43.9023189,4.3905257
800,Clear,ciel dégagé,01d,2025-12-31 15:00:00,2025-12-31 15:00:00,10000,0,3.32,-1.68,3.32,3.32,1022,40,7.09,15,14.95,,2,d,25,Nimes,43.9023189,4.3905257
800,Clear,ciel dégagé,01n,2025-12-31 18:00:00,2025-12-31 18:00:00,10000,0,0.61,-4.57,0.61,0.61,1023,44,5.78,5,13.61,,1,n,25,Nimes,43.9023189,4.3905257
800,Clear,ciel dégagé,01n,2025-12-31 21:00:00,2025-12-31 21:00:00,10000,0,-0.35,-5.28,-0.35,-0.35,1024,48,4.88,3,12.24,,0,n,25,Nimes,43.9023189,4.3905257
800,Clear,ciel dégagé,01n,2026-01-01 00:00:00,2026-01-01 00:00:00,10000,0,-0.97,-5.28,-0.97,-0.97,1023,49,3.73,352,9.43,,0,n,25,Nimes,43.9023189,4.3905257
800,Clear,ciel dégagé,01n,2026-01-01 03:00:00,2026-01-01 03:00:00,10000,0,-1.41,-5.2,-1.41,-1.41,1023,49,3.01,345,6.51,,1,n,25,Nimes,43.9023189,4.3905257
800,Clear,ciel dégagé,01n,2026-01-01 06:00:00,2026-01-01 06:00:00,10000,0,-1.5,-4.71,-1.5,-1.5,1023,46,2.42,349,3.63,,4,n,25,Nimes,43.9023189,4.3905257
800,Clear,ciel dégagé,01d,2026-01-01 09:00:00,2026-01-01 09:00:00,10000,0,1.03,-1.01,1.03,1.03,1023,39,1.8,8,2.85,,6,d,25,Nimes,43.9023189,4.3905257
801,Clouds,peu nuageux,02d,2026-01-01 12:00:00,2026-01-01 12:00:00,10000,0,5.2,4.36,5.2,5.2,1021,39,1.36,57,1.3,,22,d,25,Nimes,43.9023189,4.3905257
804,Clouds,couvert,04d,2026-01-01 15:00:00,2026-01-01 15:00:00,10000,0,4.76,3.85,4.76,4.76,1019,64,1.37,93,1.43,,100,d,25,Nimes,43.9023189,4.3905257
804,Clouds,couvert,04n,2026-01-01 18:00:00,2026-01-01 18:00:00,10000,0,3.69,1.43,3.69,3.69,1017,72,2.41,24,3.04,,100,n,25,Nimes,43.9023189,4.3905257
804,Clouds,couvert,04n,2026-01-01 21:00:00,2026-01-01 21:00:00,10000,0,3.07,-0.08,3.07,3.07,1016,71,3.36,11,5.07,,100,n,25,Nimes,43.9023189,4.3905257
800,Clear,ciel dégagé,01n,2025-12-28 00:00:00,2025-12-28 00:00:00,10000,0,5.95,2.27,5.88,5.95,1024,71,5.58,32,8.11,,9,n,26,Aigues Mortes,43.5661521,4.1915400
800,Clear,ciel dégagé,01n,2025-12-28 03:00:00,2025-12-28 03:00:00,10000,0,5.35,1.36,5.04,5.35,1023,71,5.95,33,8.97,,2,n,26,Aigues Mortes,43.5661521,4.1915400
800,Clear,ciel dégagé,01n,2025-12-28 06:00:00,2025-12-28 06:00:00,10000,0,4.86,0.89,4.86,4.86,1022,68,5.6,31,9.04,,2,n,26,Aigues Mortes,43.5661521,4.1915400
800,Clear,ciel dégagé,01d,2025-12-28 09:00:00,2025-12-28 09:00:00,10000,0,6.72,3.86,6.72,6.72,1022,63,4.22,26,6.87,,0,d,26,Aigues Mortes,43.5661521,4.1915400
800,Clear,ciel dégagé,01d,2025-12-28 12:00:00,2025-12-28 12:00:00,10000,0,12.66,11.31,12.66,12.66,1021,51,3.25,15,4.1,,0,d,26,Aigues Mortes,43.5661521,4.1915400
800,Clear,ciel dégagé,01d,2025-12-28 15:00:00,2025-12-28 15:00:00,10000,0,11.93,10.54,11.93,11.93,1019,52,0.98,18,1.08,,0,d,26,Aigues Mortes,43.5661521,4.1915400
800,Clear,ciel dégagé,01n,2025-12-28 18:00:00,2025-12-28 18:00:00,10000,0,9.57,8.56,9.57,9.57,1020,60,2.16,25,2.01,,1,n,26,Aigues Mortes,43.5661521,4.1915400
800,Clear,ciel dégagé,01n,2025-12-28 21:00:00,2025-12-28 21:00:00,10000,0,8.45,6.71,8.45,8.45,1021,62,2.91,15,3.05,,6,n,26,Aigues Mortes,43.5661521,4.1915400
800,Clear,ciel dégagé,01n,2025-12-29 00:00:00,2025-12-29 00:00:00,10000,0,7.21,4.51,7.21,7.21,1021,63,4.12,26,5.18,,7,n,26,Aigues Mortes,43.5661521,4.1915400
800,Clear,ciel dégagé,01n,2025-12-29 03:00:00,2025-12-29 03:00:00,10000,0,6.56,3.67,6.56,6.56,1021,66,4.2,27,5.33,,9,n,26,Aigues Mortes,43.5661521,4.1915400
801,Clouds,peu nuageux,02n,2025-12-29 06:00:00,2025-12-29 06:00:00,10000,0,6.17,3.09,6.17,6.17,1020,66,4.4,28,5.63,,11,n,26,Aigues Mortes,43.5661521,4.1915400
800,Clear,ciel dégagé,01d,2025-12-29 09:00:00,2025-12-29 09:00:00,10000,0,7.5,5.19,7.5,7.5,1021,62,3.53,23,4.36,,7,d,26,Aigues Mortes,43.5661521,4.1915400
800,Clear,ciel dégagé,01d,2025-12-29 12:00:00,2025-12-29 12:00:00,10000,0,10.68,9.21,10.68,10.68,1019,54,1.47,307,1.95,,7,d,26,Aigues Mortes,43.5661521,4.1915400
800,Clear,ciel dégagé,01d,2025-12-29 15:00:00,2025-12-29 15:00:00,10000,0,11.3,10,11.3,11.3,1017,58,0.62,50,1.09,,1,d,26,Aigues Mortes,43.5661521,4.1915400
800,Clear,ciel dégagé,01n,2025-12-29 18:00:00,2025-12-29 18:00:00,10000,0,10.54,9.4,10.54,10.54,1017,67,1.28,298,2.05,,2,n,26,Aigues Mortes,43.5661521,4.1915400
800,Clear,ciel dégagé,01n,2025-12-29 21:00:00,2025-12-29 21:00:00,10000,0,9.26,8.03,9.26,9.26,1017,74,2.39,13,2.12,,7,n,26,Aigues Mortes,43.5661521,4.1915400
800,Clear,ciel dégagé,01n,2025-12-30 00:00:00,2025-12-30 00:00:00,10000,0,8.2,6.53,8.2,8.2,1016,76,2.73,5,3.18,,5,n,26,Aigues Mortes,43.5661521,4.1915400
800,Clear,ciel dégagé,01n,2025-12-30 03:00:00,2025-12-30 03:00:00,10000,0,7.44,5.78,7.44,7.44,1015,75,2.51,10,2.73,,0,n,26,Aigues Mortes,43.5661521,4.1915400
800,Clear,ciel dégagé,01n,2025-12-30 06:00:00,2025-12-30 06:00:00,10000,0,5.95,3.54,5.95,5.95,1015,72,3.16,25,3.7,,0,n,26,Aigues Mortes,43.5661521,4.1915400
800,Clear,ciel dégagé,01d,2025-12-30 09:00:00,2025-12-30 09:00:00,10000,0,6.57,4.3,6.57,6.57,1015,73,3.13,350,4.12,,4,d,26,Aigues Mortes,43.5661521,4.1915400
800,Clear,ciel dégagé,01d,2025-12-30 12:00:00,2025-12-30 12:00:00,10000,0,9.38,7.17,9.38,9.38,1013,60,4.15,349,5.66,,3,d,26,Aigues Mortes,43.5661521,4.1915400
800,Clear,ciel dégagé,01d,2025-12-30 15:00:00,2025-12-30 15:00:00,10000,0,9.5,6.9,9.5,9.5,1012,52,5.16,30,7.67,,0,d,26,Aigues Mortes,43.5661521,4.1915400
800,Clear,ciel dégagé,01n,2025-12-30 18:00:00,2025-12-30 18:00:00,10000,0,6.75,3.26,6.75,6.75,1014,60,5.62,16,9.5,,0,n,26,Aigues Mortes,43.5661521,4.1915400
800,Clear,ciel dégagé,01n,2025-12-30 21:00:00,2025-12-30 21:00:00,10000,0,5.52,1.58,5.52,5.52,1016,59,5.94,2,10.29,,0,n,26,Aigues Mortes,43.5661521,4.1915400
800,Clear,ciel dégagé,01n,2025-12-31 00:00:00,2025-12-31 00:00:00,10000,0,4.26,-0.58,4.26,4.26,1017,61,7.38,11,12.05,,0,n,26,Aigues Mortes,43.5661521,4.1915400
800,Clear,ciel dégagé,01n,2025-12-31 03:00:00,2025-12-31 03:00:00,10000,0,3.54,-1.71,3.54,3.54,1019,61,7.97,2,13.84,,0,n,26,Aigues Mortes,43.5661521,4.1915400
802,Clouds,partiellement nuageux,03n,2025-12-31 06:00:00,2025-12-31 06:00:00,10000,0,3.36,-2.09,3.36,3.36,1020,59,8.4,1,13.27,,35,n,26,Aigues Mortes,43.5661521,4.1915400
802,Clouds,partiellement nuageux,03d,2025-12-31 09:00:00,2025-12-31 09:00:00,10000,0,3.62,-1.56,3.62,3.62,1021,55,7.83,0,13.38,,34,d,26,Aigues Mortes,43.5661521,4.1915400
801,Clouds,peu nuageux,02d,2025-12-31 12:00:00,2025-12-31 12:00:00,10000,0,6.25,2.16,6.25,6.25,1022,43,6.89,4,10.12,,18,d,26,Aigues Mortes,43.5661521,4.1915400
800,Clear,ciel dégagé,01d,2025-12-31 15:00:00,2025-12-31 15:00:00,10000,0,6.67,3.24,6.67,6.67,1022,43,5.44,12,9.05,,0,d,26,Aigues Mortes,43.5661521,4.1915400
800,Clear,ciel dégagé,01n,2025-12-31 18:00:00,2025-12-31 18:00:00,10000,0,4.05,-0.3,4.05,4.05,1023,46,5.98,12,11.93,,0,n,26,Aigues Mortes,43.5661521,4.1915400
800,Clear,ciel dégagé,01n,2025-12-31 21:00:00,2025-12-31 21:00:00,10000,0,3.19,-1.41,3.19,3.19,1024,50,6.01,11,11.83,,0,n,26,Aigues Mortes,43.5661521,4.1915400
800,Clear,ciel dégagé,01n,2026-01-01 00:00:00,2026-01-01 00:00:00,10000,0,2.18,-2.06,2.18,2.18,1023,52,4.77,5,8.55,,0,n,26,Aigues Mortes,43.5661521,4.1915400
800,Clear,ciel dégagé,01n,2026-01-01 03:00:00,2026-01-01 03:00:00,10000,0,2.34,-1.6,2.34,2.34,1023,49,4.31,3,6.42,,0,n,26,Aigues Mortes,43.5661521,4.1915400
800,Clear,ciel dégagé,01n,2026-01-01 06:00:00,2026-01-01 06:00:00,10000,0,2.24,-1.31,2.24,2.24,1023,47,3.66,11,4.52,,2,n,26,Aigues Mortes,43.5661521,4.1915400
800,Clear,ciel dégagé,01d,2026-01-01 09:00:00,2026-01-01 09:00:00,10000,0,3.28,0,3.28,3.28,1022,45,3.6,29,4.35,,3,d,26,Aigues Mortes,43.5661521,4.1915400
802,Clouds,partiellement nuageux,03d,2026-01-01 12:00:00,2026-01-01 12:00:00,10000,0,6.44,4.03,6.44,6.44,1021,41,3.31,39,3.24,,33,d,26,Aigues Mortes,43.5661521,4.1915400
804,Clouds,couvert,04d,2026-01-01 15:00:00,2026-01-01 15:00:00,10000,0,7.06,4.48,7.06,7.06,1018,62,3.84,78,4.91,,99,d,26,Aigues Mortes,43.5661521,4.1915400
804,Clouds,couvert,04n,2026-01-01 18:00:00,2026-01-01 18:00:00,10000,0,7.19,4.11,7.19,7.19,1016,75,4.93,28,6.66,,95,n,26,Aigues Mortes,43.5661521,4.1915400
804,Clouds,couvert,04n,2026-01-01 21:00:00,2026-01-01 21:00:00,10000,0,6.69,4.2,6.69,6.69,1015,76,3.53,21,4.42,,100,n,26,Aigues Mortes,43.5661521,4.1915400
802,Clouds,partiellement nuageux,03n,2025-12-28 00:00:00,2025-12-28 00:00:00,10000,0,9.27,6.64,8.68,9.27,1024,68,5.09,18,5.63,,47,n,27,Saintes Maries de la mer,43.4515922,4.4277202
801,Clouds,peu nuageux,02n,2025-12-28 03:00:00,2025-12-28 03:00:00,10000,0,8.65,5.66,8.19,8.65,1023,70,5.63,23,6.96,,20,n,27,Saintes Maries de la mer,43.4515922,4.4277202
800,Clear,ciel dégagé,01n,2025-12-28 06:00:00,2025-12-28 06:00:00,10000,0,7.71,4.28,7.71,7.71,1021,71,6.16,21,7.88,,1,n,27,Saintes Maries de la mer,43.4515922,4.4277202
800,Clear,ciel dégagé,01d,2025-12-28 09:00:00,2025-12-28 09:00:00,10000,0,8.04,4.69,8.04,8.04,1022,66,6.18,16,8.35,,0,d,27,Saintes Maries de la mer,43.4515922,4.4277202
800,Clear,ciel dégagé,01d,2025-12-28 12:00:00,2025-12-28 12:00:00,10000,0,11.2,9.84,11.2,11.2,1021,56,5.97,14,7.5,,0,d,27,Saintes Maries de la mer,43.4515922,4.4277202
800,Clear,ciel dégagé,01d,2025-12-28 15:00:00,2025-12-28 15:00:00,10000,0,11.73,10.39,11.73,11.73,1019,55,4.21,8,5.64,,0,d,27,Saintes Maries de la mer,43.4515922,4.4277202
800,Clear,ciel dégagé,01n,2025-12-28 18:00:00,2025-12-28 18:00:00,10000,0,9.75,7.19,9.75,9.75,1020,60,5.22,14,7.38,,1,n,27,Saintes Maries de la mer,43.4515922,4.4277202
800,Clear,ciel dégagé,01n,2025-12-28 21:00:00,2025-12-28 21:00:00,10000,0,8.63,5.74,8.63,8.63,1021,62,5.35,10,7.15,,6,n,27,Saintes Maries de la mer,43.4515922,4.4277202
800,Clear,ciel dégagé,01n,2025-12-29 00:00:00,2025-12-29 00:00:00,10000,0,7.64,4.71,7.64,7.64,1021,68,4.84,17,6.04,,7,n,27,Saintes Maries de la mer,43.4515922,4.4277202
800,Clear,ciel dégagé,01n,2025-12-29 03:00:00,2025-12-29 03:00:00,10000,0,7.34,4.54,7.34,7.34,1021,70,4.38,24,5.2,,4,n,27,Saintes Maries de la mer,43.4515922,4.4277202
800,Clear,ciel dégagé,01n,2025-12-29 06:00:00,2025-12-29 06:00:00,10000,0,7.06,4.04,7.06,7.06,1020,71,4.71,26,5.6,,10,n,27,Saintes Maries de la mer,43.4515922,4.4277202
800,Clear,ciel dégagé,01d,2025-12-29 09:00:00,2025-12-29 09:00:00,10000,0,7.7,5.17,7.7,7.7,1021,67,4.01,20,4.49,,7,d,27,Saintes Maries de la mer,43.4515922,4.4277202
800,Clear,ciel dégagé,01d,2025-12-29 12:00:00,2025-12-29 12:00:00,10000,0,10.37,8.92,10.37,10.37,1019,56,2.81,347,2.87,,7,d,27,Saintes Maries de la mer,43.4515922,4.4277202
800,Clear,ciel dégagé,01d,2025-12-29 15:00:00,2025-12-29 15:00:00,10000,0,11.4,10.03,11.4,11.4,1017,55,2.72,11,2.89,,3,d,27,Saintes Maries de la mer,43.4515922,4.4277202
800,Clear,ciel dégagé,01n,2025-12-29 18:00:00,2025-12-29 18:00:00,10000,0,10.49,9.24,10.49,10.49,1017,63,2.42,318,2.96,,3,n,27,Saintes Maries de la mer,43.4515922,4.4277202
800,Clear,ciel dégagé,01n,2025-12-29 21:00:00,2025-12-29 21:00:00,10000,0,10.19,9.12,10.19,10.19,1017,71,2.82,336,3.53,,7,n,27,Saintes Maries de la mer,43.4515922,4.4277202
800,Clear,ciel dégagé,01n,2025-12-30 00:00:00,2025-12-30 00:00:00,10000,0,8.97,6.71,8.97,8.97,1016,67,4.05,11,3.81,,4,n,27,Saintes Maries de la mer,43.4515922,4.4277202
800,Clear,ciel dégagé,01n,2025-12-30 03:00:00,2025-12-30 03:00:00,10000,0,7.62,4.36,7.62,7.62,1015,66,5.62,1,7.45,,0,n,27,Saintes Maries de la mer,43.4515922,4.4277202
800,Clear,ciel dégagé,01n,2025-12-30 06:00:00,2025-12-30 06:00:00,10000,0,5.54,1.29,5.54,5.54,1015,72,6.78,5,8.96,,0,n,27,Saintes Maries de la mer,43.4515922,4.4277202
800,Clear,ciel dégagé,01d,2025-12-30 09:00:00,2025-12-30 09:00:00,10000,0,5.92,2.11,5.92,5.92,1015,72,5.87,346,8.24,,5,d,27,Saintes Maries de la mer,43.4515922,4.4277202
800,Clear,ciel dégagé,01d,2025-12-30 12:00:00,2025-12-30 12:00:00,10000,0,8.65,5.33,8.65,8.65,1013,63,6.6,344,8.41,,3,d,27,Saintes Maries de la mer,43.4515922,4.4277202
800,Clear,ciel dégagé,01d,2025-12-30 15:00:00,2025-12-30 15:00:00,10000,0,8.35,4.01,8.35,8.35,1012,60,10.06,4,12.74,,0,d,27,Saintes Maries de la mer,43.4515922,4.4277202
800,Clear,ciel dégagé,01n,2025-12-30 18:00:00,2025-12-30 18:00:00,10000,0,6.84,1.48,6.84,6.84,1013,62,12.45,2,18.46,,0,n,27,Saintes Maries de la mer,43.4515922,4.4277202
800,Clear,ciel dégagé,01n,2025-12-30 21:00:00,2025-12-30 21:00:00,10000,0,5.77,-0.19,5.77,5.77,1015,63,13.54,359,19.02,,0,n,27,Saintes Maries de la mer,43.4515922,4.4277202
800,Clear,ciel dégagé,01n,2025-12-31 00:00:00,2025-12-31 00:00:00,10000,0,4.57,-1.89,4.57,4.57,1017,66,13.85,0,18.44,,0,n,27,Saintes Maries de la mer,43.4515922,4.4277202
803,Clouds,nuageux,04n,2025-12-31 03:00:00,2025-12-31 03:00:00,10000,0,4.25,-1.76,4.25,4.25,1018,66,11.36,3,14.67,,56,n,27,Saintes Maries de la mer,43.4515922,4.4277202
803,Clouds,nuageux,04n,2025-12-31 06:00:00,2025-12-31 06:00:00,10000,0,3.52,-2.77,3.52,3.52,1019,67,11.5,2,14.3,,76,n,27,Saintes Maries de la mer,43.4515922,4.4277202
804,Clouds,couvert,04d,2025-12-31 09:00:00,2025-12-31 09:00:00,10000,0,3.57,-2.65,3.57,3.57,1021,63,11.29,3,15.06,,100,d,27,Saintes Maries de la mer,43.4515922,4.4277202
803,Clouds,nuageux,04d,2025-12-31 12:00:00,2025-12-31 12:00:00,10000,0,5.72,0.4,5.72,5.72,1021,53,10.57,2,12.7,,69,d,27,Saintes Maries de la mer,43.4515922,4.4277202
800,Clear,ciel dégagé,01d,2025-12-31 15:00:00,2025-12-31 15:00:00,10000,0,5.9,0.88,5.9,5.9,1021,50,9.63,1,13.04,,0,d,27,Saintes Maries de la mer,43.4515922,4.4277202
800,Clear,ciel dégagé,01n,2025-12-31 18:00:00,2025-12-31 18:00:00,10000,0,4.6,-1.21,4.6,4.6,1022,51,11.05,7,14.84,,0,n,27,Saintes Maries de la mer,43.4515922,4.4277202
800,Clear,ciel dégagé,01n,2025-12-31 21:00:00,2025-12-31 21:00:00,10000,0,3.97,-1.74,3.97,3.97,1023,53,9.88,6,13.9,,0,n,27,Saintes Maries de la mer,43.4515922,4.4277202
800,Clear,ciel dégagé,01n,2026-01-01 00:00:00,2026-01-01 00:00:00,10000,0,3.12,-2.5,3.12,3.12,1023,57,8.7,2,12.25,,0,n,27,Saintes Maries de la mer,43.4515922,4.4277202
800,Clear,ciel dégagé,01n,2026-01-01 03:00:00,2026-01-01 03:00:00,10000,0,2.58,-2.75,2.58,2.58,1023,57,7.39,360,9.96,,2,n,27,Saintes Maries de la mer,43.4515922,4.4277202
800,Clear,ciel dégagé,01n,2026-01-01 06:00:00,2026-01-01 06:00:00,10000,0,2.78,-2.04,2.78,2.78,1022,54,6.27,1,7.88,,3,n,27,Saintes Maries de la mer,43.4515922,4.4277202
800,Clear,ciel dégagé,01d,2026-01-01 09:00:00,2026-01-01 09:00:00,10000,0,3.59,-0.29,3.59,3.59,1022,54,4.74,15,5.33,,4,d,27,Saintes Maries de la mer,43.4515922,4.4277202
802,Clouds,partiellement nuageux,03d,2026-01-01 12:00:00,2026-01-01 12:00:00,10000,0,6.36,4.08,6.36,6.36,1021,56,3.09,48,3.02,,25,d,27,Saintes Maries de la mer,43.4515922,4.4277202
804,Clouds,couvert,04d,2026-01-01 15:00:00,2026-01-01 15:00:00,10000,0,8.63,6.33,8.63,8.63,1018,65,3.97,114,5.8,,87,d,27,Saintes Maries de la mer,43.4515922,4.4277202
500,Rain,légère pluie,10n,2026-01-01 18:00:00,2026-01-01 18:00:00,10000,0.2,10.69,9.77,10.69,10.69,1016,75,3.67,137,6.54,0.12,94,n,27,Saintes Maries de la mer,43.4515922,4.4277202
804,Clouds,couvert,04n,2026-01-01 21:00:00,2026-01-01 21:00:00,10000,0,10.25,9.08,10.25,10.25,1015,67,4.11,201,3.89,,100,n,27,Saintes Maries de la mer,43.4515922,4.4277202
500,Rain,légère pluie,10n,2025-12-28 00:00:00,2025-12-28 00:00:00,10000,1,10.93,10.51,10.93,12.26,1023,93,1.59,137,2.25,1.74,100,n,28,Collioure,42.5250500,3.0831554
500,Rain,légère pluie,10n,2025-12-28 03:00:00,2025-12-28 03:00:00,10000,0.79,10.95,10.53,10.95,11.29,1022,93,1.31,123,1.78,0.76,87,n,28,Collioure,42.5250500,3.0831554
500,Rain,légère pluie,10n,2025-12-28 06:00:00,2025-12-28 06:00:00,10000,0.7,10.93,10.51,10.93,10.93,1021,93,1.16,31,1.98,0.37,78,n,28,Collioure,42.5250500,3.0831554
500,Rain,légère pluie,10d,2025-12-28 09:00:00,2025-12-28 09:00:00,10000,0.22,11.6,11.17,11.6,11.6,1022,90,2.07,15,2.59,0.24,95,d,28,Collioure,42.5250500,3.0831554
804,Clouds,couvert,04d,2025-12-28 12:00:00,2025-12-28 12:00:00,10000,0.01,11.82,11.22,11.82,11.82,1021,83,1.58,351,1.6,,94,d,28,Collioure,42.5250500,3.0831554
802,Clouds,partiellement nuageux,03d,2025-12-28 15:00:00,2025-12-28 15:00:00,10000,0,12.22,11.51,12.22,12.22,1020,77,1.12,31,0.95,,32,d,28,Collioure,42.5250500,3.0831554
801,Clouds,peu nuageux,02n,2025-12-28 18:00:00,2025-12-28 18:00:00,10000,0,9.97,9.71,9.97,9.97,1020,86,1.41,269,1.27,,19,n,28,Collioure,42.5250500,3.0831554
801,Clouds,peu nuageux,02n,2025-12-28 21:00:00,2025-12-28 21:00:00,10000,0,10.33,9.66,10.33,10.33,1021,86,0.36,150,0.61,,21,n,28,Collioure,42.5250500,3.0831554
802,Clouds,partiellement nuageux,03n,2025-12-29 00:00:00,2025-12-29 00:00:00,10000,0,10.67,9.99,10.67,10.67,1021,84,0.66,134,0.83,,43,n,28,Collioure,42.5250500,3.0831554
804,Clouds,couvert,04n,2025-12-29 03:00:00,2025-12-29 03:00:00,10000,0,10.68,9.92,10.68,10.68,1020,81,1.06,53,1.26,,87,n,28,Collioure,42.5250500,3.0831554
500,Rain,légère pluie,10n,2025-12-29 06:00:00,2025-12-29 06:00:00,10000,0.2,10.62,9.9,10.62,10.62,1020,83,0.67,7,0.94,0.23,87,n,28,Collioure,42.5250500,3.0831554
500,Rain,légère pluie,10d,2025-12-29 09:00:00,2025-12-29 09:00:00,10000,0.88,10.42,9.79,10.42,10.42,1021,87,1.22,68,1.76,0.67,100,d,28,Collioure,42.5250500,3.0831554
500,Rain,légère pluie,10d,2025-12-29 12:00:00,2025-12-29 12:00:00,10000,1,11.83,11.24,11.83,11.83,1019,83,1.88,321,2.07,1.68,98,d,28,Collioure,42.5250500,3.0831554
803,Clouds,nuageux,04d,2025-12-29 15:00:00,2025-12-29 15:00:00,10000,0,12.37,11.78,12.37,12.37,1018,81,0.71,12,0.61,,79,d,28,Collioure,42.5250500,3.0831554
804,Clouds,couvert,04n,2025-12-29 18:00:00,2025-12-29 18:00:00,10000,0,10.44,9.86,10.44,10.44,1018,89,1.4,271,1.48,,89,n,28,Collioure,42.5250500,3.0831554
804,Clouds,couvert,04n,2025-12-29 21:00:00,2025-12-29 21:00:00,10000,0,10.31,9.67,10.31,10.31,1018,87,2.31,277,3.29,,100,n,28,Collioure,42.5250500,3.0831554
804,Clouds,couvert,04n,2025-12-30 00:00:00,2025-12-30 00:00:00,10000,0,9.61,8.06,9.61,9.61,1017,77,2.97,293,5.08,,100,n,28,Collioure,42.5250500,3.0831554
804,Clouds,couvert,04n,2025-12-30 03:00:00,2025-12-30 03:00:00,10000,0,9.12,7.09,9.12,9.12,1017,75,3.66,304,5.8,,100,n,28,Collioure,42.5250500,3.0831554
804,Clouds,couvert,04n,2025-12-30 06:00:00,2025-12-30 06:00:00,10000,0,8.61,6.03,8.61,8.61,1016,76,4.57,308,7.22,,100,n,28,Collioure,42.5250500,3.0831554
803,Clouds,nuageux,04d,2025-12-30 09:00:00,2025-12-30 09:00:00,10000,0,10.17,9.17,10.17,10.17,1016,74,5.5,313,9.04,,72,d,28,Collioure,42.5250500,3.0831554
802,Clouds,partiellement nuageux,03d,2025-12-30 12:00:00,2025-12-30 12:00:00,10000,0,13.73,12.75,13.73,13.73,1014,61,5.99,316,9.54,,38,d,28,Collioure,42.5250500,3.0831554
800,Clear,ciel dégagé,01d,2025-12-30 15:00:00,2025-12-30 15:00:00,10000,0,12.84,11.96,12.84,12.84,1013,68,6.8,321,10.05,,1,d,28,Collioure,42.5250500,3.0831554
800,Clear,ciel dégagé,01n,2025-12-30 18:00:00,2025-12-30 18:00:00,10000,0,9.66,6.48,9.66,9.66,1014,78,7.09,320,10.82,,1,n,28,Collioure,42.5250500,3.0831554
800,Clear,ciel dégagé,01n,2025-12-30 21:00:00,2025-12-30 21:00:00,10000,0,8.36,4.77,8.36,8.36,1015,79,7.21,322,10.91,,0,n,28,Collioure,42.5250500,3.0831554
800,Clear,ciel dégagé,01n,2025-12-31 00:00:00,2025-12-31 00:00:00,10000,0,7.19,3.54,7.19,7.19,1016,76,6.37,324,9.88,,0,n,28,Collioure,42.5250500,3.0831554
800,Clear,ciel dégagé,01n,2025-12-31 03:00:00,2025-12-31 03:00:00,10000,0,5.98,1.98,5.98,5.98,1018,74,6.43,339,10.1,,1,n,28,Collioure,42.5250500,3.0831554
800,Clear,ciel dégagé,01n,2025-12-31 06:00:00,2025-12-31 06:00:00,10000,0,4.81,0.87,4.81,4.81,1020,72,5.5,337,8.59,,2,n,28,Collioure,42.5250500,3.0831554
800,Clear,ciel dégagé,01d,2025-12-31 09:00:00,2025-12-31 09:00:00,10000,0,5.9,2.64,5.9,5.9,1021,66,4.63,332,7.75,,3,d,28,Collioure,42.5250500,3.0831554
800,Clear,ciel dégagé,01d,2025-12-31 12:00:00,2025-12-31 12:00:00,10000,0,8.6,6.46,8.6,8.6,1021,50,3.65,337,5.38,,2,d,28,Collioure,42.5250500,3.0831554
800,Clear,ciel dégagé,01d,2025-12-31 15:00:00,2025-12-31 15:00:00,10000,0,9.18,7.95,9.18,9.18,1021,46,2.37,340,3.36,,0,d,28,Collioure,42.5250500,3.0831554
800,Clear,ciel dégagé,01n,2025-12-31 18:00:00,2025-12-31 18:00:00,10000,0,5.7,4.07,5.7,5.7,1023,58,2.12,291,2.4,,0,n,28,Collioure,42.5250500,3.0831554
800,Clear,ciel dégagé,01n,2025-12-31 21:00:00,2025-12-31 21:00:00,10000,0,4.51,3.05,4.51,4.51,1024,68,1.77,264,1.79,,0,n,28,Collioure,42.5250500,3.0831554
800,Clear,ciel dégagé,01n,2026-01-01 00:00:00,2026-01-01 00:00:00,10000,0,4.18,4.18,4.18,4.18,1023,70,0.76,212,0.76,,1,n,28,Collioure,42.5250500,3.0831554
800,Clear,ciel dégagé,01n,2026-01-01 03:00:00,2026-01-01 03:00:00,10000,0,4.06,4.06,4.06,4.06,1023,71,1.18,202,1.39,,4,n,28,Collioure,42.5250500,3.0831554
801,Clouds,peu nuageux,02n,2026-01-01 06:00:00,2026-01-01 06:00:00,10000,0,4.42,4.42,4.42,4.42,1022,74,0.61,256,1.2,,23,n,28,Collioure,42.5250500,3.0831554
801,Clouds,peu nuageux,02d,2026-01-01 09:00:00,2026-01-01 09:00:00,10000,0,6.08,5.17,6.08,6.08,1021,72,1.51,288,1.35,,14,d,28,Collioure,42.5250500,3.0831554
803,Clouds,nuageux,04d,2026-01-01 12:00:00,2026-01-01 12:00:00,10000,0,9.77,9.77,9.77,9.77,1019,60,0.54,305,1.05,,54,d,28,Collioure,42.5250500,3.0831554
803,Clouds,nuageux,04d,2026-01-01 15:00:00,2026-01-01 15:00:00,10000,0,9.66,8.77,9.66,9.66,1017,63,2.03,345,2.01,,75,d,28,Collioure,42.5250500,3.0831554
804,Clouds,couvert,04n,2026-01-01 18:00:00,2026-01-01 18:00:00,10000,0,6.53,4.54,6.53,6.53,1017,82,2.73,344,2.76,,87,n,28,Collioure,42.5250500,3.0831554
804,Clouds,couvert,04n,2026-01-01 21:00:00,2026-01-01 21:00:00,10000,0,5.86,5.86,5.86,5.86,1016,83,1.14,309,1.1,,100,n,28,Collioure,42.5250500,3.0831554
500,Rain,légère pluie,10n,2025-12-28 00:00:00,2025-12-28 00:00:00,10000,0.81,10.33,9.74,10.33,10.79,1022,89,6.16,99,13.5,0.5,79,n,29,Carcassonne,43.2455853,2.1910511
803,Clouds,nuageux,04n,2025-12-28 03:00:00,2025-12-28 03:00:00,10000,0,10.16,9.37,10.16,10.19,1022,82,5.78,99,12.8,,76,n,29,Carcassonne,43.2455853,2.1910511
803,Clouds,nuageux,04n,2025-12-28 06:00:00,2025-12-28 06:00:00,10000,0,8.53,5.49,8.53,8.53,1021,75,5.69,97,12.23,,73,n,29,Carcassonne,43.2455853,2.1910511
803,Clouds,nuageux,04d,2025-12-28 09:00:00,2025-12-28 09:00:00,10000,0,10.13,9.16,10.13,10.13,1021,75,4.51,106,10.87,,59,d,29,Carcassonne,43.2455853,2.1910511
802,Clouds,partiellement nuageux,03d,2025-12-28 12:00:00,2025-12-28 12:00:00,10000,0,13.54,12.78,13.54,13.54,1020,70,4.92,108,8.28,,38,d,29,Carcassonne,43.2455853,2.1910511
801,Clouds,peu nuageux,02d,2025-12-28 15:00:00,2025-12-28 15:00:00,10000,0,11.67,10.82,11.67,11.67,1019,74,3.39,95,6.29,,12,d,29,Carcassonne,43.2455853,2.1910511
800,Clear,ciel dégagé,01n,2025-12-28 18:00:00,2025-12-28 18:00:00,10000,0,8.68,7.67,8.68,8.68,1020,83,1.98,95,1.97,,7,n,29,Carcassonne,43.2455853,2.1910511
800,Clear,ciel dégagé,01n,2025-12-28 21:00:00,2025-12-28 21:00:00,10000,0,7.91,6.86,7.91,7.91,1021,86,1.89,96,1.9,,2,n,29,Carcassonne,43.2455853,2.1910511
800,Clear,ciel dégagé,01n,2025-12-29 00:00:00,2025-12-29 00:00:00,10000,0,7.08,5.73,7.08,7.08,1021,88,2.07,100,2.56,,4,n,29,Carcassonne,43.2455853,2.1910511
800,Clear,ciel dégagé,01n,2025-12-29 03:00:00,2025-12-29 03:00:00,10000,0,6.51,4.76,6.51,6.51,1021,89,2.41,107,3.7,,7,n,29,Carcassonne,43.2455853,2.1910511
800,Clear,ciel dégagé,01n,2025-12-29 06:00:00,2025-12-29 06:00:00,10000,0,6.05,4.55,6.05,6.05,1021,89,2.04,107,2.45,,9,n,29,Carcassonne,43.2455853,2.1910511
802,Clouds,partiellement nuageux,03d,2025-12-29 09:00:00,2025-12-29 09:00:00,10000,0,7.66,7.66,7.66,7.66,1021,85,1.11,123,1.68,,33,d,29,Carcassonne,43.2455853,2.1910511
802,Clouds,partiellement nuageux,03d,2025-12-29 12:00:00,2025-12-29 12:00:00,10000,0,11.2,10.39,11.2,11.2,1019,77,0.24,83,0.43,,35,d,29,Carcassonne,43.2455853,2.1910511
800,Clear,ciel dégagé,01d,2025-12-29 15:00:00,2025-12-29 15:00:00,10000,0,12.04,11.21,12.04,12.04,1018,73,1.89,278,2.59,,10,d,29,Carcassonne,43.2455853,2.1910511
802,Clouds,partiellement nuageux,03n,2025-12-29 18:00:00,2025-12-29 18:00:00,10000,0,8.27,6.74,8.27,8.27,1019,83,2.55,297,2.89,,30,n,29,Carcassonne,43.2455853,2.1910511
803,Clouds,nuageux,04n,2025-12-29 21:00:00,2025-12-29 21:00:00,10000,0,7.09,5.15,7.09,7.09,1020,84,2.8,292,4.32,,84,n,29,Carcassonne,43.2455853,2.1910511
804,Clouds,couvert,04n,2025-12-30 00:00:00,2025-12-30 00:00:00,10000,0,6.23,3.97,6.23,6.23,1020,88,3.02,290,6.42,,91,n,29,Carcassonne,43.2455853,2.1910511
804,Clouds,couvert,04n,2025-12-30 03:00:00,2025-12-30 03:00:00,10000,0,5.67,3.03,5.67,5.67,1019,92,3.41,294,9.55,,100,n,29,Carcassonne,43.2455853,2.1910511
804,Clouds,couvert,04n,2025-12-30 06:00:00,2025-12-30 06:00:00,10000,0,6.41,3.19,6.41,6.41,1019,91,4.8,288,11.91,,98,n,29,Carcassonne,43.2455853,2.1910511
804,Clouds,couvert,04d,2025-12-30 09:00:00,2025-12-30 09:00:00,10000,0,7.26,3.86,7.26,7.26,1019,90,5.74,288,12.56,,94,d,29,Carcassonne,43.2455853,2.1910511
804,Clouds,couvert,04d,2025-12-30 12:00:00,2025-12-30 12:00:00,10000,0,8.18,4.89,8.18,8.18,1018,91,6.12,292,12.19,,96,d,29,Carcassonne,43.2455853,2.1910511
804,Clouds,couvert,04d,2025-12-30 15:00:00,2025-12-30 15:00:00,10000,0,8.87,5.54,8.87,8.87,1018,88,6.81,297,12.71,,99,d,29,Carcassonne,43.2455853,2.1910511
804,Clouds,couvert,04n,2025-12-30 18:00:00,2025-12-30 18:00:00,10000,0,6.35,2.11,6.35,6.35,1019,74,7.41,305,14.57,,85,n,29,Carcassonne,43.2455853,2.1910511
802,Clouds,partiellement nuageux,03n,2025-12-30 21:00:00,2025-12-30 21:00:00,10000,0,4.2,0,4.2,4.2,1020,75,5.72,296,12.71,,34,n,29,Carcassonne,43.2455853,2.1910511
802,Clouds,partiellement nuageux,03n,2025-12-31 00:00:00,2025-12-31 00:00:00,10000,0,2.1,-2.14,2.1,2.1,1021,86,4.73,302,12.35,,30,n,29,Carcassonne,43.2455853,2.1910511
800,Clear,ciel dégagé,01n,2025-12-31 03:00:00,2025-12-31 03:00:00,10000,0,0.52,-3.86,0.52,0.52,1022,86,4.32,296,10.53,,10,n,29,Carcassonne,43.2455853,2.1910511
801,Clouds,peu nuageux,02n,2025-12-31 06:00:00,2025-12-31 06:00:00,10000,0,-0.42,-4.68,-0.42,-0.42,1024,85,3.83,300,10.03,,11,n,29,Carcassonne,43.2455853,2.1910511
800,Clear,ciel dégagé,01d,2025-12-31 09:00:00,2025-12-31 09:00:00,10000,0,0.86,-3.35,0.86,0.86,1025,74,4.19,295,7.96,,10,d,29,Carcassonne,43.2455853,2.1910511
800,Clear,ciel dégagé,01d,2025-12-31 12:00:00,2025-12-31 12:00:00,10000,0,4.89,1.19,4.89,4.89,1024,54,5.01,302,6.79,,8,d,29,Carcassonne,43.2455853,2.1910511
800,Clear,ciel dégagé,01d,2025-12-31 15:00:00,2025-12-31 15:00:00,10000,0,5.29,2.23,5.29,5.29,1023,51,3.97,303,5.63,,0,d,29,Carcassonne,43.2455853,2.1910511
800,Clear,ciel dégagé,01n,2025-12-31 18:00:00,2025-12-31 18:00:00,10000,0,1.25,-1.58,1.25,1.25,1024,67,2.54,296,3.17,,0,n,29,Carcassonne,43.2455853,2.1910511
800,Clear,ciel dégagé,01n,2025-12-31 21:00:00,2025-12-31 21:00:00,10000,0,0.53,-1.39,0.53,0.53,1025,70,1.66,288,1.85,,0,n,29,Carcassonne,43.2455853,2.1910511
800,Clear,ciel dégagé,01n,2026-01-01 00:00:00,2026-01-01 00:00:00,10000,0,0.35,0.35,0.35,0.35,1024,70,0.82,285,0.7,,0,n,29,Carcassonne,43.2455853,2.1910511
800,Clear,ciel dégagé,01n,2026-01-01 03:00:00,2026-01-01 03:00:00,10000,0,0.22,0.22,0.22,0.22,1023,69,1.12,92,1.03,,0,n,29,Carcassonne,43.2455853,2.1910511
800,Clear,ciel dégagé,01n,2026-01-01 06:00:00,2026-01-01 06:00:00,10000,0,0.03,-2.69,0.03,0.03,1022,65,2.23,104,2.65,,0,n,29,Carcassonne,43.2455853,2.1910511
803,Clouds,nuageux,04d,2026-01-01 09:00:00,2026-01-01 09:00:00,10000,0,2.24,-1.67,2.24,2.24,1021,62,4.22,102,8.53,,70,d,29,Carcassonne,43.2455853,2.1910511
803,Clouds,nuageux,04d,2026-01-01 12:00:00,2026-01-01 12:00:00,10000,0,6.6,2.64,6.6,6.6,1018,62,6.78,102,8.9,,80,d,29,Carcassonne,43.2455853,2.1910511
803,Clouds,nuageux,04d,2026-01-01 15:00:00,2026-01-01 15:00:00,10000,0,5.93,1.83,5.93,5.93,1017,72,6.66,94,10.32,,68,d,29,Carcassonne,43.2455853,2.1910511
803,Clouds,nuageux,04n,2026-01-01 18:00:00,2026-01-01 18:00:00,10000,0,3.45,-0.66,3.45,3.45,1016,85,5.12,104,10.21,,84,n,29,Carcassonne,43.2455853,2.1910511
804,Clouds,couvert,04n,2026-01-01 21:00:00,2026-01-01 21:00:00,10000,0,2.62,-1.19,2.62,2.62,1015,85,4.21,102,8.43,,100,n,29,Carcassonne,43.2455853,2.1910511
803,Clouds,nuageux,04n,2025-12-28 00:00:00,2025-12-28 00:00:00,10000,0,4.1,1.59,4.1,5.92,1021,78,2.79,184,1.88,,71,n,30,Ariege,42.9455368,1.4065544
802,Clouds,partiellement nuageux,03n,2025-12-28 03:00:00,2025-12-28 03:00:00,10000,0,4.66,2.2,4.66,5.4,1021,81,2.87,188,1.68,,33,n,30,Ariege,42.9455368,1.4065544
800,Clear,ciel dégagé,01n,2025-12-28 06:00:00,2025-12-28 06:00:00,10000,0,3.54,0.87,3.54,3.54,1021,78,2.85,193,2.4,,7,n,30,Ariege,42.9455368,1.4065544
802,Clouds,partiellement nuageux,03d,2025-12-28 09:00:00,2025-12-28 09:00:00,10000,0,5.32,3.96,5.32,5.32,1021,69,1.79,186,1.77,,49,d,30,Ariege,42.9455368,1.4065544
802,Clouds,partiellement nuageux,03d,2025-12-28 12:00:00,2025-12-28 12:00:00,10000,0,9.66,9.66,9.66,9.66,1019,59,0.91,350,1.12,,35,d,30,Ariege,42.9455368,1.4065544
802,Clouds,partiellement nuageux,03d,2025-12-28 15:00:00,2025-12-28 15:00:00,10000,0,6.79,6.79,6.79,6.79,1019,70,0.92,15,1.5,,25,d,30,Ariege,42.9455368,1.4065544
801,Clouds,peu nuageux,02n,2025-12-28 18:00:00,2025-12-28 18:00:00,10000,0,2.61,0.37,2.61,2.61,1021,86,2.2,187,1.61,,22,n,30,Ariege,42.9455368,1.4065544
800,Clear,ciel dégagé,01n,2025-12-28 21:00:00,2025-12-28 21:00:00,10000,0,2.1,-0.28,2.1,2.1,1022,79,2.25,184,1.67,,5,n,30,Ariege,42.9455368,1.4065544
800,Clear,ciel dégagé,01n,2025-12-29 00:00:00,2025-12-29 00:00:00,10000,0,1.76,-1.01,1.76,1.76,1021,77,2.58,190,2.48,,6,n,30,Ariege,42.9455368,1.4065544
802,Clouds,partiellement nuageux,03n,2025-12-29 03:00:00,2025-12-29 03:00:00,10000,0,1.83,-0.86,1.83,1.83,1021,77,2.51,191,1.94,,32,n,30,Ariege,42.9455368,1.4065544
803,Clouds,nuageux,04n,2025-12-29 06:00:00,2025-12-29 06:00:00,10000,0,1.57,-0.89,1.57,1.57,1021,77,2.23,193,1.56,,61,n,30,Ariege,42.9455368,1.4065544
802,Clouds,partiellement nuageux,03d,2025-12-29 09:00:00,2025-12-29 09:00:00,10000,0,4.11,2.93,4.11,4.11,1021,70,1.5,197,1.19,,39,d,30,Ariege,42.9455368,1.4065544
803,Clouds,nuageux,04d,2025-12-29 12:00:00,2025-12-29 12:00:00,10000,0,8.05,7.54,8.05,8.05,1019,58,1.4,341,1.46,,65,d,30,Ariege,42.9455368,1.4065544
803,Clouds,nuageux,04d,2025-12-29 15:00:00,2025-12-29 15:00:00,10000,0,7,6.31,7,7,1018,66,1.43,348,1.45,,72,d,30,Ariege,42.9455368,1.4065544
804,Clouds,couvert,04n,2025-12-29 18:00:00,2025-12-29 18:00:00,10000,0,2.39,0.43,2.39,2.39,1021,82,1.91,201,1.27,,86,n,30,Ariege,42.9455368,1.4065544
804,Clouds,couvert,04n,2025-12-29 21:00:00,2025-12-29 21:00:00,10000,0,2.01,-0.15,2.01,2.01,1021,82,2.03,202,1.27,,100,n,30,Ariege,42.9455368,1.4065544
804,Clouds,couvert,04n,2025-12-30 00:00:00,2025-12-30 00:00:00,10000,0,1.58,-0.6,1.58,1.58,1021,82,1.99,206,1.06,,100,n,30,Ariege,42.9455368,1.4065544
804,Clouds,couvert,04n,2025-12-30 03:00:00,2025-12-30 03:00:00,10000,0,1.13,-1.1,1.13,1.13,1021,83,1.97,208,1.03,,99,n,30,Ariege,42.9455368,1.4065544
804,Clouds,couvert,04n,2025-12-30 06:00:00,2025-12-30 06:00:00,10000,0,1.37,-0.6,1.37,1.37,1021,83,1.79,223,1.12,,100,n,30,Ariege,42.9455368,1.4065544
804,Clouds,couvert,04d,2025-12-30 09:00:00,2025-12-30 09:00:00,10000,0,3.33,3.33,3.33,3.33,1021,81,1.17,253,2.57,,97,d,30,Ariege,42.9455368,1.4065544
804,Clouds,couvert,04d,2025-12-30 12:00:00,2025-12-30 12:00:00,10000,0,4.4,4.4,4.4,4.4,1019,82,1.2,296,3.79,,99,d,30,Ariege,42.9455368,1.4065544
500,Rain,légère pluie,10d,2025-12-30 15:00:00,2025-12-30 15:00:00,8969,0.37,3.69,1.7,3.69,3.69,1019,93,2.13,297,5.75,0.25,100,d,30,Ariege,42.9455368,1.4065544
500,Rain,légère pluie,10n,2025-12-30 18:00:00,2025-12-30 18:00:00,10000,0.3,3.01,1.25,3.01,3.01,1020,96,1.83,288,5.14,0.23,100,n,30,Ariege,42.9455368,1.4065544
500,Rain,légère pluie,10n,2025-12-30 21:00:00,2025-12-30 21:00:00,10000,0.2,1.7,-0.02,1.7,1.7,1021,93,1.64,295,3.55,0.25,100,n,30,Ariege,42.9455368,1.4065544
804,Clouds,couvert,04n,2025-12-31 00:00:00,2025-12-31 00:00:00,10000,0,-1.19,-3.06,-1.19,-1.19,1022,97,1.47,259,1.93,,100,n,30,Ariege,42.9455368,1.4065544
803,Clouds,nuageux,04n,2025-12-31 03:00:00,2025-12-31 03:00:00,10000,0,-2.07,-4.12,-2.07,-2.07,1023,89,1.5,248,2.27,,61,n,30,Ariege,42.9455368,1.4065544
803,Clouds,nuageux,04n,2025-12-31 06:00:00,2025-12-31 06:00:00,10000,0,-3.11,-5.42,-3.11,-3.11,1024,85,1.57,234,1.62,,61,n,30,Ariege,42.9455368,1.4065544
801,Clouds,peu nuageux,02d,2025-12-31 09:00:00,2025-12-31 09:00:00,10000,0,-1.74,-1.74,-1.74,-1.74,1025,76,0.58,241,0.61,,21,d,30,Ariege,42.9455368,1.4065544
801,Clouds,peu nuageux,02d,2025-12-31 12:00:00,2025-12-31 12:00:00,10000,0,2.52,1.03,2.52,2.52,1022,64,1.56,1,0.89,,14,d,30,Ariege,42.9455368,1.4065544
800,Clear,ciel dégagé,01d,2025-12-31 15:00:00,2025-12-31 15:00:00,10000,0,1.61,1.61,1.61,1.61,1023,72,1.02,3,0.47,,4,d,30,Ariege,42.9455368,1.4065544
800,Clear,ciel dégagé,01n,2025-12-31 18:00:00,2025-12-31 18:00:00,10000,0,-3.28,-5.6,-3.28,-3.28,1025,82,1.56,189,0.88,,4,n,30,Ariege,42.9455368,1.4065544
800,Clear,ciel dégagé,01n,2025-12-31 21:00:00,2025-12-31 21:00:00,10000,0,-2.9,-5.69,-2.9,-2.9,1025,66,1.9,177,1.38,,3,n,30,Ariege,42.9455368,1.4065544
800,Clear,ciel dégagé,01n,2026-01-01 00:00:00,2026-01-01 00:00:00,10000,0,-2.66,-5.7,-2.66,-2.66,1024,57,2.11,177,1.52,,2,n,30,Ariege,42.9455368,1.4065544
800,Clear,ciel dégagé,01n,2026-01-01 03:00:00,2026-01-01 03:00:00,10000,0,-2.45,-5.64,-2.45,-2.45,1023,51,2.26,182,1.64,,1,n,30,Ariege,42.9455368,1.4065544
800,Clear,ciel dégagé,01n,2026-01-01 06:00:00,2026-01-01 06:00:00,10000,0,-2.13,-5.69,-2.13,-2.13,1021,47,2.63,179,1.85,,4,n,30,Ariege,42.9455368,1.4065544
804,Clouds,couvert,04d,2026-01-01 09:00:00,2026-01-01 09:00:00,10000,0,1.46,-0.81,1.46,1.46,1019,42,2.05,180,1.68,,94,d,30,Ariege,42.9455368,1.4065544
804,Clouds,couvert,04d,2026-01-01 12:00:00,2026-01-01 12:00:00,10000,0,7.07,7.07,7.07,7.07,1016,38,0.26,293,1.47,,96,d,30,Ariege,42.9455368,1.4065544
804,Clouds,couvert,04d,2026-01-01 15:00:00,2026-01-01 15:00:00,10000,0,3.97,3.97,3.97,3.97,1015,58,0.86,187,1.58,,98,d,30,Ariege,42.9455368,1.4065544
804,Clouds,couvert,04n,2026-01-01 18:00:00,2026-01-01 18:00:00,10000,0,0.58,-3.35,0.58,0.58,1016,57,3.69,185,3.02,,100,n,30,Ariege,42.9455368,1.4065544
804,Clouds,couvert,04n,2026-01-01 21:00:00,2026-01-01 21:00:00,10000,0,1.13,-2.63,1.13,1.13,1015,49,3.62,183,3.39,,100,n,30,Ariege,42.9455368,1.4065544
802,Clouds,partiellement nuageux,03n,2025-12-28 00:00:00,2025-12-28 00:00:00,10000,0,11.31,10.25,9.81,11.31,1021,67,8.39,104,16.73,,41,n,31,Toulouse,43.5792284,1.5033290
801,Clouds,peu nuageux,02n,2025-12-28 03:00:00,2025-12-28 03:00:00,10000,0,10.15,9.1,9.2,10.15,1021,72,7.25,105,15.97,,19,n,31,Toulouse,43.5792284,1.5033290
802,Clouds,partiellement nuageux,03n,2025-12-28 06:00:00,2025-12-28 06:00:00,10000,0,7.26,4.77,7.26,7.26,1020,77,3.75,126,9,,31,n,31,Toulouse,43.5792284,1.5033290
803,Clouds,nuageux,04d,2025-12-28 09:00:00,2025-12-28 09:00:00,10000,0,8.86,6.68,8.86,8.86,1021,73,3.84,131,10.04,,69,d,31,Toulouse,43.5792284,1.5033290
802,Clouds,partiellement nuageux,03d,2025-12-28 12:00:00,2025-12-28 12:00:00,10000,0,13.49,12.67,13.49,13.49,1020,68,4.4,145,7.12,,36,d,31,Toulouse,43.5792284,1.5033290
800,Clear,ciel dégagé,01d,2025-12-28 15:00:00,2025-12-28 15:00:00,10000,0,12.3,11.44,12.3,12.3,1019,71,3.2,131,4.53,,1,d,31,Toulouse,43.5792284,1.5033290
800,Clear,ciel dégagé,01n,2025-12-28 18:00:00,2025-12-28 18:00:00,10000,0,8.77,7.31,8.77,8.77,1020,85,2.58,149,3.68,,1,n,31,Toulouse,43.5792284,1.5033290
800,Clear,ciel dégagé,01n,2025-12-28 21:00:00,2025-12-28 21:00:00,10000,0,7.77,6.47,7.77,7.77,1021,88,2.14,134,2.16,,0,n,31,Toulouse,43.5792284,1.5033290
800,Clear,ciel dégagé,01n,2025-12-29 00:00:00,2025-12-29 00:00:00,10000,0,7.05,6.08,7.05,7.05,1020,89,1.68,148,1.64,,2,n,31,Toulouse,43.5792284,1.5033290
800,Clear,ciel dégagé,01n,2025-12-29 03:00:00,2025-12-29 03:00:00,10000,0,6.36,4.77,6.36,6.36,1020,90,2.19,137,2.63,,5,n,31,Toulouse,43.5792284,1.5033290
800,Clear,ciel dégagé,01n,2025-12-29 06:00:00,2025-12-29 06:00:00,10000,0,5.72,4.26,5.72,5.72,1020,92,1.95,154,2,,5,n,31,Toulouse,43.5792284,1.5033290
800,Clear,ciel dégagé,01d,2025-12-29 09:00:00,2025-12-29 09:00:00,10000,0,6.81,5.62,6.81,6.81,1021,86,1.85,159,3.06,,9,d,31,Toulouse,43.5792284,1.5033290
800,Clear,ciel dégagé,01d,2025-12-29 12:00:00,2025-12-29 12:00:00,10000,0,10.81,9.64,10.81,10.81,1020,65,1.05,174,1.11,,8,d,31,Toulouse,43.5792284,1.5033290
801,Clouds,peu nuageux,02d,2025-12-29 15:00:00,2025-12-29 15:00:00,10000,0,11.5,10.22,11.5,11.5,1018,58,1.13,317,1.59,,14,d,31,Toulouse,43.5792284,1.5033290
802,Clouds,partiellement nuageux,03n,2025-12-29 18:00:00,2025-12-29 18:00:00,10000,0,8.51,7.75,8.51,8.51,1019,72,1.69,310,1.75,,28,n,31,Toulouse,43.5792284,1.5033290
803,Clouds,nuageux,04n,2025-12-29 21:00:00,2025-12-29 21:00:00,10000,0,7.11,6.11,7.11,7.11,1020,81,1.72,276,1.89,,58,n,31,Toulouse,43.5792284,1.5033290
803,Clouds,nuageux,04n,2025-12-30 00:00:00,2025-12-30 00:00:00,10000,0,6.41,4.79,6.41,6.41,1020,86,2.24,264,3.26,,74,n,31,Toulouse,43.5792284,1.5033290
804,Clouds,couvert,04n,2025-12-30 03:00:00,2025-12-30 03:00:00,10000,0,5.76,3.83,5.76,5.76,1020,91,2.46,281,4.76,,98,n,31,Toulouse,43.5792284,1.5033290
804,Clouds,couvert,04n,2025-12-30 06:00:00,2025-12-30 06:00:00,10000,0,6.52,4.28,6.52,6.52,1019,90,3.08,274,7.59,,96,n,31,Toulouse,43.5792284,1.5033290
804,Clouds,couvert,04d,2025-12-30 09:00:00,2025-12-30 09:00:00,10000,0,7.24,5.04,7.24,7.24,1020,91,3.25,280,8.04,,100,d,31,Toulouse,43.5792284,1.5033290
804,Clouds,couvert,04d,2025-12-30 12:00:00,2025-12-30 12:00:00,10000,0,8.22,5.82,8.22,8.22,1019,89,3.99,305,8.12,,100,d,31,Toulouse,43.5792284,1.5033290
804,Clouds,couvert,04d,2025-12-30 15:00:00,2025-12-30 15:00:00,10000,0,8.73,5.99,8.73,8.73,1019,71,5.04,302,8.51,,86,d,31,Toulouse,43.5792284,1.5033290
802,Clouds,partiellement nuageux,03n,2025-12-30 18:00:00,2025-12-30 18:00:00,10000,0,5.21,1.99,5.21,5.21,1020,65,4.22,293,9.06,,47,n,31,Toulouse,43.5792284,1.5033290
800,Clear,ciel dégagé,01n,2025-12-30 21:00:00,2025-12-30 21:00:00,10000,0,3.1,-0.15,3.1,3.1,1021,77,3.51,292,6.86,,0,n,31,Toulouse,43.5792284,1.5033290
800,Clear,ciel dégagé,01n,2025-12-31 00:00:00,2025-12-31 00:00:00,10000,0,1.28,-2.22,1.28,1.28,1022,77,3.32,295,6.02,,0,n,31,Toulouse,43.5792284,1.5033290
800,Clear,ciel dégagé,01n,2025-12-31 03:00:00,2025-12-31 03:00:00,10000,0,-0.23,-3.78,-0.23,-0.23,1023,78,3,281,5.42,,8,n,31,Toulouse,43.5792284,1.5033290
800,Clear,ciel dégagé,01n,2025-12-31 06:00:00,2025-12-31 06:00:00,10000,0,-1.04,-4.65,-1.04,-1.04,1024,80,2.89,279,5.35,,7,n,31,Toulouse,43.5792284,1.5033290
800,Clear,ciel dégagé,01d,2025-12-31 09:00:00,2025-12-31 09:00:00,10000,0,0.28,-3.02,0.28,0.28,1025,70,2.84,276,4.46,,6,d,31,Toulouse,43.5792284,1.5033290
800,Clear,ciel dégagé,01d,2025-12-31 12:00:00,2025-12-31 12:00:00,10000,0,3.75,1.43,3.75,3.75,1024,51,2.49,302,2.87,,4,d,31,Toulouse,43.5792284,1.5033290
800,Clear,ciel dégagé,01d,2025-12-31 15:00:00,2025-12-31 15:00:00,10000,0,4.61,3.24,4.61,4.61,1024,48,1.71,311,1.8,,0,d,31,Toulouse,43.5792284,1.5033290
800,Clear,ciel dégagé,01n,2025-12-31 18:00:00,2025-12-31 18:00:00,10000,0,1.63,0.15,1.63,1.63,1025,61,1.47,318,1.55,,0,n,31,Toulouse,43.5792284,1.5033290
800,Clear,ciel dégagé,01n,2025-12-31 21:00:00,2025-12-31 21:00:00,10000,0,0.5,0.5,0.5,0.5,1025,65,0.08,7,0.23,,0,n,31,Toulouse,43.5792284,1.5033290
800,Clear,ciel dégagé,01n,2026-01-01 00:00:00,2026-01-01 00:00:00,10000,0,-0.14,-0.14,-0.14,-0.14,1024,67,1.08,112,1,,0,n,31,Toulouse,43.5792284,1.5033290
800,Clear,ciel dégagé,01n,2026-01-01 03:00:00,2026-01-01 03:00:00,10000,0,-0.68,-2.38,-0.68,-0.68,1023,67,1.41,109,1.48,,0,n,31,Toulouse,43.5792284,1.5033290
800,Clear,ciel dégagé,01n,2026-01-01 06:00:00,2026-01-01 06:00:00,10000,0,-1.12,-4.06,-1.12,-1.12,1022,67,2.24,110,2.75,,2,n,31,Toulouse,43.5792284,1.5033290
804,Clouds,couvert,04d,2026-01-01 09:00:00,2026-01-01 09:00:00,10000,0,0.9,-2.58,0.9,0.9,1020,59,3.19,122,8.31,,94,d,31,Toulouse,43.5792284,1.5033290
803,Clouds,nuageux,04d,2026-01-01 12:00:00,2026-01-01 12:00:00,10000,0,6.49,2.98,6.49,6.49,1018,55,5.52,127,7.65,,84,d,31,Toulouse,43.5792284,1.5033290
804,Clouds,couvert,04d,2026-01-01 15:00:00,2026-01-01 15:00:00,10000,0,5.76,2.21,5.76,5.76,1016,67,5.17,131,9.44,,96,d,31,Toulouse,43.5792284,1.5033290
804,Clouds,couvert,04n,2026-01-01 18:00:00,2026-01-01 18:00:00,10000,0,3.42,-0.81,3.42,3.42,1015,80,5.34,133,11.61,,98,n,31,Toulouse,43.5792284,1.5033290
804,Clouds,couvert,04n,2026-01-01 21:00:00,2026-01-01 21:00:00,10000,0,2.82,-1.11,2.82,2.82,1014,80,4.48,128,10.38,,100,n,31,Toulouse,43.5792284,1.5033290
803,Clouds,nuageux,04n,2025-12-28 00:00:00,2025-12-28 00:00:00,10000,0,8.42,5.17,8.42,8.47,1022,64,6.2,84,13.89,,76,n,32,Montauban,44.0540146,1.4938873
804,Clouds,couvert,04n,2025-12-28 03:00:00,2025-12-28 03:00:00,10000,0,7.95,4.53,7.72,7.95,1021,62,6.3,89,13.79,,94,n,32,Montauban,44.0540146,1.4938873
804,Clouds,couvert,04n,2025-12-28 06:00:00,2025-12-28 06:00:00,10000,0,6.68,3.89,6.68,6.68,1020,61,4.06,94,10.01,,86,n,32,Montauban,44.0540146,1.4938873
801,Clouds,peu nuageux,02d,2025-12-28 09:00:00,2025-12-28 09:00:00,10000,0,8.02,6.9,8.02,8.02,1021,69,1.98,96,5.06,,11,d,32,Montauban,44.0540146,1.4938873
800,Clear,ciel dégagé,01d,2025-12-28 12:00:00,2025-12-28 12:00:00,10000,0,13.56,12.62,13.56,13.56,1021,63,1.64,129,2.83,,6,d,32,Montauban,44.0540146,1.4938873
800,Clear,ciel dégagé,01d,2025-12-28 15:00:00,2025-12-28 15:00:00,10000,0,12.99,12.12,12.99,12.99,1019,68,0.59,19,0.55,,0,d,32,Montauban,44.0540146,1.4938873
800,Clear,ciel dégagé,01n,2025-12-28 18:00:00,2025-12-28 18:00:00,10000,0,9.2,9.2,9.2,9.2,1020,81,0.51,354,0.63,,0,n,32,Montauban,44.0540146,1.4938873
800,Clear,ciel dégagé,01n,2025-12-28 21:00:00,2025-12-28 21:00:00,10000,0,7.97,7.97,7.97,7.97,1021,85,0.41,101,0.41,,0,n,32,Montauban,44.0540146,1.4938873
800,Clear,ciel dégagé,01n,2025-12-29 00:00:00,2025-12-29 00:00:00,10000,0,6.96,6.33,6.96,6.96,1021,88,1.38,116,1.46,,0,n,32,Montauban,44.0540146,1.4938873
800,Clear,ciel dégagé,01n,2025-12-29 03:00:00,2025-12-29 03:00:00,10000,0,6.25,5.09,6.25,6.25,1020,91,1.74,102,1.79,,5,n,32,Montauban,44.0540146,1.4938873
800,Clear,ciel dégagé,01n,2025-12-29 06:00:00,2025-12-29 06:00:00,10000,0,5.63,5.63,5.63,5.63,1020,91,0.9,123,0.95,,8,n,32,Montauban,44.0540146,1.4938873
802,Clouds,partiellement nuageux,03d,2025-12-29 09:00:00,2025-12-29 09:00:00,10000,0,7.1,7.1,7.1,7.1,1021,85,1.3,119,1.63,,47,d,32,Montauban,44.0540146,1.4938873
802,Clouds,partiellement nuageux,03d,2025-12-29 12:00:00,2025-12-29 12:00:00,10000,0,10.83,9.87,10.83,10.83,1020,73,2.07,158,2.59,,28,d,32,Montauban,44.0540146,1.4938873
800,Clear,ciel dégagé,01d,2025-12-29 15:00:00,2025-12-29 15:00:00,10000,0,11.4,10.5,11.4,11.4,1019,73,0.71,279,0.78,,0,d,32,Montauban,44.0540146,1.4938873
800,Clear,ciel dégagé,01n,2025-12-29 18:00:00,2025-12-29 18:00:00,10000,0,7.92,7.92,7.92,7.92,1019,86,1.07,313,1.1,,5,n,32,Montauban,44.0540146,1.4938873
802,Clouds,partiellement nuageux,03n,2025-12-29 21:00:00,2025-12-29 21:00:00,10000,0,6.74,6.74,6.74,6.74,1020,89,1.22,315,1.27,,37,n,32,Montauban,44.0540146,1.4938873
803,Clouds,nuageux,04n,2025-12-30 00:00:00,2025-12-30 00:00:00,10000,0,5.82,4.97,5.82,5.82,1020,91,1.43,290,1.52,,58,n,32,Montauban,44.0540146,1.4938873
801,Clouds,peu nuageux,02n,2025-12-30 03:00:00,2025-12-30 03:00:00,10000,0,5.04,3.71,5.04,5.04,1020,93,1.73,301,1.75,,24,n,32,Montauban,44.0540146,1.4938873
802,Clouds,partiellement nuageux,03n,2025-12-30 06:00:00,2025-12-30 06:00:00,10000,0,5.26,3.68,5.26,5.26,1019,95,1.99,296,3.98,,36,n,32,Montauban,44.0540146,1.4938873
804,Clouds,couvert,04d,2025-12-30 09:00:00,2025-12-30 09:00:00,10000,0,6.47,4.82,6.47,6.47,1020,91,2.28,305,4.93,,100,d,32,Montauban,44.0540146,1.4938873
804,Clouds,couvert,04d,2025-12-30 12:00:00,2025-12-30 12:00:00,10000,0,8.35,5.83,8.35,8.35,1019,80,4.31,311,6.56,,97,d,32,Montauban,44.0540146,1.4938873
801,Clouds,peu nuageux,02d,2025-12-30 15:00:00,2025-12-30 15:00:00,10000,0,8.34,5.87,8.34,8.34,1019,62,4.2,317,5.72,,15,d,32,Montauban,44.0540146,1.4938873
800,Clear,ciel dégagé,01n,2025-12-30 18:00:00,2025-12-30 18:00:00,10000,0,3.9,0.73,3.9,3.9,1020,73,3.65,328,7.55,,8,n,32,Montauban,44.0540146,1.4938873
800,Clear,ciel dégagé,01n,2025-12-30 21:00:00,2025-12-30 21:00:00,10000,0,1.62,-1.65,1.62,1.62,1021,75,3.11,318,6.1,,0,n,32,Montauban,44.0540146,1.4938873
800,Clear,ciel dégagé,01n,2025-12-31 00:00:00,2025-12-31 00:00:00,10000,0,-0.02,-2.53,-0.02,-0.02,1022,81,2.04,293,2.73,,1,n,32,Montauban,44.0540146,1.4938873
800,Clear,ciel dégagé,01n,2025-12-31 03:00:00,2025-12-31 03:00:00,10000,0,-0.92,-2.6,-0.92,-0.92,1023,85,1.38,254,1.44,,6,n,32,Montauban,44.0540146,1.4938873
800,Clear,ciel dégagé,01n,2025-12-31 06:00:00,2025-12-31 06:00:00,10000,0,-1.49,-1.49,-1.49,-1.49,1024,86,1.21,230,1.3,,6,n,32,Montauban,44.0540146,1.4938873
800,Clear,ciel dégagé,01d,2025-12-31 09:00:00,2025-12-31 09:00:00,10000,0,-0.18,-1.83,-0.18,-0.18,1025,75,1.42,229,1.72,,6,d,32,Montauban,44.0540146,1.4938873
800,Clear,ciel dégagé,01d,2025-12-31 12:00:00,2025-12-31 12:00:00,10000,0,3.33,2.2,3.33,3.33,1024,57,1.39,251,1.23,,6,d,32,Montauban,44.0540146,1.4938873
800,Clear,ciel dégagé,01d,2025-12-31 15:00:00,2025-12-31 15:00:00,10000,0,4.16,4.16,4.16,4.16,1024,54,1.21,280,0.92,,0,d,32,Montauban,44.0540146,1.4938873
800,Clear,ciel dégagé,01n,2025-12-31 18:00:00,2025-12-31 18:00:00,10000,0,0.53,0.53,0.53,0.53,1025,68,1.12,279,1.19,,0,n,32,Montauban,44.0540146,1.4938873
800,Clear,ciel dégagé,01n,2025-12-31 21:00:00,2025-12-31 21:00:00,10000,0,-0.05,-0.05,-0.05,-0.05,1025,69,0.65,94,0.61,,0,n,32,Montauban,44.0540146,1.4938873
800,Clear,ciel dégagé,01n,2026-01-01 00:00:00,2026-01-01 00:00:00,10000,0,-0.48,-2.35,-0.48,-0.48,1024,71,1.53,110,1.56,,0,n,32,Montauban,44.0540146,1.4938873
800,Clear,ciel dégagé,01n,2026-01-01 03:00:00,2026-01-01 03:00:00,10000,0,-1.02,-3.14,-1.02,-1.02,1023,76,1.64,122,1.66,,1,n,32,Montauban,44.0540146,1.4938873
800,Clear,ciel dégagé,01n,2026-01-01 06:00:00,2026-01-01 06:00:00,10000,0,-1.32,-4.37,-1.32,-1.32,1022,73,2.31,109,2.2,,2,n,32,Montauban,44.0540146,1.4938873
804,Clouds,couvert,04d,2026-01-01 09:00:00,2026-01-01 09:00:00,10000,0,0.57,-2.13,0.57,0.57,1021,58,2.29,116,4.28,,95,d,32,Montauban,44.0540146,1.4938873
804,Clouds,couvert,04d,2026-01-01 12:00:00,2026-01-01 12:00:00,10000,0,5.93,3.71,5.93,5.93,1018,38,2.88,127,3.79,,85,d,32,Montauban,44.0540146,1.4938873
804,Clouds,couvert,04d,2026-01-01 15:00:00,2026-01-01 15:00:00,10000,0,5.36,3.54,5.36,5.36,1016,53,2.26,111,2.77,,100,d,32,Montauban,44.0540146,1.4938873
804,Clouds,couvert,04n,2026-01-01 18:00:00,2026-01-01 18:00:00,10000,0,2.44,0.18,2.44,2.44,1015,72,2.19,130,1.91,,100,n,32,Montauban,44.0540146,1.4938873
804,Clouds,couvert,04n,2026-01-01 21:00:00,2026-01-01 21:00:00,10000,0,1.98,-0.93,1.98,1.98,1014,84,2.78,120,3.24,,100,n,32,Montauban,44.0540146,1.4938873
802,Clouds,partiellement nuageux,03n,2025-12-28 00:00:00,2025-12-28 00:00:00,10000,0,7.89,6.12,7.89,9.08,1019,91,2.79,94,3.15,,28,n,33,Biarritz,43.4832523,-1.5592776
802,Clouds,partiellement nuageux,03n,2025-12-28 03:00:00,2025-12-28 03:00:00,10000,0,7.35,5.08,7.35,7.38,1020,91,3.39,109,4.15,,49,n,33,Biarritz,43.4832523,-1.5592776
803,Clouds,nuageux,04n,2025-12-28 06:00:00,2025-12-28 06:00:00,10000,0,6.5,4.48,6.5,6.5,1019,86,2.76,116,3.11,,80,n,33,Biarritz,43.4832523,-1.5592776
801,Clouds,peu nuageux,02d,2025-12-28 09:00:00,2025-12-28 09:00:00,10000,0,7.77,6.78,7.77,7.77,1020,81,1.8,136,2.13,,15,d,33,Biarritz,43.4832523,-1.5592776
801,Clouds,peu nuageux,02d,2025-12-28 12:00:00,2025-12-28 12:00:00,10000,0,12.81,11.92,12.81,12.81,1020,68,0.95,111,1.34,,11,d,33,Biarritz,43.4832523,-1.5592776
803,Clouds,nuageux,04d,2025-12-28 15:00:00,2025-12-28 15:00:00,10000,0,12.84,12.11,12.84,12.84,1019,74,2.09,38,2.31,,75,d,33,Biarritz,43.4832523,-1.5592776
803,Clouds,nuageux,04n,2025-12-28 18:00:00,2025-12-28 18:00:00,10000,0,10.71,9.98,10.71,10.71,1019,82,2.37,84,2.71,,83,n,33,Biarritz,43.4832523,-1.5592776
802,Clouds,partiellement nuageux,03n,2025-12-28 21:00:00,2025-12-28 21:00:00,10000,0,9.75,9.21,9.75,9.75,1020,83,1.65,134,1.82,,46,n,33,Biarritz,43.4832523,-1.5592776
802,Clouds,partiellement nuageux,03n,2025-12-29 00:00:00,2025-12-29 00:00:00,10000,0,9.4,8.79,9.4,9.4,1020,82,1.67,135,1.71,,49,n,33,Biarritz,43.4832523,-1.5592776
803,Clouds,nuageux,04n,2025-12-29 03:00:00,2025-12-29 03:00:00,10000,0,9.49,8.71,9.49,9.49,1019,79,1.87,163,2.18,,76,n,33,Biarritz,43.4832523,-1.5592776
803,Clouds,nuageux,04n,2025-12-29 06:00:00,2025-12-29 06:00:00,10000,0,9.06,8.45,9.06,9.06,1019,79,1.62,165,1.72,,76,n,33,Biarritz,43.4832523,-1.5592776
801,Clouds,peu nuageux,02d,2025-12-29 09:00:00,2025-12-29 09:00:00,10000,0,9.38,8.62,9.38,9.38,1020,77,1.83,163,2.05,,14,d,33,Biarritz,43.4832523,-1.5592776
801,Clouds,peu nuageux,02d,2025-12-29 12:00:00,2025-12-29 12:00:00,10000,0,12.24,11.3,12.24,12.24,1020,68,0.76,262,1.1,,11,d,33,Biarritz,43.4832523,-1.5592776
802,Clouds,partiellement nuageux,03d,2025-12-29 15:00:00,2025-12-29 15:00:00,10000,0,12.14,11.32,12.14,12.14,1019,73,1.82,308,2.31,,40,d,33,Biarritz,43.4832523,-1.5592776
803,Clouds,nuageux,04n,2025-12-29 18:00:00,2025-12-29 18:00:00,10000,0,10.91,10.12,10.91,10.91,1020,79,1.11,245,1.82,,65,n,33,Biarritz,43.4832523,-1.5592776
804,Clouds,couvert,04n,2025-12-29 21:00:00,2025-12-29 21:00:00,10000,0,10.02,9.3,10.02,10.02,1020,85,2.73,205,2.99,,100,n,33,Biarritz,43.4832523,-1.5592776
804,Clouds,couvert,04n,2025-12-30 00:00:00,2025-12-30 00:00:00,10000,0,10.25,9.6,10.25,10.25,1020,87,3.43,228,4.94,,100,n,33,Biarritz,43.4832523,-1.5592776
500,Rain,légère pluie,10n,2025-12-30 03:00:00,2025-12-30 03:00:00,10000,0.72,11.65,11.04,11.65,11.65,1020,83,3.82,266,5.49,0.42,99,n,33,Biarritz,43.4832523,-1.5592776
500,Rain,légère pluie,10n,2025-12-30 06:00:00,2025-12-30 06:00:00,10000,0.93,11.8,11.1,11.8,11.8,1020,79,4.41,314,5.91,0.63,100,n,33,Biarritz,43.4832523,-1.5592776
500,Rain,légère pluie,10d,2025-12-30 09:00:00,2025-12-30 09:00:00,10000,0.21,11.56,10.86,11.56,11.56,1021,80,4.47,308,6.08,0.28,100,d,33,Biarritz,43.4832523,-1.5592776
500,Rain,légère pluie,10d,2025-12-30 12:00:00,2025-12-30 12:00:00,10000,0.98,10.91,10.22,10.91,10.91,1021,83,4.88,350,5.67,0.66,95,d,33,Biarritz,43.4832523,-1.5592776
804,Clouds,couvert,04d,2025-12-30 15:00:00,2025-12-30 15:00:00,10000,0.02,9.57,7.39,9.57,9.57,1021,78,4.19,350,5.01,,99,d,33,Biarritz,43.4832523,-1.5592776
803,Clouds,nuageux,04n,2025-12-30 18:00:00,2025-12-30 18:00:00,10000,0,8.29,6.43,8.29,8.29,1022,70,3.05,345,3.79,,59,n,33,Biarritz,43.4832523,-1.5592776
801,Clouds,peu nuageux,02n,2025-12-30 21:00:00,2025-12-30 21:00:00,10000,0,5.67,2.97,5.67,5.67,1023,72,3.52,55,4.16,,13,n,33,Biarritz,43.4832523,-1.5592776
801,Clouds,peu nuageux,02n,2025-12-31 00:00:00,2025-12-31 00:00:00,10000,0,3.99,1.98,3.99,3.99,1024,79,2.21,66,2.21,,11,n,33,Biarritz,43.4832523,-1.5592776
802,Clouds,partiellement nuageux,03n,2025-12-31 03:00:00,2025-12-31 03:00:00,10000,0,3.35,1.29,3.35,3.35,1024,78,2.15,50,2.4,,33,n,33,Biarritz,43.4832523,-1.5592776
802,Clouds,partiellement nuageux,03n,2025-12-31 06:00:00,2025-12-31 06:00:00,10000,0,2.18,0.08,2.18,2.18,1024,80,2,66,1.74,,31,n,33,Biarritz,43.4832523,-1.5592776
801,Clouds,peu nuageux,02d,2025-12-31 09:00:00,2025-12-31 09:00:00,10000,0,2.36,0.48,2.36,2.36,1026,79,1.84,75,1.4,,22,d,33,Biarritz,43.4832523,-1.5592776
801,Clouds,peu nuageux,02d,2025-12-31 12:00:00,2025-12-31 12:00:00,10000,0,4.53,4.53,4.53,4.53,1025,72,1.14,347,1.72,,22,d,33,Biarritz,43.4832523,-1.5592776
801,Clouds,peu nuageux,02d,2025-12-31 15:00:00,2025-12-31 15:00:00,10000,0,4.96,3.95,4.96,4.96,1024,71,1.46,354,1.42,,12,d,33,Biarritz,43.4832523,-1.5592776
801,Clouds,peu nuageux,02n,2025-12-31 18:00:00,2025-12-31 18:00:00,10000,0,3.48,3.48,3.48,3.48,1024,75,0.93,109,0.48,,11,n,33,Biarritz,43.4832523,-1.5592776
800,Clear,ciel dégagé,01n,2025-12-31 21:00:00,2025-12-31 21:00:00,10000,0,2.67,0.55,2.67,2.67,1024,86,2.09,121,1.91,,5,n,33,Biarritz,43.4832523,-1.5592776
801,Clouds,peu nuageux,02n,2026-01-01 00:00:00,2026-01-01 00:00:00,10000,0,2.3,0.02,2.3,2.3,1022,86,2.18,115,2.1,,17,n,33,Biarritz,43.4832523,-1.5592776
803,Clouds,nuageux,04n,2026-01-01 03:00:00,2026-01-01 03:00:00,10000,0,2.34,-0.26,2.34,2.34,1021,77,2.51,126,2.91,,71,n,33,Biarritz,43.4832523,-1.5592776
803,Clouds,nuageux,04n,2026-01-01 06:00:00,2026-01-01 06:00:00,10000,0,2.77,0.23,2.77,2.77,1019,70,2.53,133,2.88,,69,n,33,Biarritz,43.4832523,-1.5592776
804,Clouds,couvert,04d,2026-01-01 09:00:00,2026-01-01 09:00:00,10000,0,4.72,2.71,4.72,4.72,1018,65,2.34,147,3.15,,95,d,33,Biarritz,43.4832523,-1.5592776
804,Clouds,couvert,04d,2026-01-01 12:00:00,2026-01-01 12:00:00,10000,0,8.76,7.51,8.76,8.76,1016,58,2.29,171,4.36,,97,d,33,Biarritz,43.4832523,-1.5592776
804,Clouds,couvert,04d,2026-01-01 15:00:00,2026-01-01 15:00:00,10000,0,10.13,8.66,10.13,10.13,1014,56,2.24,176,3.93,,100,d,33,Biarritz,43.4832523,-1.5592776
804,Clouds,couvert,04n,2026-01-01 18:00:00,2026-01-01 18:00:00,10000,0,7.76,5.76,7.76,7.76,1013,67,3.09,171,4.25,,100,n,33,Biarritz,43.4832523,-1.5592776
804,Clouds,couvert,04n,2026-01-01 21:00:00,2026-01-01 21:00:00,10000,0,8.59,6.26,8.59,8.59,1013,67,4.02,181,7.01,,100,n,33,Biarritz,43.4832523,-1.5592776
803,Clouds,nuageux,04n,2025-12-28 00:00:00,2025-12-28 00:00:00,10000,0,6.77,6.77,6.5,6.77,1020,92,1.05,187,1.02,,83,n,34,Bayonne,43.2775332,-1.2087111
804,Clouds,couvert,04n,2025-12-28 03:00:00,2025-12-28 03:00:00,10000,0,5.62,5.62,4.98,5.62,1020,93,1.14,162,0.92,,87,n,34,Bayonne,43.2775332,-1.2087111
804,Clouds,couvert,04n,2025-12-28 06:00:00,2025-12-28 06:00:00,10000,0,3.71,2.48,3.71,3.71,1020,88,1.5,188,1.26,,87,n,34,Bayonne,43.2775332,-1.2087111
800,Clear,ciel dégagé,01d,2025-12-28 09:00:00,2025-12-28 09:00:00,10000,0,5.7,4.82,5.7,5.7,1021,81,1.44,200,1.79,,6,d,34,Bayonne,43.2775332,-1.2087111
800,Clear,ciel dégagé,01d,2025-12-28 12:00:00,2025-12-28 12:00:00,10000,0,12.28,11.18,12.28,12.28,1020,62,0.32,7,0.6,,9,d,34,Bayonne,43.2775332,-1.2087111
804,Clouds,couvert,04d,2025-12-28 15:00:00,2025-12-28 15:00:00,10000,0,11.76,11.08,11.76,11.76,1019,80,1.01,34,0.9,,100,d,34,Bayonne,43.2775332,-1.2087111
804,Clouds,couvert,04n,2025-12-28 18:00:00,2025-12-28 18:00:00,10000,0,7.52,7.52,7.52,7.52,1020,95,1.28,170,1.13,,98,n,34,Bayonne,43.2775332,-1.2087111
804,Clouds,couvert,04n,2025-12-28 21:00:00,2025-12-28 21:00:00,10000,0,7.32,6.6,7.32,7.32,1020,91,1.49,202,1.26,,85,n,34,Bayonne,43.2775332,-1.2087111
803,Clouds,nuageux,04n,2025-12-29 00:00:00,2025-12-29 00:00:00,10000,0,6.93,6.04,6.93,6.93,1020,86,1.59,197,1.52,,76,n,34,Bayonne,43.2775332,-1.2087111
803,Clouds,nuageux,04n,2025-12-29 03:00:00,2025-12-29 03:00:00,10000,0,6.73,5.49,6.73,6.73,1020,85,1.89,195,1.79,,84,n,34,Bayonne,43.2775332,-1.2087111
803,Clouds,nuageux,04n,2025-12-29 06:00:00,2025-12-29 06:00:00,10000,0,6.08,4.85,6.08,6.08,1020,86,1.78,202,1.55,,68,n,34,Bayonne,43.2775332,-1.2087111
801,Clouds,peu nuageux,02d,2025-12-29 09:00:00,2025-12-29 09:00:00,10000,0,7.76,7.23,7.76,7.76,1021,81,1.39,196,2.16,,13,d,34,Bayonne,43.2775332,-1.2087111
801,Clouds,peu nuageux,02d,2025-12-29 12:00:00,2025-12-29 12:00:00,10000,0,13.24,12.21,13.24,13.24,1019,61,0.47,282,1.49,,17,d,34,Bayonne,43.2775332,-1.2087111
803,Clouds,nuageux,04d,2025-12-29 15:00:00,2025-12-29 15:00:00,10000,0,12.42,11.62,12.42,12.42,1018,73,1.11,3,1.78,,73,d,34,Bayonne,43.2775332,-1.2087111
803,Clouds,nuageux,04n,2025-12-29 18:00:00,2025-12-29 18:00:00,10000,0,7.22,7.22,7.22,7.22,1020,95,0.96,195,0.84,,73,n,34,Bayonne,43.2775332,-1.2087111
804,Clouds,couvert,04n,2025-12-29 21:00:00,2025-12-29 21:00:00,10000,0,6.68,6.05,6.68,6.68,1021,95,1.35,206,1.11,,100,n,34,Bayonne,43.2775332,-1.2087111
804,Clouds,couvert,04n,2025-12-30 00:00:00,2025-12-30 00:00:00,10000,0,6.23,5.19,6.23,6.23,1021,94,1.63,208,1.31,,98,n,34,Bayonne,43.2775332,-1.2087111
804,Clouds,couvert,04n,2025-12-30 03:00:00,2025-12-30 03:00:00,10000,0,7.95,7.95,7.95,7.95,1020,87,1.15,228,1.08,,100,n,34,Bayonne,43.2775332,-1.2087111
804,Clouds,couvert,04n,2025-12-30 06:00:00,2025-12-30 06:00:00,10000,0,8.37,8.37,8.37,8.37,1020,88,0.85,228,0.63,,100,n,34,Bayonne,43.2775332,-1.2087111
500,Rain,légère pluie,10d,2025-12-30 09:00:00,2025-12-30 09:00:00,10000,0.33,8.67,8.67,8.67,8.67,1021,94,0.75,289,2.79,0.17,100,d,34,Bayonne,43.2775332,-1.2087111
500,Rain,légère pluie,10d,2025-12-30 12:00:00,2025-12-30 12:00:00,10000,0.58,9.13,9.13,9.13,9.13,1021,93,0.94,318,2.63,0.38,100,d,34,Bayonne,43.2775332,-1.2087111
500,Rain,légère pluie,10d,2025-12-30 15:00:00,2025-12-30 15:00:00,10000,0.88,8.21,7.7,8.21,8.21,1021,93,1.42,326,3.4,0.56,100,d,34,Bayonne,43.2775332,-1.2087111
804,Clouds,couvert,04n,2025-12-30 18:00:00,2025-12-30 18:00:00,10000,0.33,5.84,5.84,5.84,5.84,1022,96,1.15,319,1.52,,90,n,34,Bayonne,43.2775332,-1.2087111
803,Clouds,nuageux,04n,2025-12-30 21:00:00,2025-12-30 21:00:00,10000,0,4.69,4.69,4.69,4.69,1023,87,1.22,357,1.51,,84,n,34,Bayonne,43.2775332,-1.2087111
803,Clouds,nuageux,04n,2025-12-31 00:00:00,2025-12-31 00:00:00,10000,0,1.5,1.5,1.5,1.5,1024,94,0.75,337,0.83,,77,n,34,Bayonne,43.2775332,-1.2087111
801,Clouds,peu nuageux,02n,2025-12-31 03:00:00,2025-12-31 03:00:00,10000,0,-0.55,-0.55,-0.55,-0.55,1025,98,0.37,279,0.26,,18,n,34,Bayonne,43.2775332,-1.2087111
802,Clouds,partiellement nuageux,03n,2025-12-31 06:00:00,2025-12-31 06:00:00,10000,0,-0.79,-0.79,-0.79,-0.79,1025,97,0.37,232,0.2,,26,n,34,Bayonne,43.2775332,-1.2087111
802,Clouds,partiellement nuageux,03d,2025-12-31 09:00:00,2025-12-31 09:00:00,10000,0,0.73,0.73,0.73,0.73,1026,91,0.15,286,0.46,,40,d,34,Bayonne,43.2775332,-1.2087111
802,Clouds,partiellement nuageux,03d,2025-12-31 12:00:00,2025-12-31 12:00:00,10000,0,4.76,4.76,4.76,4.76,1024,67,1.12,328,1.67,,28,d,34,Bayonne,43.2775332,-1.2087111
800,Clear,ciel dégagé,01d,2025-12-31 15:00:00,2025-12-31 15:00:00,10000,0,4.81,4.81,4.81,4.81,1024,65,1.05,1,1.18,,6,d,34,Bayonne,43.2775332,-1.2087111
800,Clear,ciel dégagé,01n,2025-12-31 18:00:00,2025-12-31 18:00:00,10000,0,0.03,0.03,0.03,0.03,1025,92,1.11,186,0.88,,5,n,34,Bayonne,43.2775332,-1.2087111
800,Clear,ciel dégagé,01n,2025-12-31 21:00:00,2025-12-31 21:00:00,10000,0,-0.33,-0.33,-0.33,-0.33,1024,85,1.05,190,0.94,,4,n,34,Bayonne,43.2775332,-1.2087111
800,Clear,ciel dégagé,01n,2026-01-01 00:00:00,2026-01-01 00:00:00,10000,0,0.03,0.03,0.03,0.03,1023,76,1.13,184,1.12,,10,n,34,Bayonne,43.2775332,-1.2087111
803,Clouds,nuageux,04n,2026-01-01 03:00:00,2026-01-01 03:00:00,10000,0,0.69,-1.21,0.69,0.69,1022,72,1.66,182,1.79,,71,n,34,Bayonne,43.2775332,-1.2087111
803,Clouds,nuageux,04n,2026-01-01 06:00:00,2026-01-01 06:00:00,10000,0,0.85,-1.62,0.85,0.85,1020,73,2.13,195,2.68,,69,n,34,Bayonne,43.2775332,-1.2087111
804,Clouds,couvert,04d,2026-01-01 09:00:00,2026-01-01 09:00:00,10000,0,3.45,1.36,3.45,3.45,1019,65,2.19,197,4.05,,99,d,34,Bayonne,43.2775332,-1.2087111
804,Clouds,couvert,04d,2026-01-01 12:00:00,2026-01-01 12:00:00,10000,0,9.33,8.31,9.33,9.33,1016,50,2.13,211,5.41,,100,d,34,Bayonne,43.2775332,-1.2087111
804,Clouds,couvert,04d,2026-01-01 15:00:00,2026-01-01 15:00:00,10000,0,8.43,7.07,8.43,8.43,1014,59,2.36,207,4.7,,100,d,34,Bayonne,43.2775332,-1.2087111
804,Clouds,couvert,04n,2026-01-01 18:00:00,2026-01-01 18:00:00,10000,0,5.44,3.14,5.44,5.44,1014,68,2.85,205,5.83,,100,n,34,Bayonne,43.2775332,-1.2087111
804,Clouds,couvert,04n,2026-01-01 21:00:00,2026-01-01 21:00:00,10000,0,6.15,4.21,6.15,6.15,1013,71,2.56,205,5.06,,100,n,34,Bayonne,43.2775332,-1.2087111
800,Clear,ciel dégagé,01n,2025-12-28 00:00:00,2025-12-28 00:00:00,10000,0,1.12,-4.57,1.12,1.46,1024,82,7.22,67,13.94,,10,n,35,La Rochelle,46.1876796,-1.0642807
800,Clear,ciel dégagé,01n,2025-12-28 03:00:00,2025-12-28 03:00:00,10000,0,0.93,-4.61,0.92,0.93,1023,76,6.74,65,13.75,,2,n,35,La Rochelle,46.1876796,-1.0642807
800,Clear,ciel dégagé,01n,2025-12-28 06:00:00,2025-12-28 06:00:00,10000,0,0.64,-4.98,0.64,0.64,1023,70,6.75,67,13.03,,2,n,35,La Rochelle,46.1876796,-1.0642807
800,Clear,ciel dégagé,01d,2025-12-28 09:00:00,2025-12-28 09:00:00,10000,0,1.96,-3,1.96,1.96,1023,71,6.09,63,10.83,,0,d,35,La Rochelle,46.1876796,-1.0642807
800,Clear,ciel dégagé,01d,2025-12-28 12:00:00,2025-12-28 12:00:00,10000,0,7.4,4,7.4,7.4,1023,58,5.83,67,7.52,,0,d,35,La Rochelle,46.1876796,-1.0642807
800,Clear,ciel dégagé,01d,2025-12-28 15:00:00,2025-12-28 15:00:00,10000,0,8.49,5.64,8.49,8.49,1021,61,5.15,56,7.89,,0,d,35,La Rochelle,46.1876796,-1.0642807
800,Clear,ciel dégagé,01n,2025-12-28 18:00:00,2025-12-28 18:00:00,10000,0,4.68,0.49,4.68,4.68,1021,72,6,52,10.58,,0,n,35,La Rochelle,46.1876796,-1.0642807
800,Clear,ciel dégagé,01n,2025-12-28 21:00:00,2025-12-28 21:00:00,10000,0,3.11,-0.94,3.11,3.11,1022,77,4.83,58,8.56,,3,n,35,La Rochelle,46.1876796,-1.0642807
800,Clear,ciel dégagé,01n,2025-12-29 00:00:00,2025-12-29 00:00:00,10000,0,2.41,-1.64,2.41,2.41,1021,81,4.52,61,6.48,,8,n,35,La Rochelle,46.1876796,-1.0642807
801,Clouds,peu nuageux,02n,2025-12-29 03:00:00,2025-12-29 03:00:00,10000,0,1.99,-2.05,1.99,1.99,1021,83,4.33,64,6.27,,20,n,35,La Rochelle,46.1876796,-1.0642807
801,Clouds,peu nuageux,02n,2025-12-29 06:00:00,2025-12-29 06:00:00,10000,0,1.7,-2.2,1.7,1.7,1021,81,4,64,5.17,,17,n,35,La Rochelle,46.1876796,-1.0642807
800,Clear,ciel dégagé,01d,2025-12-29 09:00:00,2025-12-29 09:00:00,10000,0,2.42,-1.01,2.42,2.42,1022,76,3.55,73,5.02,,6,d,35,La Rochelle,46.1876796,-1.0642807
800,Clear,ciel dégagé,01d,2025-12-29 12:00:00,2025-12-29 12:00:00,10000,0,6.8,4.73,6.8,6.8,1021,60,2.91,71,3.05,,6,d,35,La Rochelle,46.1876796,-1.0642807
802,Clouds,partiellement nuageux,03d,2025-12-29 15:00:00,2025-12-29 15:00:00,10000,0,7.87,6.09,7.87,7.87,1020,63,2.79,54,3.5,,33,d,35,La Rochelle,46.1876796,-1.0642807
803,Clouds,nuageux,04n,2025-12-29 18:00:00,2025-12-29 18:00:00,10000,0,4.95,1.86,4.95,4.95,1020,76,3.9,50,4.91,,66,n,35,La Rochelle,46.1876796,-1.0642807
803,Clouds,nuageux,04n,2025-12-29 21:00:00,2025-12-29 21:00:00,10000,0,2.93,-0.82,2.93,2.93,1021,82,4.23,58,6.16,,72,n,35,La Rochelle,46.1876796,-1.0642807
802,Clouds,partiellement nuageux,03n,2025-12-30 00:00:00,2025-12-30 00:00:00,10000,0,1.86,-2.41,1.86,1.86,1021,81,4.68,54,7.06,,42,n,35,La Rochelle,46.1876796,-1.0642807
800,Clear,ciel dégagé,01n,2025-12-30 03:00:00,2025-12-30 03:00:00,10000,0,0.53,-4.33,0.53,0.53,1022,79,5.13,50,8.79,,6,n,35,La Rochelle,46.1876796,-1.0642807
800,Clear,ciel dégagé,01n,2025-12-30 06:00:00,2025-12-30 06:00:00,10000,0,0.31,-5.41,0.31,0.31,1023,66,6.75,52,12.61,,4,n,35,La Rochelle,46.1876796,-1.0642807
801,Clouds,peu nuageux,02d,2025-12-30 09:00:00,2025-12-30 09:00:00,10000,0,1.85,-4.28,1.85,1.85,1025,90,9.03,53,14.83,,15,d,35,La Rochelle,46.1876796,-1.0642807
803,Clouds,nuageux,04d,2025-12-30 12:00:00,2025-12-30 12:00:00,10000,0,5,-0.21,5,5,1025,71,9.28,56,12.45,,56,d,35,La Rochelle,46.1876796,-1.0642807
802,Clouds,partiellement nuageux,03d,2025-12-30 15:00:00,2025-12-30 15:00:00,10000,0,5.59,0.71,5.59,5.59,1025,62,8.77,50,12.49,,41,d,35,La Rochelle,46.1876796,-1.0642807
801,Clouds,peu nuageux,02n,2025-12-30 18:00:00,2025-12-30 18:00:00,10000,0,3.01,-2.19,3.01,3.01,1026,66,7.38,42,14.55,,22,n,35,La Rochelle,46.1876796,-1.0642807
800,Clear,ciel dégagé,01n,2025-12-30 21:00:00,2025-12-30 21:00:00,10000,0,2.46,-3.1,2.46,2.46,1027,66,7.93,47,14.3,,0,n,35,La Rochelle,46.1876796,-1.0642807
800,Clear,ciel dégagé,01n,2025-12-31 00:00:00,2025-12-31 00:00:00,10000,0,1.35,-4.43,1.35,1.35,1027,70,7.63,46,14.45,,0,n,35,La Rochelle,46.1876796,-1.0642807
800,Clear,ciel dégagé,01n,2025-12-31 03:00:00,2025-12-31 03:00:00,10000,0,0.35,-5.44,0.35,0.35,1027,75,6.95,42,13.26,,1,n,35,La Rochelle,46.1876796,-1.0642807
800,Clear,ciel dégagé,01n,2025-12-31 06:00:00,2025-12-31 06:00:00,10000,0,-0.55,-6.67,-0.55,-0.55,1028,74,7.12,46,13.88,,3,n,35,La Rochelle,46.1876796,-1.0642807
800,Clear,ciel dégagé,01d,2025-12-31 09:00:00,2025-12-31 09:00:00,10000,0,-0.34,-6.64,-0.34,-0.34,1028,65,7.67,51,14.79,,6,d,35,La Rochelle,46.1876796,-1.0642807
800,Clear,ciel dégagé,01d,2025-12-31 12:00:00,2025-12-31 12:00:00,10000,0,3.25,-2.32,3.25,3.25,1027,40,8.64,64,12.34,,4,d,35,La Rochelle,46.1876796,-1.0642807
800,Clear,ciel dégagé,01d,2025-12-31 15:00:00,2025-12-31 15:00:00,10000,0,3.83,-1.01,3.83,3.83,1027,40,7.05,60,11.27,,3,d,35,La Rochelle,46.1876796,-1.0642807
800,Clear,ciel dégagé,01n,2025-12-31 18:00:00,2025-12-31 18:00:00,10000,0,0.31,-5.1,0.31,0.31,1026,52,6.08,53,11.96,,4,n,35,La Rochelle,46.1876796,-1.0642807
800,Clear,ciel dégagé,01n,2025-12-31 21:00:00,2025-12-31 21:00:00,10000,0,-0.37,-6.13,-0.37,-0.37,1026,58,6.44,64,13.31,,5,n,35,La Rochelle,46.1876796,-1.0642807
800,Clear,ciel dégagé,01n,2026-01-01 00:00:00,2026-01-01 00:00:00,10000,0,-1.22,-6.48,-1.22,-1.22,1024,63,5.06,72,9.74,,4,n,35,La Rochelle,46.1876796,-1.0642807
801,Clouds,peu nuageux,02n,2026-01-01 03:00:00,2026-01-01 03:00:00,10000,0,-1.68,-6.69,-1.68,-1.68,1022,60,4.49,86,7.55,,14,n,35,La Rochelle,46.1876796,-1.0642807
802,Clouds,partiellement nuageux,03n,2026-01-01 06:00:00,2026-01-01 06:00:00,10000,0,-1.83,-6.04,-1.83,-1.83,1020,55,3.38,110,4.03,,46,n,35,La Rochelle,46.1876796,-1.0642807
804,Clouds,couvert,04d,2026-01-01 09:00:00,2026-01-01 09:00:00,10000,0,-0.46,-4.32,-0.46,-0.46,1019,60,3.31,137,4.33,,100,d,35,La Rochelle,46.1876796,-1.0642807
804,Clouds,couvert,04d,2026-01-01 12:00:00,2026-01-01 12:00:00,10000,0,2.99,0.46,2.99,2.99,1017,57,2.56,156,3.04,,100,d,35,La Rochelle,46.1876796,-1.0642807
804,Clouds,couvert,04d,2026-01-01 15:00:00,2026-01-01 15:00:00,10000,0,3.89,2.27,3.89,3.89,1015,58,1.83,171,2.07,,100,d,35,La Rochelle,46.1876796,-1.0642807
804,Clouds,couvert,04n,2026-01-01 18:00:00,2026-01-01 18:00:00,10000,0,2.04,0.33,2.04,2.04,1014,66,1.67,145,1.76,,100,n,35,La Rochelle,46.1876796,-1.0642807
804,Clouds,couvert,04n,2026-01-01 21:00:00,2026-01-01 21:00:00,10000,0,2.19,-0.9,2.19,2.19,1012,69,3.04,135,2.83,,100,n,35,La Rochelle,46.1876796,-1.0642807
