id,description,cluster,main_topic,topic_1,topic_2,topic_3,topic_4,topic_5,topic_6,topic_7,topic_8,topic_9,topic_10
1,"Active classic boxers - There's a reason why our boxers are a cult favorite - they keep their cool, especially in sticky situations. The quick-drying, lightweight underwear takes up minimal space in a travel pack. An exposed, brushed waistband offers next-to-skin softness, five-panel construction with a traditional boxer back for a classic fit, and a functional fly. Made of 3.7-oz 100% recycled polyester with moisture-wicking performance. Inseam (size M) is 4 1/2"". Recyclable through the Common Threads Recycling Program.<br><br><b>Details:</b><ul> <li>""Silky Capilene 1 fabric is ultralight, breathable and quick-to-dry""</li> <li>""Exposed, brushed elastic waistband for comfort""</li> <li>5-panel construction with traditional boxer back</li> <li>""Inseam (size M) is 4 1/2""""""</li></ul><br><br><b>Fabric: </b>3.7-oz 100% all-recycled polyester with Gladiodor natural odor control for the garment. Recyclable through the Common Threads Recycling Program<br><br><b>Weight: </b>99 g (3.5 oz)<br><br>Made in Mexico.",0,3,0.17342498197650394,-0.05216950329966869,0.20027306573303186,0.007685561176289955,-0.11186316945695997,-0.02384811222017448,-0.029466455209440846,-0.00021373671493282785,-0.12103570733439156,-0.06307904932675697
2,"Active sport boxer briefs - Skinning up Glory requires enough movement without your boxers deciding to poach their own route. The form-fitting Active Sport Boxer Briefs are made from breathable 93% polyester (71% recycled) fabric that's fast-wicking, dries quickly and has 7% spandex for stretch; the seamless waistband and soft leg edges won't roll or bind. The gusseted, flat-sewn 6"" inseam (size M) is offset to prevent inner-thigh chafe. Fly-free with a smooth front panel. Recyclable through the Common Threads Recycling Program.<br><br><b>Details:</b><ul> <li>""Stretch mesh provides support, open-weave mesh for airflow, wicks efficiently, dries fast""</li> <li>Seamless construction</li> <li>""Flat-sewn, gusseted inseam is set forward to prevent inner-thigh chafe""</li> <li>Fly-free support</li> <li>""Inseam (size M) is 6""""""</li></ul><br><br><b>Fabric: </b>""4.6-oz 93% polyester (71% recycled)/7% spandex, with moisture-wicking performance. Recyclable through the Common Threads Recycling Program""<br><br><b>Weight: </b>(60 g 2.1 oz)<br><br>Made in Israel.",0,1,0.22556066455240725,-0.05243324426539382,0.1416065484554333,0.03416157010112805,-0.04047814590843619,0.13174629290806217,0.06791665614118224,-0.02542915307507946,-0.09441092271127399,-0.09207411956166715
3,"Active sport briefs - These superbreathable no-fly briefs are the minimalist's choice for high-octane endeavors. Made from a blend of fast-wicking, quick-drying 93% polyester (71% recycled) and 7% spandex that has both stretch-mesh (for support) and open mesh (for cooling airflow). Soft edging at the leg openings and a seamless waist won't roll or create friction against layers. With a smooth front panel for opacity. Recyclable through the Common Threads Recycling Program.<br><br><b>Details:</b><ul> <li>""Stretch mesh provides support, open-weave mesh for airflow, wicks efficiently and dries fast""</li> <li>Seamless construction</li> <li>Leg openings have half-inch self-binding for comfort</li> <li>Fly-free support</li></ul><br><br><b>Fabric: </b>""4.6-oz 93% polyester (71% recycled)/7% spandex, with moisture-wicking performance. Recyclable through the Common Threads Recycling Program""<br><br><b>Weight: </b>(49 g 1.7 oz)<br><br>Made in Israel.",0,1,0.2387841800853281,-0.08763808485480919,0.11602980090628963,0.013836301341068037,-0.029624297906632128,0.12466297880589361,0.16358057071451887,0.04290158986180988,-0.04928149989783564,-0.05214411665534553
4,"Alpine guide pants - Skin in, climb ice, switch to rock, traverse a knife-edge ridge and boogie back down - these durable, weather-resistant and breathable soft-shell pants keep stride on every mountain endeavor. The midweight stretch-woven polyester won't restrict your moves, and the brushed interior maintains next-to-skin comfort. A 2-way zippered fly keeps things easy with a harness on, and the gusseted, zippered cuffs have 2-position snaps and tie-down loops. With water-resistant zippered pockets: two front, two thigh, one back hip. Recyclable through the Common Threads Recycling Program.<br><br><b>Details:</b><ul> <li>Durable stretch-woven polyester (47% recycled) with DWR (durable water repellent) finish is water- and wind-resistant and highly breathable</li> <li>Brushed interior for next-to-skin comfort</li> <li>Waistband has belt loops and elastic on back</li> <li>2-way zippered fly</li> <li>""External pockets: two front slash, two glued-on thigh, one back hip - all with highly water-resistant, DWR-finished zippers""</li> <li>""Gusseted, zippered cuff with 2-position adjustable settings and tie-down loops""</li></ul><br><br><b>Fabric: </b>""7.6-oz 90-denier 92% polyester (47% recycled)/8% spandex, with Deluge DWR finish. Recyclable through the Common Threads Recycling Program""<br><br><b>Weight: </b>(597 g 20.7 oz)<br><br>Made in Vietnam.",1,1,0.40595586672752104,-0.24636001405592328,-0.13805383345634803,-0.14361050989441176,0.05603977929358344,0.003840532233958812,-0.025621053239081353,-0.14853391889722142,-0.07953531056298074,-0.0670277847676668
5,"Alpine wind jkt - On high ridges, steep ice and anything alpine, this jacket serves as a true ""best of all worlds"" staple. It excels as a stand-alone shell for blustery rock climbs, cool-weather trail runs and high-output ski tours. And then, when conditions have you ice and alpine climbing, it functions as a lightly insulated windshirt on the approach, as well as a frictionless midlayer when it's time to bundle up and tie-in. The polyester ripstop shell with a Deluge DWR (durable water repellent) treatment sheds snow and blocks wind, while the smooth, lightly brushed hanging mesh liner wicks moisture, dries fast, and doesn't bind to your baselayers. Superlight stretch-woven underarm panels enhance breathability and allow for unimpaired arm motion, and the two hand pockets close with zippers. A drawcord hem, elastic cuffs, a heat-transfer reflective logo and a regular-coil, center-front zipper with DWR finish round out the features. Updated this season for an improved fit. Recyclable through the Common Threads Recycling Program.<br><br><b>Details:</b><ul> <li>""Lightweight, breathable polyester ripstop fabric with Deluge DWR (durable water repellent) finish; Slightly brushed polyester-mesh liner wicks moisture and dries fast""</li> <li>""Stretch-woven underarm panels provide breathability, stretch for unimpeded range of motion""</li> <li>DWR finish on center-front zipper</li> <li>Elastic cuffs</li> <li>""Pockets: exterior chest, zippered handwarmers""</li> <li>Drawcord hem</li> <li>Reflective heat-transfer logo</li></ul><br><br><b>Fabric: </b>Shell: 1.3-oz 20-denier 100% polyester ripstop. Panels: 4.6-oz 75-denier 90% all-recycled polyester/10% spandex. Shell and panels have Deluge DWR (durable water repellent) finish. Lining: 100% polyester brushed tricot mesh. Recyclable through the Common Threads Recycling Program<br><br><b>Weight: </b>(331 g 11.5 oz)<br><br>Made in China.",1,1,0.4035301910456342,-0.23868872245881093,-0.06272994334298296,-0.21586815089738842,-0.0015127955401147252,-0.060507369634733466,0.04883896132049213,-0.04528975700582147,0.028369959574966925,0.010644081106572771
6,"Ascensionist jkt - Our most technical soft shell for full-on mountain pursuits strikes the alpinist's balance between protection and minimalism. The dense 2-way-stretch polyester double weave, with stitchless seams, has exceptional water- and wind-resistance, a rapid dry time and superb breathability. Pared-down detailing provides everything you need and nothing more: a 3-way-adjustable, helmet-compatible hood; a reverse-coil center-front zipper with a DWR (durable water repellent) finish; large external handwarmer pockets (with zipper garages) that are placed above the harness-line; an internal security pocket; articulated arms; self-fabic cuff tabs; a drawcord hem. Recyclable through the Common Threads Recycling Program.<br><br><b>Details:</b><ul> <li>""Dense stretchy polyester double-weave fabric is exceptionally water- and wind-resistant and is spandex-free for fast dry times; Stitch-free, lap-glued seams speed dry time, improve water resistance and decrease bulk""</li> <li>""Helmet-compatible, 3-way-adjustable hood;  brushed chamois patches for chin and neck comfort""</li> <li>DWR-(durable water repellent) finished center-front zipper; external pockets: two handwarmers fit skins and have zipper garages and DWR finish on zippers</li> <li>Internal security pocket</li> <li>Articulated arms</li> <li>""Low-profile, laminated, self-fabric cuff tabs""</li> <li>Drawcord hem</li></ul><br><br><b>Fabric: </b>5.3-oz 100% polyester (45% recycled) double weave with 2-way-stretch and Deluge DWR finish. Recyclable through the Common Threads Recycling Program<br><br><b>Weight: </b>(553 g 19.2 oz)<br><br>Made in China.",1,1,0.4085397529521573,-0.226234703591597,-0.11782555964998176,-0.21095665192854962,0.04022431296634994,-0.10509956244123313,-0.0004068832791961942,-0.10046867887820143,0.005463737558653919,-0.004313472265044323
7,"Atom - A multitasker's cloud nine, the Atom plays the part of courier bag, daypack and carry-on. Its teardrop shape provides the support of a daypack by positioning the load behind your shoulder, and the single-strap design makes getting to the goods simple - just spin it around front. The large zippered main pocket has internal zippered mesh and stretch-woven pockets. A convenient zippered pocket on the shoulder strap is lined to protect valuables. Breathable, moisture-moving 3-D spacer mesh pads the shoulder strap and back panel. Made from 150-denier double-weave all-recycled polyester with a polyurethane coating and DWR (durable water repellent) finish.<br><br><b>Details:</b><ul> <li>Atom spins around from back to chest for easy access</li> <li>Main zippered pocket has internal zippered mesh and stretch-woven organizer pockets</li> <li>Small zippered pocket for essentials</li> <li>""Zippered pocket on shoulder strap is lined to protect cell phone, sunglasses, etc""</li> <li>""Teardrop shape positions weight behind the shoulder, easing stress on neck and back""</li> <li>""3-D spacer-mesh on the shoulder strap and back panel wicks moisture, dries quickly and allows air circulation""</li> <li>Waistbelt secures pack to torso</li></ul><br><br><b>Fabric: </b>7.4-oz 150-denier 100% all-recycled polyester double weave. Lining: 3.3-oz 200-denier 100% polyester. Both with polyurethane coating and a DWR (durable water repellent) finish. Shoulder strap: 100% polyester 3-D spacer mesh<br><br><b>Weight: </b>(311 g 10.8 oz)<br><br>Made in Vietnam.",2,8,0.3259984102350241,-0.12232819018585912,-0.11753998678411122,-0.16698984244636544,0.06599048137343573,0.009348491309334512,0.09362824048990219,0.4221303241379736,-0.017333430022559153,-0.054167520190286464
8,"Print banded betina btm - Our fullest coverage bottoms, the Betina fits highest across the hips with a slightly scooped, lined front. Made from a blend of 82% nylon/18% spandex.<br><br><b>Details:</b><ul> <li>Fullest coverage bottom</li> <li>""Fits highest across hips, full front and back coverage""</li> <li>Regular rise</li> <li>Improved fabric</li></ul><br><br><b>Fabric: </b>5.6-oz 82% nylon/18% spandex<br><br><b>Weight: </b>(49 g 1.7 oz)<br><br>Made in USA.",3,7,0.14779635250092973,-0.010306522747546166,-0.014053129384709819,0.10102596894372569,0.03735726459725945,0.2792274044571837,0.3194136642139992,-0.12632822822764783,-0.06160546169712659,-0.006285081539730609
9,"Baby micro d-luxe cardigan - Micro D-Luxe is a heavenly soft fabric with down-to-earth applications. This cardigan is made from a quick-drying, durable 4.6-oz 100% polyester (87% recycled) microdenier fleece that is lightweight and breathable so it can work as a top or midlayer. A wind flap backs the zip front, while the hood has covered-elastic side trim to bundle babies in deep warmth. With slash-style patch pockets, color-coordinating elbow patches and soft self-fabric cuffs. Recyclable through the Common Threads Recycling Program.<br><br><b>Details:</b><ul> <li>""Soft, microdenier fleece made from 87% recycled polyester is durable and quick-to-dry""</li> <li>Hood stays secure with covered side elastic</li> <li>Inside neck tape for a clean finish</li> <li>Handwarmer patch pockets</li> <li>""Full front zip backed by a wind flap; soft, self-fabric cuffs""</li></ul><br><br><b>Fabric: </b>4.6-oz 100% microdenier polyester (87% recycled) fleece. Recyclable through the Common Threads Recycling Program<br><br><b>Weight: </b>(121 g 4.2 oz)<br><br>Made in Costa Rica.",1,1,0.2573071442380673,-0.07479661110279644,-0.03017934722447228,-0.06373511926375157,-0.02960783777683815,-0.15430605136518744,0.022986062705575787,-0.03777910816350604,0.04135733901716415,0.031663640301644314
10,"Baby sun bucket hat - This hat goes on when the sun rises above the horizon, and stays on when raindrops start falling. Its made from an ultra-durable 4-ply, 4.2-oz Supplex nylon fabric with a DWR (durable water repellent) finish, and reverses to either a contrasting solid color or print. A soft tuck-away chin strap with a hook-and-loop fastener holds securely without chafing young jawlines. Packs small; easy care.<br><br><b>Details:</b><ul> <li>""Lightweight Supplex nylon is soft, dries fast and packs small; easy care""</li> <li>Brim shields head and neck</li> <li>Chin strap with hook-and-loop fastener can be tucked away when not in use</li> <li>Reversible style with fun print/solid combinations</li> <li>One colorway has print on both sides</li></ul><br><br><b>Fabric: </b>""4-ply, 4.2-oz Supplex nylon with a DWR (durable water repellent) finish""<br><br><b>Weight: </b>(49 g 1.7 oz)<br><br>Made in China.",1,1,0.24917394030278114,-0.053792416290991255,-0.04290750389587456,-0.08337816113445787,-0.00639708530343081,0.16374772300755863,0.04317654089930359,0.04607930242369986,-0.012424568785268812,0.008133297469579675
11,"Baby sunshade top - Soft, stretchy polyester fabric is fast wicking, quick drying and breathable <br><br><b>Details:</b><ul> <li>Lap shoulders relax the silhouette </li> <li>Extended roll-down cuffs accommodate growth spurts; drop hem waist provides extra coverage</li></ul><br><br><b>Fabric: </b>4.3-oz 100% polyester jersey. Recyclable through the Common Threads Recycling Program<br><br><b>Weight: </b>(0 g 0 oz)<br><br>Made in Vietnam.",-1,1,0.18172423140558894,-0.04167786375102923,0.05669612915027614,-0.01311761844909642,-0.06311226204362665,0.01109450077730598,0.09273524222923084,-0.0139233847635306,0.031095434059900826,0.014574256371228875
12,"Baggies shorts - Even Baggies, our most popular shorts for anything, or nothing, occasionally need an update. This season we've increased the inseam length. Their casual fit, quick-drying water-repellent nylon and elasticized waistband with an internal drawstring remain the same as ever. Other features include a polyester mesh lining, a rear snap pocket and front pockets (with self-draining mesh corners) positioned to reduce drag in the water. Inseam (size M) is 7"". Recyclable through the Common Threads Recycling Program.<br><br><b>Details:</b><ul> <li>Quick-drying nylon with a DWR (durable water repellent) finish</li> <li>Elasticized waistband with internal drawstring; black mesh liner</li> <li>Vertical on-seam side pockets for reduced drag in the water; pocket bags have quick-drain-and-dry mesh corners; snap-closed back pocket</li> <li>""Inseam is 7""""""</li></ul><br><br><b>Fabric: </b>4.2-oz 100% nylon with a DWR finish. Lining: 5.2-oz 100% polyester mesh. Recyclable through the Common Threads Recycling Program<br><br><b>Weight: </b>(233 g 8.1 oz)<br><br>Made in Nicaragua.",1,1,0.31454015024261534,-0.18866983356830186,-0.15332815054109783,-0.030367310928508452,0.04059827641427376,0.1310768357616996,-0.04217574927177815,0.11440657544886067,-0.04580212939684946,-0.05440977148331709
13,"Beach bucket - Whenever you're at the junction of water and land, neutralize the sun's unforgiving rays with the wide brim and soft design of our versatile Beach Bucket. It has a durable, semi-rigid foam bill that is black underneath and casts refreshing 360-degree shade. The 6.8-oz 100% stretch-woven nylon fabric looks and feels like soft canvas, but provides water-shedding, fast-drying performance. Details: a moisture-wicking Coolmax headband, soft chin strap and an adjustable rear buckle for a reliable bond. Fabric 6.8-oz 100% stretch-woven nylon with DWR (durable water repellent) finish.<br><br><b>Details:</b><ul> <li>""Tough, easy care, stretch-woven nylon brim has durable, semi-rigid foam that floats""</li> <li>The bill provides 360-degree sun protection</li> <li>Black underbill to reduce glare</li> <li>Soft chin strap; moisture-wicking Coolmax headband; adjustable rear buckle</li></ul><br><br><b>Fabric: </b>6.8-oz 100% stretch-woven nylon with DWR (durable water repellent) finish<br><br><b>Weight: </b>(106 g 3.7 oz)<br><br>Made in China.",4,1,0.2452746123883046,-0.10949840653128112,-0.029564287095299444,-0.02532839785873149,0.005649383951252288,0.1564493665155906,0.018195039900240614,0.05520583773711435,0.025314879877953722,0.007674626888529552
14,"Better sweater jkt - June nights camped out in New Mexico's Navajo country are starry and cold. Layer up in the softest fleece we've spun to date. Made from high-performance, sweater-knit polyester fleece, the Better Sweater is warm as wool and technically proficient. The stand-up collar has a zipper garage, and handwarmer pockets keep your fingers cozy. Recyclable through the Common Threads Recycling Program.<br><br><b>Details:</b><ul> <li>""Soft fleece has a sweater-knit face, fleeced interior and heathered overdyed yarns""</li> <li>Stand-up collar and full zip with garage</li> <li>Raglan sleeves</li> <li>Handwarmer pockets</li></ul><br><br><b>Fabric: </b>9.5-oz 100% polyester with sweater-knit exterior and fleece interior. Recyclable through the Common Threads Recycling Program<br><br><b>Weight: </b>(577 g 20 oz)<br><br>Made in Thailand.",1,1,0.19551165128322734,-0.06868870241273273,0.08209118917765706,-0.04136686070709275,-0.012922436533506628,-0.2424419487468859,0.06562084633057406,0.03132161537220698,0.0464331477405578,0.05542654384898967
15,"Borderless shorts-11 in. - Go forward where others cringe. Our Borderless Shorts are made for prying into the outer reaches of unnamed terrain. They have a light, breathable fabric that blends 95% nylon (60% recycled) with 5% spandex mini ripstop to resist the effects of thrashy chimneys and provide stretch for the body language of going places. The DWR (durable water repellent) finish shrugs off water; built-in 40-UPF sun protection shades your legs in open country. Other features include a gusseted crotch to preserve mobility, two front pockets you can access while wearing a harness and a partially elastic waist to keep your shorts adhered under the load of a hip belt. The rear welted pockets secure with zips. Inseam (size M) is 11"". Recyclable through the Common Threads Recycling Program.<br><br><b>Details:</b><ul> <li>""Supple, soft blend of recycled nylon and spandex for total mobility, a light drape, fast dry time and abrasion resistance""</li> <li>Provides 40-UPF sun protection</li> <li>Partially elasticized waistband supports wide range of motion</li> <li>Generous wide-entry front pockets; left front pocket has a hidden internal zip security pocket; welted zippered back pockets</li> <li>Gusseted crotch for mobility</li> <li>""Inseam is 11""""""</li></ul><br><br><b>Fabric: </b>4-oz 95% nylon (60% recycled)/5% spandex with DWR (durable water repellent) finish. Recyclable through the Common Threads Recycling Program<br><br><b>Weight: </b>(219 g 7.6 oz)<br><br>Made in Vietnam.",1,1,0.43594279683265696,-0.2184021430812308,-0.12834291040333082,0.16265793517395216,-0.07907145366780137,0.3023824223210055,-0.15775396777554093,-0.026125589222290104,-0.018229779782052334,-0.05248368145819164
16,"Borderless shorts-7 in. - One of summertime's gifts is the chance to freely traverse alpine country. These shorts let you make the most of the season. They're made from a soft, supple weave of 95% nylon (60% recycled) and 5% spandex mini ripstop to stretch with energetic moves and breathe for a cooling airflow. A gusseted crotch allows a wide range of motion and a partially elastic waist keeps your shorts adhered under the load of a hip belt. Two on-the-slant front pockets ensure accessibility under a harness; the rear welted pockets secure with zips. With 40-UPF sun protection; inseam (size M) is 7"". Recyclable through the Common Threads Recycling Program.<br><br><b>Details:</b><ul> <li>""Supple, soft blend of recycled nylon and spandex for total mobility, a light drape, fast dry time and abrasion resistance""</li> <li>Provides 40-UPF sun protection</li> <li>Partially elasticized waistband supports wide range of motion</li> <li>Generous wide-entry front pockets; welted zippered back pockets</li> <li>Gusseted crotch for mobility</li> <li>Inseam is 7'</li></ul><br><br><b>Fabric: </b>4-oz 95% nylon (60% recycled)/5% spandex with DWR (durable water repellent) finish. Recyclable through the Common Threads Recycling Program<br><br><b>Weight: </b>(201 g 7 oz)<br><br>Made in Vietnam.",1,1,0.3662773388099332,-0.1694938400208197,-0.08880880707572875,0.19578802201013618,-0.11136256764771209,0.304286815408945,-0.1328648293637726,-0.044959706618293245,-0.015412112771960992,-0.04289667641459927
17,"Bucket hat - Besides its shade-casting prowess, the Bucket provides perfect eye cover after an extra-large fish taco fest. It's made from soft, fast-drying 100% nylon with a water-shedding finish to repel rain and ocean spray. The Bucket Hat features a time-tested design with a linear crown, crushable brim and ventilation holes to keep your noggin from hard-boiling. It also rolls into its own inside pocket.<br><br><b>Details:</b><ul> <li>""Lightweight, fast-drying, easy-care fabric""</li> <li>DWR (durable water repellent) finish sheds rain and ocean spray</li> <li>""Crushable, 360-degree brim provides complete sun protection""</li> <li>Rolls into its inside pocket</li></ul><br><br><b>Fabric: </b>4.2-oz 100% nylon with a DWR (durable water repellent) finish<br><br><b>Weight: </b>(63 g 2.2 oz)<br><br>Made in China.",4,1,0.20245807222039028,-0.10522258198867226,-0.05444251170906273,-0.06103279535321874,-0.004981736914296374,0.09732296252500346,-0.026806417414445456,0.01717699464977082,0.02167848817064552,0.0028081530218190902
18,"Cap 1 bottoms - Spring skiing is as transient as the wind. Move fast, move light, and still stay dry with our lightest-weight Capilene performance baselayer. These bottoms wick perspiration, breathe, and dry quickly. Under a shell, they insulate without overheating. The waistband is brushed for softness, inseams are set forward to prevent chafe, and a gusseted crotch improves mobility. With a functional fly. Made from 3.7-oz 100% all-recycled polyester, with Gladiodor natural odor control for the garment and 15-UPF sun protection. Recyclable through the Common Threads Recycling Program.<br><br><b>Details:</b><ul> <li>Silky soft Capilene 1 is the lightest of our technical baselayer fabrics</li> <li>""Fast-drying, highly breathable and sleek, it provides 15-UPF sun protection and can be worn either on its own or under layers in cooler temps""</li> <li>Elastic waistband is brushed for next-to-skin softness</li> <li>""Streamlined, functional fly""</li> <li>Inseams are set forward to prevent chafe</li></ul><br><br><b>Fabric: </b>3.7-oz 100% recycled polyester with Gladiodor natural odor control for the garment and 15-UPF sun protection. Recyclable through the Common Threads Recycling Program<br><br><b>Weight: </b>(158 g 5.5 oz)<br><br>Made in USA.",0,3,0.3152394997482258,-0.11755820067718131,0.40128178156296235,-0.00479008561966667,-0.3923403259116539,0.09956306705600008,-0.17732763179977215,-0.06180498373213725,-0.028557162006642805,-0.010393102119689471
19,"Cap 1 boxer briefs - On bivy or belay, the form-fitting Capilene 1 Boxer Briefs stay dry and comfortable. Made from 100% recycled polyester, the underwear excels at moisture-wicking and has Gladiodor natural odor control for the garment. Exposed elastic waistband is brushed for softness; the hem is coverstitched for a smooth glide beneath shorts or pants. Fully-functioning fly and supportive front panel keep you covered. 5 1/2"" inseam (size M). Recyclable through the Common Threads Recycling Program.<br><br><b>Details:</b><ul> <li>Moisture-wicking Capilene 1 fabric with Gladiodor for exceptional next-to-skin comfort and natural odor control for the garment</li> <li>Brushed elastic waistband</li> <li>Supportive front panel</li> <li>""Cover-stitched hem for smooth glide under shorts or pants, won't restrict mobility""</li> <li>""Inseam (size M) is 5 1/2""""""</li></ul><br><br><b>Fabric: </b>3.7-oz 100% all-recycled polyester with Gladiodor&#174; natural odor control for the garment. Recyclable through the Common Threads Recycling Program<br><br><b>Weight: </b>(72 g 2.5 oz)<br><br>Made in USA.",0,3,0.2182900723300065,-0.07357108569784068,0.3248006765107176,0.032912023211747854,-0.20452647878644314,-0.039868053795796804,-0.0745423732308261,-0.03872775829596236,-0.26352182335265856,-0.17289596371516422
20,"Cap 1 graphic t-shirt - This tee is made from our lightest-weight Capilene fabric to achieve a harmonic balance between technical ability and slacker prowess. Designed for dry, cool comfort and sun protection, it's highly breathable and fast-drying and has a silky feel. With a rib-knit collar that's soft against the skin, raglan sleeves that reduce chafing under packs and a tuckable length. Sublimated graphics won't impede breathability. Made from 3.7-oz 100% all-recycled polyester with Gladiodor natural odor control for the garment and 15-UPF sun protection. Recyclable through the Common Threads Recycling Program.<br><br><b>Details:</b><ul> <li>Silky soft Capilene 1 is the lightest of our technical baselayer fabrics</li> <li>""Fast-drying, highly breathable and sleek, it provides 15-UPF sun protection and can be worn either on its own or under layers in cooler temps""</li> <li>Rib-knit collar is soft against the skin</li> <li>Graphic elements sublimated into the fabric won't impede breathability or wicking performance</li> <li>Set-in sleeves</li> <li>Cut long enough to tuck in</li></ul><br><br><b>Fabric: </b>3.7-oz 100% recycled polyester with Gladiodor natural odor control for the garment and 15-UPF sun protection. Recyclable through the Common Threads Recycling Program<br><br><b>Weight: </b>(132 g 4.6 oz)<br><br>Made in USA.",0,3,0.32276400008354433,-0.06801002281845622,0.4190178669393031,-0.008767023985253765,-0.42954766763919466,0.07253554306844705,-0.1397277894989354,-0.010230261314360257,0.16402819019902695,0.1257727666743822
21,"Cap 1 t-shirt - Minimally styled but technically evolved for punishing expanses of hot country, our silky, ultra-breathable Capilene 1 T-Shirt is quick to wick and fast to dry. The rib-knit collar is soft against skin, and the generous hem is long enough to tuck in. Made from 3.7-oz 100% all-recycled polyester, with Gladiodor natural odor control for the garment and 15-UPF sun protection. Recyclable through the Common Threads Recycling Program.<br><br><b>Details:</b><ul> <li>Silky soft Capilene 1 is the lightest of our technical baselayer fabrics</li> <li>""Fast-drying, highly breathable and sleek, it provides 15-UPF sun protection and can be worn either on its own or under layers in cooler temps""</li> <li>Rib-knit collar is soft against the skin</li> <li>Set-in sleeves</li> <li>Cut long enough to tuck in</li></ul><br><br><b>Fabric: </b>3.7-oz 100% recycled polyester with Gladiodor natural odor control for the garment and 15-UPF sun protection. Recyclable through the Common Threads Recycling Program<br><br><b>Weight: </b>130 g (4.6 oz)<br><br>Made in USA.",0,3,0.3212413977482895,-0.0511757617317598,0.400366785217229,-0.004842094407053667,-0.4282423283152759,0.05791145258951022,-0.1666018600292522,-0.014543789171998623,0.129859912917633,0.10531544852894678
22,"Cap 2 t-shirt - This one revels in the sweat jamborees of hill climbs, ridge runs and desert singletrack under a resolute sun. Made from the fastest-drying of our performance baselayer fabrics, it has an open knit that invites airflow and provides excellent wicking and exceptional breathability. When worn beneath layers, it's also insulative enough for chilly days. The self-binding neck is pliable and soft; raglan sleeves and flat-ribbed underarm panels merge out of the way of straps to eliminate chafe. Made of 4-oz 100% polyester (54% recycled) with Gladiodor natural odor control for the garment. Recyclable through the Common Threads Recycling Program.<br><br><b>Details:</b><ul> <li>Capilene 2 fabric has an open knit that invites airflow and provides excellent wicking for endurance activities in warm to moderate temperatures</li> <li>""Fastest-drying of our Capilene fabrics, it insulates enough for use on chilly days and can be worn beneath other layers""</li> <li>Self-fabric neckline soft against skin</li> <li>Raglan sleeves and underarm panels merge out of the way of pack straps</li> <li>""Flat-rib panel-piecing under the arms and sides is exceptionally breathable, fast drying and eliminates armpit seam chafing""</li></ul><br><br><b>Fabric: </b>4-oz 100% polyester (54% recycled) with Gladiodor natural odor control for the garment. Recyclable through the Common Threads Recycling Program<br><br><b>Weight: </b>121 g (4.3 oz)<br><br>Made in Mexico.",0,3,0.2898634850507967,-0.06388068240043916,0.4587271760791179,-0.049224398953453895,-0.32407926590636477,-0.12790494977903744,-0.035059544689112564,0.024749506249339227,-0.17639659084937553,-0.11249439575733428
23,"Cap 2 zip neck - Designed for wet-then-chill pursuits like backcountry skiing, alpine climbing and mountain trekking, our fastest-drying performance baselayer will keep you cool during endurance activities in warmer temperatures, but also insulates when skies turn dark. Its open knit invites airflow and provides excellent wicking and exceptional breathability. A draft flap backs the zipper, and raglan sleeves eliminate chafe under pack straps. Flat-rib side panels merge with flat, offset seams for chafe-free comfort. Made from 4-oz 100% polyester (54% recycled) with Gladiodor natural odor control for the garment. Recyclable through the Common Threads Recycling Program.<br><br><b>Details:</b><ul> <li>Capilene 2 fabric has open knit that invites airflow and provides excellent wicking for endurance activities in warm to moderate temperatures</li> <li>""Fastest-drying of our Capilene fabrics, it insulates enough for use on chilly days and can be worn beneath other layers""</li> <li>Zip-neck for easy climate control is backed by draft flap and zipper garage</li> <li>Raglan sleeves and underarm panels merge out of the way of pack straps</li> <li>""Flat-rib panel-piecing under the arms and sides is exceptionally breathable, fast drying and eliminates armpit seam chafing""</li></ul><br><br><b>Fabric: </b>4-oz 100% polyester (54% recycled) with Gladiodor natural odor control for the garment. Recyclable through the Common Threads Recycling Program<br><br><b>Weight: </b>(175 g 6.1 oz)<br><br>Made in Mexico.",0,3,0.2982289140763366,-0.08151055033892407,0.430105078993702,-0.046949450512028514,-0.2743891000235747,-0.1593585477342717,-0.04490861174146773,0.04681693264788509,-0.2104694544758843,-0.1320415877603684
24,"Cap 3 zip neck - Capilene 3 provides excellent insulation and next-to-skin comfort for endurance activities in cool to cold conditions. Its dense interior honeycomb construction is brushed for warmth, softness and compressibility, and a smooth jersey exterior glides readily beneath layers. Raglan sleeves and a single-piece shoulder panel merge out of the way of shoulder straps. Seams are rolled forward and side panels are offset to eliminate chafe. The zip-neck, backed by a draft flap and zipper garage, makes for easy climate control. Made from 4.8-oz 100% polyester (64% recycled) with Gladiodor natural odor control for the garment. Recyclable through the Common Threads Recycling Program.<br><br><b>Details:</b><ul> <li>""The fastest-wicking of our baselayer fabrics, Capilene 3 features a dense interior honeycomb construction""</li> <li>""Fabric next to skin is brushed for warmth, softness and compressibility, while providing excellent insulation and breathability""</li> <li>Smooth jersey exterior glides easily under layers</li> <li>Zip-neck for easy climate control is backed by draft flap and zipper garage</li> <li>Raglan sleeves and single-piece shoulder panel merge out of the way of pack straps</li> <li>Side seams are rolled forward for comfort under hip belt</li></ul><br><br><b>Fabric: </b>4.8-oz 100% polyester (64% recycled) with Gladiodor natural odor control for the garment. Recyclable through the Common Threads Recycling Program<br><br><b>Weight: </b>221 g (7.8 oz)<br><br>Made in Costa Rica.",0,3,0.310415960886462,-0.07700407679247553,0.3690492363671192,-0.09028042889369446,-0.25796625104983284,-0.2132669999347852,-0.005659544994758969,0.022249044773655958,-0.2759287313649815,-0.17791277915117354
25,"Cap 4 bottoms - For sufferfests like the Grand in January, a pair of these warm bottoms will add a bright side to your grief. Our warmest synthetic performance baselayer, Capilene 4 fabric is stretchy and compressible. Its smooth jersey exterior glides easily beneath layers, and the cozy internal grid traps warmth, wicks moisture, and is highly breathable. With a brushed-elastic waistband that's soft against skin. Made from 5.3-oz Polartec Power Dry 93% polyester (50% recycled)/7% spandex, with Gladiodor natural odor control for the garment. Recyclable through the Common Threads Recycling Program.<br><br><b>Details:</b><ul> <li>""Our warmest baselayer fabric, Capilene 4 offers stretch, great breathability and compressibility""</li> <li>""Interior grid wicks moisture, trims bulk and provides warmth""</li> <li>Smooth jersey face slides easily beneath layers</li> <li>""4-panel construction, pull-on tights""</li> <li>Elastic waistband is brushed for next-to-skin softness</li></ul><br><br><b>Fabric: </b>""5.3-oz Polartec Power Dry 93% polyester (50% recycled)/7% spandex, with Gladiodor natural odor control for the garment. Recyclable through the Common Threads Recycling Program""<br><br><b>Weight: </b>(187 g 6.5 oz)<br><br>Made in Costa Rica.",0,3,0.2902139272264676,-0.11964748095365055,0.39231779349560886,-0.039942286303959545,-0.21499974912822353,-0.17885547836597787,0.08730690136484329,-0.06767115612343379,-0.2640171216192526,-0.16609982094941164
26,"City by the sea t-shirt - Illustrating the renaissance of sea-inspired, community living, artist Geoff McFetridge's work adorns the City-By-The-Sea T-Shirt. Lightweight, 100% organic cotton fabric is ringspun for softness. Taped shoulder seams prevent chafing. PVC- and phthalate-free inks are easier on the environment. The tee is Recyclable through the Common Threads Recycling Program.<br><br><b>Details:</b><ul> <li>Ringspun yarns for a softer hand</li> <li>Taped shoulder seams</li> <li>Screen-print inks are PVC- and phthalate-free</li></ul><br><br><b>Fabric: </b>4.4-oz 100% organic cotton. Recyclable through the Common Threads Recycling Program<br><br><b>Weight: </b>(150 g 5.2 oz)<br><br>Made in USA.",5,2,0.26958870580856453,0.5342039028768524,-0.037144897206425775,-0.15761908118843446,0.013410340763102668,0.058290027494275636,-0.046698494288825804,-0.00638353593275701,-0.019112462470852166,-0.05326285343504664
27,"Compound cargo pants - long - The ultimate do-everything pants, built to withstand daily abuse. With cargo pockets modeled after vintage army blocks, our Compound Cargos are perfect for hitting the trail with a stash of climbing shoes, multitools, spare fins, wax, dry salami and the odd can of beer. Additional pocketing includes two generous front drop-in and two rear with hidden button-flap closures. Made from tough 5.5-oz organic cotton ripstop that has the tear strength of standard 8-oz material, they're hardy but lightweight and ready for action. Inseams (size 32): short, 30""; regular, 32""; long, 34"". Recyclable through the Common Threads Recycling Program.<br><br><b>Details:</b><ul> <li>Lightweight yet durable organic cotton ripstop</li> <li>Features our new fit block</li> <li>Two generous wide-entry drop-in front pockets</li> <li>Two side-seam cargo pockets with hidden button flap</li> <li>Two rear pockets with hidden button flap</li> <li>""Inseam is 34""""""</li></ul><br><br><b>Fabric: </b>5.5-oz 100% organic cotton ripstop. Recyclable through the Common Threads Recycling Program<br><br><b>Weight: </b>(548 g 19 oz)<br><br>Made in Thailand.",1,1,0.24134628159606653,0.005283626657480015,-0.1564520852416304,0.22107273537141103,0.019104511063790578,-0.1019300364095305,-0.21331899991216385,0.058441314582326744,0.013555228038700396,-0.004234477324389375
28,"Compound cargo pants - reg - The ultimate do-everything pants, built to withstand daily abuse. With cargo pockets modeled after vintage army blocks, our Compound Cargos are perfect for hitting the trail with a stash of climbing shoes, multitools, spare fins, wax, dry salami and the odd can of beer. Additional pocketing includes two generous front drop-in and two rear with hidden button-flap closures. Made from tough 5.5-oz organic cotton ripstop that has the tear strength of standard 8-oz material, they're hardy but lightweight and ready for action. Inseams (size 32): short, 30""; regular, 32""; long, 34"". Recyclable through the Common Threads Recycling Program.<br><br><b>Details:</b><ul> <li>Lightweight yet durable organic cotton ripstop</li> <li>Features our new fit block</li> <li>Two generous wide-entry drop-in front pockets</li> <li>Two side-seam cargo pockets with hidden button flap</li> <li>Two rear pockets with hidden button flap</li> <li>""Inseam is 32""""""</li></ul><br><br><b>Fabric: </b>5.5-oz 100% organic cotton ripstop. Recyclable through the Common Threads Recycling Program<br><br><b>Weight: </b>(536 g 18.6 oz)<br><br>Made in Thailand.",1,1,0.239015022812214,0.005094394336060735,-0.15786056392084893,0.22036035598101872,0.02118053597132277,-0.10325452797854617,-0.21285978211106857,0.058134561241344695,0.01138329933888674,-0.005402271925917124
29,"Continental shorts - Wrinkle-resistant travel shorts that do what any great mountainside-to-museum garment should: wick moisture, dry quickly, and look sharp after successive days of use. The Continentals deploy our classic Guide fabric - a tough, agile blend of 53% polyester and 47% nylon with a DWR (durable water repellent) finish. Details include drop-in front pockets and two cargo and two rear pockets (each with one zipper closure and one hook-and-loop velcro closure). Regular fit; inseam (size 32) is 10 1/2"". Recyclable through the Common Threads Recycling Program.<br><br><b>Details:</b><ul> <li>""Wrinkle-resistant, fast-drying polyester and nylon blend""</li> <li>Zip fly with button closure</li> <li>Drop-in front pockets</li> <li>Rear cargo pockets: right zippered; left with hook-and-loop closure</li> <li>""Side-seam cargo pockets: one zippered security, one with hook-and-loop for easy-access""</li> <li>DWR finish</li> <li>""Inseam is 10 1/2""""""</li></ul><br><br><b>Fabric: </b>5.2-oz 53% polyester/47% nylon with a DWR finish. Recyclable through the Common Threads Recycling Program<br><br><b>Weight: </b>269 g (9.5 oz)<br><br>Made in Vietnam.",1,1,0.3744980396106808,-0.2037518361907221,-0.2013441323594669,0.05753936970963215,0.05575331005114893,0.06518224033088307,-0.15535647498660324,0.05954572004937904,-0.05019461360921252,-0.06223274649473526
30,"Cotton board shorts - A classic in fabric and form, the 5.6-oz 100% organic cotton brushed canvas of these board shorts provides lightweight durability in and out of the water, with a pattern inspired by plantation-era cane field workshirts. A self-fabric waistband and flat-lying 2-button fly are cleanly styled, and the flapped patch pocket with metal button closure has double-needle stitched seams. Inseam (size 32) is 10""; outseam is 20"". Recyclable through the Common Threads Recycling Program.<br><br><b>Details:</b><ul> <li>A Hawaiian classic in fabric and form</li> <li>Fabric pattern inspired by plantation-era cane field workshirts</li> <li>Self-fabric waistband with a flat-lying 2-button fly</li> <li>Flapped patch pocket with metal button closure and double-needle stitched seams</li> <li>""Inseam (size 32) is 10""""; outseam is 20""""""</li> <li>Now available in size 29</li></ul><br><br><b>Fabric: </b>5.6-oz 100% organic cotton brushed canvas. Recyclable through the Common Threads Recycling Program<br><br><b>Weight: </b>(222 g 7.7 oz)<br><br>Made in Thailand.",-1,1,0.18106645453570924,0.02059724870004652,-0.058610290386084195,0.15503881942832928,0.03376187155341907,-0.054118516259271825,-0.09566193825084018,0.007731157830588404,-0.06207542433472925,-0.005978511752562527
31,"Crosstown - Crosstown or cross-country, this fully featured commuter backpack ensures that your life stays organized whether you're office-bound, hiking the steep and narrow, or somewhere in the global commute. Inside its zippered main compartment, it features a suspended, self-adjusting padded laptop sleeve that handles a 15"" to 17"""" laptop. A secondary zippered compartment opens to a portable office organizer system. With a front catch-all sleeve (with hidden zipper) that provides easy access to documents; a stretch-woven water-bottle pocket and a fleece-lined top pocket that protects sunglasses or electronics; 3-D spacer-mesh backpack straps and back padding for comfort and breathability; an adjustable sternum strap with built-in safety whistle. Made from 150-denier all-recycled polyester double weave with a polyurethane coating and a DWR (durable water repellent) finish.<br><br><b>Details:</b><ul> <li>""Large, zippered main compartment has fully padded, suspended laptop sleeve and separate internal mesh organizer sleeve; second zippered compartment has office organizer pockets""</li> <li>""Front catch-all sleeve with hidden zipper provides easy-access to documents, tickets and other important materials; Side organizer pocket with detachable key chain""</li> <li>Stretch-woven water bottle pocket; fleece-lined top pocket for sunglasses or electronics</li> <li>""3-D spacer-mesh straps and back pad wick moisture, dry quickly and allow air circulation; shoulder straps have slots for clip-on attachments; adjustable sternum strap with built-in safety whistle""</li> <li>Web carrying handle</li> <li>Stowable attachment straps</li> <li>""Holds 15""""- 17"""" laptop""</li></ul><br><br><b>Fabric: </b>7.4-oz 150-denier 100% all-recycled polyester double weave. Lining: 3.3-oz 200-denier 100% polyester. Both with polyurethane coating and a DWR (durable water repellent) finish. Shoulder straps: 100% polyester 3-D spacer mesh<br><br><b>Weight: </b>(781 g 27.1 oz)<br><br>Made in Vietnam.",2,8,0.29447285867213996,-0.14776376946918648,-0.09940776469340586,-0.16413824954999118,0.0425385048609205,-0.023514151571433686,0.09452951631594857,0.50197513014356,-0.028181637384053316,-0.03172856449809821
32,"Custodian pants - long - The graveyard shift has its advantages: quitting time = dawn patrol. Our Custodian Pants are defined by their strong work ethic. They're made from a tough but comfortable 5.2-oz organic cotton canvas, with a flat front, generous wide-entry front pockets, welted back pockets, and a zip fly with button closure. Inseams (size 32): short, 30""; regular, 32""; long, 34"". Recyclable through the Common Threads Recycling Program.<br><br><b>Details:</b><ul> <li>Lightweight organic cotton canvas</li> <li>Zip fly with button closure</li> <li>Flat front with offset side seams</li> <li>Generous wide-entry front pockets; welted back pockets</li> <li>""Inseam is 34""""""</li></ul><br><br><b>Fabric: </b>5.2-oz 100% organic cotton canvas. Recyclable through the Common Threads Recycling Program<br><br><b>Weight: </b>(450 g 15.6 oz)<br><br>Made in Thailand.",1,4,0.2776129251249716,0.05988251881026595,-0.16278333212264465,0.4106073825373169,0.03457793606374485,-0.09039037426074366,-0.2985483568383731,0.08059172977848839,-0.0535580615514908,-0.046510406879979156
33,"Deep wading jkt - Whether you're chasing Olympic Peninsula chrome or reaching for stripers beyond the break, sometimes you simply have to jump in and go deep. This ultra-lightweight jacket is cut above the waist for serious wading. Its minimalist design has all you need from a waterproof/breathable fishing shell (and nothing more). In addition to a full-visibility hood, reversed StretchCoat cuffs and roomy, zippered fly box pockets, it now features fleece-lined handwarmer pockets. Made from a tough 2.5-layer ripstop nylon with a waterproof/breathable H2No barrier. Our shortest fishing jacket, the Deep Wading also has a relaxed fit to accommodate layers and a loaded vest.<br><br><b>Details:</b><ul> <li>""2.5-layer tear-resistant nylon with a Deluge DWR (durable water repellent) finish, waterproof/breathable H2No barrier and sealed seams is packable and lightweight; visibility/Houdini drawcord hood with single-pull adjustment""</li> <li>Drawcord waist with drain holes</li> <li>""External, zippered chest pockets (set high for wading and with drain holes), brushed polyester lined handwarmer pockets, hanging accessory loop inside right pocket""</li> <li>""Glued-in, coated reverse-coil main and chest pocket zippers are highly water resistant""</li> <li>Gusseted reverse StretchCoat cuffs</li> <li>Two internal mesh pockets</li> <li>""D-ring on back, hidden daisy chain above left side label""</li></ul><br><br><b>Fabric: </b>""Shell: 2.5-layer, 2.7-oz 50-denier 100% nylon ripstop with a waterproof/breathable H2No barrier and a Deluge DWR finish. Cuffs: Reverse StretchCoat""<br><br><b>Weight: </b>(372 g 12.9 oz)<br><br>Made in Vietnam.",1,1,0.34728353776225884,-0.20804180164839484,-0.19272496825573557,-0.18548316891022834,0.045869681412842006,-0.14983040264727712,-0.009919993351816819,-0.124468858953766,0.033223296951879595,0.04167874145997524
34,"Delivery shorts - Locals know all the best spots. Our Delivery Shorts are built for all-day comfort and durability, with simple, practical style. Made from a blend of 65% all-recycled polyester and 35% organic cotton, they're designed with a nod to our local deliverymen. Features include a flat front with offset side seams and a zip fly with button closure, generous wide-entry front pockets and welted back pockets. Inseam (size 32) is 11"". Recyclable through the Common Threads Recycling Program.<br><br><b>Details:</b><ul> <li>Soft yet durable 6-oz 65% recycled polyester blended with 35% organic cotton</li> <li>Zip fly with button closure</li> <li>Flat front with offset side-seams</li> <li>Generous wide-entry front pockets</li> <li>Welted back pockets</li> <li>""Inseam is 11""""""</li></ul><br><br><b>Fabric: </b>6-oz 65% all-recycled polyester/35% organic cotton. Recyclable through the Common Threads Recycling Program<br><br><b>Weight: </b>(314 g 10.9 oz)<br><br>Made in Vietnam.",1,1,0.3044517009071808,0.029058232241231458,-0.10141637963810832,0.3034936268450755,0.017931490414200304,-0.04709362781361007,-0.14115994835480555,0.0729909110624442,-0.006390618543969225,-0.02129754970656844
35,"Down sweater vest - Impossible to confuse with the sweater vests found at golf courses and bingo parlors, ours comes packed with ultra-toasty 800-fill down that traps heat in alpine conditions. It has a minimalist design that practically floats, and is so compact it stuffs into its own stretch-mesh internal pocket (with a carabiner clip-in loop). The innovative, superlight 100% all-recycled polyester shell (1.4-oz 22-denier) with a DWR (durable water repellent) finish provides wind and water protection as well as a high tear-strength; quilting stabilizes the down. With zippered handwarmer pockets and a drawcord hem.<br><br><b>Details:</b><ul> <li>""Superlight, windproof and water-resistant shell has high tear-strength""</li> <li>Quilted construction stabilizes premium 800-fill-power European goose down insulation</li> <li>Center-front zipper</li> <li>External pockets: two zippered handwarmers</li> <li>Interior pocket: one zippered stretch-mesh that doubles as a stuff sack with carabiner clip-in loop</li> <li>Elastic binding at armholes</li> <li>Drawcord hem</li></ul><br><br><b>Fabric: </b>Shell and lining: 1.4-oz 22-denier 100% all-recycled polyester with Deluge DWR (durable water repellent) finish. Insulation: 800-fill-power premium European goose down<br><br><b>Weight: </b>243 g (8.6 oz)<br><br>Made in China.",1,1,0.27119200045960024,-0.1843736102611895,-0.13657613832837992,-0.1858929757985501,0.05418245897140198,-0.08906039717955225,0.017413143235685078,0.08096268323268545,0.011719489437284378,-0.011118464728330125
36,Dragoons t-shirt - These dragoons have dropped their weapons in favor of big wave guns. Artist Geoff McFetridge's work creates a peaceful quiver on the Dragoons T-Shirt. The tee is made from 100% organic cotton fabric; PVC- and phthalate-free screen print inks are easier on the environment. The lightweight tee has ringspun yarns and taped shoulder seams for a soft hand. Recyclable through the Common Threads Recycling Program.<br><br><b>Details:</b><ul> <li>Ringspun yarns for a softer hand</li> <li>Taped shoulder seams</li> <li>Screen-print inks are PVC- and phthalate-free</li></ul><br><br><b>Fabric: </b>4.4-oz 100% organic cotton. Recyclable through the Common Threads Recycling Program<br><br><b>Weight: </b>(150 g 5.2 oz)<br><br>Made in USA.,5,2,0.28400511746317614,0.5648620578002292,-0.050866144072138436,-0.17104558353136678,0.01954381306970081,0.06417240937694707,-0.03997605244031988,-0.008952751125899633,-0.008521334083765156,-0.05461288397007063
37,"Duck pants - long - Essential wear for splitting logs, driving nails or applying a little more chewing gum to the crack in the U-joint. Our classic do-alls come in a substantial but light and supple 8-oz organic cotton canvas. With style that is dictated by function, they have a flat front, slant side-entry front pockets and welted, button-through rear pockets. Garment-washed. Inseam (size 32) is 32"" for the regular version; 30"" for the short; 34"" for the long. Recyclable through the Common Threads Recycling Program.<br><br><b>Details:</b><ul> <li>Supple organic cotton</li> <li>Classic flat-front styling</li> <li>""Slant side-entry front pockets; welted, button-through rear pockets""</li> <li>""Inseam is 34""""""</li></ul><br><br><b>Fabric: </b>8-oz 100% organic cotton canvas. Recyclable through the Common Threads Recycling Program<br><br><b>Weight: </b>532 g (18.8 oz)<br><br>Made in Thailand.",1,4,0.251983095314244,0.07437409359636371,-0.12925983700086233,0.3823658689770328,0.0398764727314526,-0.1097372524929545,-0.22278394273752783,0.09251902835277172,-0.0340596569620807,-0.029095246877056512
38,"Elias fz sweatshirt - Clean as a Wingate splitter. Our Elias is made from a welcoming blend of 95% organic cotton and 5% spandex in an athletic, climbing cut. The pockets rise above your harness and the stand-up neck adds a wind barrier to warm up an early season cragging session. The full-zip front makes it easy to take on and off between laps. Recyclable through the Common Threads Recycling Program.<br><br><b>Details:</b><ul> <li>Ultrasoft 95% organic cotton fleece has 5% spandex for stretch</li> <li>Full-zip with handwarmer pockets</li></ul><br><br><b>Fabric: </b>7.6-oz 95% organic cotton fleece/5% spandex. Recyclable through the Common Threads Recycling Program<br><br><b>Weight: </b>447 g (15.8 oz)<br><br>Made in Turkey.",1,1,0.29123259298820736,0.07861381586637244,-0.09845609977577567,0.19799402794063384,-0.012167206629611078,-0.18673997995807315,0.14431364225145854,-0.047233140224424916,0.0214416408891012,0.027628692229461977
39,"Elias sweatshirt - The dirtbagger's complete wardrobe - wear it bouldering, working the slack line, and setting up a bivy out of view of the ranger's probing eyes. It has a hospitable mix of 95% organic cotton with 5% spandex for suppleness on dynamic moves. When clouds grow ominous, throw the 4-panel hood up to seal in your heat; keep your fingers warm and ready for crimping with the roomy kangaroo pouch pocket. Offset shoulder seams and a clean silhouette stay smooth under your packstraps and harness. Recyclable through the Common Threads Recycling Program.<br><br><b>Details:</b><ul> <li>Ultrasoft organic cotton fleece has 5% spandex for stretch</li> <li>Pullover hoody with kangaroo pouch pocket</li> <li>Boulder screen print on center chest by Jenny Uehisa</li></ul><br><br><b>Fabric: </b>7.6-oz 95% organic cotton fleece/5% spandex. Recyclable through the Common Threads Recycling Program<br><br><b>Weight: </b>(426 g 14.8 oz)<br><br>Made in Turkey.",-1,1,0.22217647411509486,0.10040246783689659,-0.04170632902439897,0.11493885016784214,-0.014997100901038866,-0.1297689419819407,0.12306107252458391,-0.000857643806913932,0.03243563031392064,0.03473677142799976
40,"Fezzman shirt - Look fresh even when you feel disheveled. Made with 65% lightweight, breathable, all-recycled polyester and 35% organic cotton plain weave, the Fezz won't wrinkle in the tightest corner of your travel duffel. Recyclable through the Common Threads Recycling Program.<br><br><b>Details:</b><ul> <li>Lightweight breathable all-recycled polyester/organic cotton plain weave</li> <li>Single chest pocket</li> <li>Modest tails</li></ul><br><br><b>Fabric: </b>2.9-oz 65% all-recycled polyester/35% organic cotton plain weave. Recyclable through the Common Threads Recycling Program<br><br><b>Weight: </b>(164 g 5.7 oz)<br><br>Made in Thailand.",-1,1,0.2547841585519854,0.12094783042425065,-0.07022786313347183,0.16682396049823256,-0.028214123311926874,-0.1964329809025313,0.04437141185355998,0.05062419083737655,0.11657877832462317,0.0721142662601
41,"Fish frenzy t-shirt - Dependent on free-flowing currents, the Salmon's extraordinary cycle of life perseveres with the Fish Frenzy T-Shirt. Washington-based artist Nikki McClure's work appears on the tee's 100% organic cotton canvas. Ringspun fabric yarns and taped shoulder seams create a soft hand. PVC- and phthalate-free inks are easier on the environment. The shirt is recyclable through the Common Threads Recycling Program.<br><br><b>Details:</b><ul> <li>Ringspun yarns for a softer hand</li> <li>Taped shoulder seams</li> <li>Screen-print inks are PVC- and phthalate-free</li></ul><br><br><b>Fabric: </b>5.4-oz 100% organic cotton. Recyclable through the Common Threads Recycling Program<br><br><b>Weight: </b>(199 g 6.9 oz)<br><br>Made in USA.",5,2,0.28792865030824194,0.5684512619033707,-0.047790264696625145,-0.15588607792846926,0.02604858895620066,0.0670581917826289,-0.06151008721808992,0.006117299437426826,-0.013719942819240124,-0.034008451971717854
42,"Freewheeler - This sturdy wheeled bag holds a week's worth of clothes and keeps boots or dirty gear in a separate compartment, a floating baffle separating the two. The zippered, easy-access end compartment and internal mesh toiletry pocket fight the forces of chaos to keep you organized. A light-colored lining makes it easy to see what you have stashed inside. Structurally, impact-resistant skidplates and the tough-as-nails molded bottom pan stand up to brutal treatment, while smooth-rolling 80-mm wheels steered by a 2-position retractable handle get you where you're going. With haul handles at both ends, external compression straps to cinch the load and/or attach bulky items, and batten supports on the sides that keep the bag standing upright but collapse for easy storage. Made from tough 1,200-denier polyester (100% recycled) that has a polyurethane coating and DWR (durable water repellent) finish; with a molded foam and ballistics nylon bottom.<br><br><b>Details:</b><ul> <li>Main compartment holds a week's worth of clothes; fully lined lower compartment separates boots and gear from clothing</li> <li>Floating baffle allows the load to expand into either compartment; zippered end compartment for easy-access items</li> <li>Interior mesh pocket for toiletries; light-colored lining makes contents easy to find</li> <li>Smooth-rolling 80-mm wheels provide plenty of clearance; impact-resistant skidplates</li> <li>Molded bottom pan resists abrasion and protects contents; 2-position retractable handle makes steering easy</li> <li>Haul handles at either end; external compression straps</li> <li>Stowable business card holder lets you ID your bag; batten supports on sides keep bag standing and collapse for easy storage</li></ul><br><br><b>Fabric: </b>11-oz 1200-denier 100% all-recycled polyester. Lining: 3.3-oz 200-denier 100% polyester. Both with polyurethane coating and a DWR (durable water repellent) finish. Bottom: Molded foam and ballistics cloth<br><br><b>Weight: </b>(4500 g 156 oz)<br><br>Made in Philippines.",2,8,0.19054950559569228,-0.10931126664308644,-0.09736503606004156,-0.12814998736635563,0.053920505697248745,0.0069777551805622635,0.094451608498756,0.3476060183200751,-0.032428742796542974,-0.03810883969710953
43,"Gi ii pants - The travel-tested, quick-drying durability of Gi II Pants stand up to rock and river, and provide life-of-the-garment 40-UPF sun protection. Made from superlight 3.7-oz 100% Supplex nylon twill with a gusseted crotch for wide-stemming maneuvers. Details include a low profile buckle-closure elastic waist (which fits under a harness), change-safe on-seam pockets with mesh drains, a side-leg zippered pocket large enough for a map (with internal key loop) and a zippered rear pocket. Now, with an modernized fit that is wider at the ankle. Inseam (size M) is 33"". Recyclable through the Common Threads Recycling Program.<br><br><b>Details:</b><ul> <li>""Updated fit; durable, quick-drying nylon twill""</li> <li>""Fixed web belt with elasticized waist, separating buckle and button-through zip fly""</li> <li>Change safe on-seam front pockets with polyester mesh for drainage</li> <li>Zippered side-pocket on leg is large enough for a map and has an internal key loop</li> <li>Zippered back pocket</li> <li>Gusseted crotch</li> <li>""Inseam is 33""""""</li></ul><br><br><b>Fabric: </b>3.7-oz 100% Supplex nylon twill with 40-UPF sun protection. Recyclable through the Common Threads Recycling Program<br><br><b>Weight: </b>(340 g 11.8 oz)<br><br>Made in Colombia.",1,1,0.30657454886997465,-0.17503755230677873,-0.1137226510465647,0.0632813317470736,-0.06618294537982776,0.20858546598986755,-0.15392469425023456,0.07002341443808828,-0.02961044847464135,0.0021175863815572123
44,"Gi ii shorts - Base camp favorites, the Gi II's featherlight weight and motion-friendly crotch gusset invite day hikes, bouldering sessions, and dips in the creek. Soft, tough nylon twill provides 40-UPF sun protection, dries fast and packs small when you take your show on the road. The elastic waist has a separating low-profile buckle and button-through zip fly. Two self-draining front pockets, rear zip pocket and a beer-bottle-sized zippered drop-in thigh pocket. Inseam length (size M) is 11"".<br><br><b>Details:</b><ul> <li>Updated fit</li> <li>""Tough, quick-drying nylon fabric""</li> <li>""Elasticized waist with fixed webbing belt, separating buckle and button-through zip fly""</li> <li>""Two self-draining front pockets, rear zip pocket and a beer-bottle-sized zippered thigh pocket with hook-and-loop closure""</li> <li>Gusseted crotch</li> <li>""Inseam is 11""""""</li></ul><br><br><b>Fabric: </b>3.7-oz 100% Supplex nylon twill with 40-UPF sun protection. Recyclable through the Common Threads Recycling Program<br><br><b>Weight: </b>(265 g 9.2 oz)<br><br>Made in Colombia.",1,1,0.2893852522946792,-0.1530857428058287,-0.07459481802519005,0.10653271962691295,-0.09068110031801331,0.19477451025581544,-0.16935005916471396,0.048323779478022244,-0.0191106310849226,-0.002789879590696046
45,"Girl's boardie capris - Built for two-week camping trips on Baja beaches, these capris are made of a lightweight, soft-brushed 3.7-oz 100% microfiber polyester that handles salt water, sand and dirt, dry quickly, and have a DWR (durable water repellent) finish. Two back darts and a built-in elastic waist adjustment hone the fit. Three-snap leg openings allow vented styling. With a hook-and-loop soft-tie fly and a self-draining back patch pocket. Hip-riding. Inseam is 18"". Recyclable through the Common Threads Recycling Program.<br><br><b>Details:</b><ul> <li>""Lightweight, soft-brushed microfiber polyester dries quickly and has a Deluge DWR (durable water repellent) finish""</li> <li>Two back darts and a built-in elastic waist adjustment hone the fit</li> <li>3-snap leg openings allow vented styling</li> <li>""Hook-and-loop, soft-tie fly and self-draining back patch pocket""</li> <li>Hip-riding</li> <li>""Inseam is 18""""""</li></ul><br><br><b>Fabric: </b>3.7-oz 100% microfiber polyester with a brushed face and a Deluge DWR finish. Recyclable through the Common Threads Recycling Program<br><br><b>Weight: </b>(103 g 3.6 oz)<br><br>Made in Colombia.",1,1,0.30530693312095347,-0.15945815709827194,-0.11291557130443541,-0.018571171439850015,0.03415299023951456,0.07641982548755634,0.006973162096501914,-0.07465379796780651,-0.048035135775831475,-0.052535309944851324
46,"Girl's boardie shorts - So you're raising Neptune's daughter - put her in some boardies. Constructed of a durable and soft-brushed 3.7-oz 100% microfiber polyester, these shorts are DWR (durable water repellent) treated and dry quickly. Comfort and better performance come from forward seaming in the crotch and a partially elasticized waistband with a nylon drawcord closure. The zippered hip pocket lays flat and self-drains. Hip-riding; unlined. Inseam is 3 3/4"". Recyclable through the Common Threads Recycling Program.<br><br><b>Details:</b><ul> <li>""Soft, durable lightweight microfiber polyester is quick-drying""</li> <li>Partial elasticized waistband manages fit and comfort</li> <li>Forward seaming at crotch for mobility and comfort</li> <li>""Board-short-inspired closure with a secure, easy-to-adjust nylon drawcord""</li> <li>""Zippered hip pocket lies flat, out of the way and drains""</li> <li>Hip-riding and unlined</li> <li>""3 3/4"""" inseam""</li></ul><br><br><b>Fabric: </b>3.7-oz 100% microfiber polyester with a brushed face and a DWR (durable water repellent finish). Recyclable through the Common Threads Recycling Program<br><br><b>Weight: </b>(92 g 3.2 oz)<br><br>Made in Colombia.",1,1,0.3383513193957008,-0.1783679530266862,-0.07838451360307504,0.019641873619275885,0.05007859767558119,0.1305772023550042,-0.03710121704636384,-0.09209339187532782,-0.1115226639044548,-0.08327273444442014
47,"Girl's cotton tank dress - This soft cotton dress feels breezy and cool, just like a day at the beach. Made of a lightweight 5-oz 100% organic cotton jersey-knit fabric that breathes naturally and rests smoothly against skin. The partially elasticized waist provides shape and a flattering fit; it also encourages a full range of mobility. The versatile tank-top styling layers nicely, and pleated handwarmer pockets and front gathering details create a flattering fit. The hemline is just above the knees. Recyclable through the Common Threads Recycling Program.<br><br><b>Details:</b><ul> <li>Soft organic cotton jersey knit</li> <li>Tank style great for layering or alone</li> <li>Partial elasticized waist gives shape and comfort for freedom of movement</li> <li>Handwarmer pockets</li> <li>Hem hits above knee</li></ul><br><br><b>Fabric: </b>5-oz 100% organic cotton jersey. Recyclable through the Common Threads Recycling Program<br><br><b>Weight: </b>(158 g 5.5 oz)<br><br>Made in Turkey.",5,1,0.2774808264048633,0.08597168792374912,0.006287481989225096,0.2639115080455834,0.03393930802527839,-0.14502306850117183,0.17447474026531778,-0.06431362551740842,0.004376521317046059,0.007562963518274978
48,"Going big in b.c. poster - One mans trash is another mans treasure. Orry Grant taking it out on Trash Chutes. Nelson, B.C. For 30 years we've paid tribute to human adventures both near and far with a collection of photographs that speak to the passion, joy and beauty of lives spent outside. These photos have appeared exclusively on our Web site, in our catalog and on the walls of our retail stores and specialty outdoor clothiers around the world. And now we are excited to make select photos available to you as posters. We hope they brighten up your space and inspire you to get outside.<br><br><b>Details:</b><ul> <li>Dimensions: 24 x 36</li> <li>""Photo by Steve Ogle ?2009 Patagonia, Inc.""</li></ul><br><br><b>Fabric: </b>Printed with soy inks on 100% recycled paper<br><br>Printed in USA.",6,10,0.043480305607676004,0.08085188095112726,-0.014776734004381281,-0.05000940944030563,0.012958073649968945,0.07492865558574903,-0.015593469566035356,0.030394535840439673,-0.5103626183537195,0.7134389563242968
49,"Great divider - From standing waves to blue-water wind chop, there's one universal truth: Boat decks get wet. Hence, the Great Divider. Our award-winning soft-sided gear chest efficiently organizes and protects everything an angler needs. Made from 840-denier double-polyurethane-coated nylon and patented molded top and bottom pans for waterproof protection even in standing water (up to the zipper). Welded seams eliminate leakage. Shock-absorbing high-density foam gives the bag shape. Inside, foam dividers can be arranged in any configuration storing gear, reels, flies and camera equipment. A transparent floating panel and removable end pockets help organize small items. Access is through a highly water-resistant zipper with t-grip. The single, adjustable split shoulder strap is removable and the insides can be removed, packed flat within luggage for streamlined storage, then easily assembled when you reach your destination.<br><br><b>Details:</b><ul> <li>""Durable, waterproof, coated nylon exterior repels water; pliable, resilient high-density foam main compartment gives bag shape and protects contents""</li> <li>Molded bottom pan repels standing water and grips slippery surfaces; transparent floating interior panel (on the inside lid) has zippered pockets on  both sides</li> <li>""Foam dividers (with hook-and-loop attachments) can be arranged in any configuration; two interior, zippered, transparent removable end pockets""</li> <li>Strap attachments and seams are welded to eliminate leakage</li> <li>Highly water-resistant zipper with t-grip</li> <li>Foam-padded handle</li> <li>""Single, adjustable, removable split shoulder strap""</li></ul><br><br><b>Fabric: </b>""Body: 840-denier nylon double-coat with polyurethane coating. Top and bottom: Patented, molded, one-piece TPU""<br><br><b>Weight: </b>(1950 g 67.6 oz)<br><br>Made in China.",-1,8,0.2091899383073727,-0.1118108231592799,-0.08674869619859556,-0.13909478890388494,0.04010594216915784,-0.02063313050588729,0.09233167102922518,0.25144476674657984,-0.02882979858612377,-0.01252347786317323
50,"Guidewater duffle - max - For serious angling expeditions, the Guidewater Duffel Max lives up to its name, hauling maximum gear with grace and efficiency. More importantly, it keeps wet stuff ventilated (preventing the dreaded ""stink waders"") and away from your dry goods with a coated, floating baffle. Now made with an even tougher, 840-denier double polyurethane-coated nylon fabric. High-airflow mesh, coated, water-resistant zippers, rod tube attachment points and an adjustable, padded, split shoulder strap and external zippered mesh pocket combine to create the ultimate angler's duffel. For added security, 4-piece rod tubes also fit easily within the Max.<br><br><b>Details:</b><ul> <li>""Separate wet and dry sides with floating, water-resistant divider""</li> <li>Coated water-resistant zipper eliminates bulk and provides easy access</li> <li>Two web loops on outside for rod tube attachment</li> <li>Split shoulder strap with adjustable fit</li> <li>External zippered mesh pocket</li></ul><br><br><b>Fabric: </b>Waterproof side: 840-denier nylon double-coat with polyurethane film. Breathable side: 300-denier polyester (47% recycled) double weave and nylon mesh. Floating divider: 70-denier nylon with polyurethane film<br><br><b>Weight: </b>(1298 g 45 oz)<br><br>Made in China.",-1,8,0.23284763872001224,-0.11579397838923343,-0.1001130347852779,-0.14788880418717668,0.06372828259696722,0.019995418450498563,0.08225086639597298,0.28967104402639327,-0.05545448673575321,-0.005615645516317755
51,"Guidewater jkt - Pounding into the teeth of a nor'easter or swinging tips through the deluge  the Guidewater keeps you fishing comfortably long after other anglers have headed for the barn. We combined our best knowledge of fabrics, design and technology to create a full-featured, highly technical piece of angling equipment. Waterproof/breathable 3-layer stretch nylon, along with a two-inch longer cut, make this the shell of choice for skiff, bay boat and jet sled guides. Although the design ethic is minimalist, ergonomically placed pockets and custom-engineered ""fish pulls"" (which vastly improve waterproof reverse-coil zipper function) put everything you need at your fingertips. In other words, you can retire your vest. The tuck-away hood won't flap in the wind, and the brushed-fleece lined collar provides decadent comfort. More fishing-specific details: glued-in waterproof zippers, drain holes in hem and pockets, attachment patch, forceps/glasses loop, modified reversed StretchCoat cuffs, rod holder. The Guidewater is our longest fishing jacket (four inches longer than the Deep Wading Jacket).<br><br><b>Details:</b><ul> <li>""Light, highly breathable and durable 3-layer recyclable nylon double ripstop fabric with a waterproof/breathable H2No barrier and a Deluge DWR (durable water repellent) finish; tuck-away hood with single-pull adjustment""</li> <li>""Waterproof, corrosion resistant ririAQUAzip main and chest pocket zippers; External, zippered chest pockets (set high for wading and with drain holes), brushed polyester lined handwarmer pockets, hanging accessory loop inside right pocket""</li> <li>""Reversed StretchCoat cuff fabric; two Beastie D-rings on front, one on back""</li> <li>Hidden daisy chain above left side label; back pocket has ririAQUAzip zipper</li> <li>""Internal mesh pocket; internal pocket with vertically glued-in, coated reverse-coil zipper""</li> <li>Brushed fleece collar; Hidden rod holder</li> <li>Y-Joint sleeves and anatomically curved elbows; all seams are sealed</li></ul><br><br><b>Fabric: </b>""3-layer, recyclable 100% nylon double ripstop with a waterproof/ breathable H2No barrier and a Deluge DWR finish. Cuffs: Reverse StretchCoat. Recyclable through the Common Threads Recycling Program""<br><br><b>Weight: </b>(617 g 21.4 oz)<br><br>Made in Vietnam.",1,1,0.34577147873625325,-0.200851386843023,-0.15009983679395947,-0.17452466855503387,0.02646339217595421,-0.15304353134854776,-0.028293621838644572,-0.08001522467595305,0.049483916259875686,0.05529436178332135
52,"Guidewater shorts - Everything we love about the Guidewater Pants, and less. The shorts version has all the same water-specific features, including zippered side-leg pocket, mesh drainage on all pockets and remarkably fast dry time that make these the fishing shorts of choice for anglers. And, like the pants, the comfortable fit, zippered fly and constructed waist with stretch sections and belt loops make the Guidewater Shorts ideal for pretty much any activity. Which is to say, you may find yourself wearing 'em everywhere - we do. Made from lightweight, recylable, woven nylon fabric with 50+ UPF sun protection. Recyclable through our Common Threads Recycling Program.<br><br><b>Details:</b><ul> <li>""Recyclable, lightweight, woven nylon fabric is durable and quick-drying and provides 50+ UPF sun protection""</li> <li>""Front pockets, zippered side-leg and rear pocket all have mesh drainage""</li> <li>Constructed waist with two stretch sections and zip fly for maximum comfort</li> <li>""Inseam (size M) is 10""""""</li></ul><br><br><b>Fabric: </b>4.3-oz 100% nylon with DWR (durable water repellent) finish and 50+ UPF sun protection. Recyclable through the Common Threads Recycling Program<br><br><b>Weight: </b>(259 g 9 oz)<br><br>Made in Thailand.",1,1,0.35086603093251684,-0.18330023078002858,-0.08658326413837568,0.0757922735499924,-0.11754027224972194,0.2555898136620459,-0.20877463411651004,0.05510111055127752,0.08122146421960157,0.034753755231474844
53,"Guidewater vest - Find the tippet, tool or fly box you need without taking your eyes of that big bank feeder. The Guidewater Vest replaces old school flap-covered pockets with a curved-zipper panel organization system for improved visibility of, and access to, vest contents with one single-handed motion. The angler-designed storage system conveniently and intuitively organizes everything you need and puts it at your fingertips. Our latest version features dual front closures (zipper and clasp) for versatile fit over layers and is now made from polyester mesh and 100% woven nylon. Additional details: padded shoulder support, brushed-mesh lined handwarmer pockets, two internal zip pockets, back storage, multiple attachment points, removable fly patch and built-in rod holder.<br><br><b>Details:</b><ul> <li>""Lightweight mesh, woven, and stretch fabric combination for comfort, breathablility, and low moisture retention; full-length curved zipper panels provide increased organization, visibility and access to fly boxes, tippet and tools""</li> <li>Brushed mesh handwarmer pockets; back zip storage capability</li> <li>""Fully padded shoulder support; Multiple external attachment points, removable fly patch, built-in rod holder""</li> <li>Drainage doubles as zinger slot; Adjustable hem drawcord</li> <li>Dual closures (zipper and clasp) allow for a customized fit</li> <li>""Two Beastie D-rings on front, one on back""</li> <li>Large haul loop for hanging/carrying</li></ul><br><br><b>Fabric: </b>Body and pockets: 4.6-oz polyester mesh combined with 4.3-oz 100% woven nylon with DWR (durable water repellent) finish. Lower pocket panels: 3.9-oz stretch nylon with a polyurethane coating. Collar: 3.8-oz 100% polyester<br><br><b>Weight: </b>(614 g 21.3 oz)<br><br>Made in China.",2,1,0.303478406370582,-0.15141999276238913,-0.13122207672323413,-0.08903801182303879,0.05367849600838544,-0.0024073479356102596,0.05983767150143484,0.24934137529376713,-0.02920442803421855,-0.03241310091184356
54,"Highwater pfd vest - The constant boat angling dilemma: You know you should wear one, but who wants to fish all day in a life vest? Here's the solution: The Highwater Vest is a full-on USCG-approved Type III personal floatation device that's also a trim-fitting, functional fishing vest. Better yet, it's so comfortable and allows such a wide range of motion, you'll forget you're even wearing a PFD. The Highwater features Gaia foam that's lighter than conventional foam and free of CFC-ozone-depleting materials, without sacrificing performance. Deft adjustment points, die-cut/hand-skived foam and an open-mesh back keep the profile slim (and cool and comfortable to wear, even in a high-backed kayak seat or float tube). The low neckline, narrow chest and short waist create large armholes for unimpeded casting. Details: adjustable shoulder and side straps, two large flapped pockets with piggyback mesh pockets, two D-rings on the front and one on the back.<br><br><b>Details:</b><ul> <li>Cordura nylon covers Gaia PVC-free foam with no CFC ozone-depleting materials; front zipper and four buckles provide easy on/off and adjustment</li> <li>Three adjustment points on sides and adjustable shoulder straps fine tune the fit</li> <li>Two large flapped pockets (with piggyback stretch mesh pockets)</li> <li>Two front D-rings for accessories one D-ring on back for a net</li> <li>Ventilating open-mesh back</li> <li>""Short waist, low neckline, and narrow chest for freedom of movement""</li> <li>Type III US Coast Guard approved flotation vest</li></ul><br><br><b>Fabric: </b>Shell: 500-denier Cordura nylon. Lining: 200-denier nylon oxford. Lower back: polyester mesh<br><br><b>Weight: </b>(894 g 31 oz)<br><br>Made in China.",2,1,0.20003096254119562,-0.038114428919355,-0.04815176901282286,-0.04440859183715857,0.018286410006424624,0.03107934549579985,0.0490175397043895,0.1699097586365848,-0.017913208113693478,-0.02227667305275236
55,"Hip chest pack - Ready to go vest free? This is the classic alternative. Designed to be worn either on the hips or at the chest (hence the name), this bombproof, streamlined pack is the ultimate in functional simplicity. Made from tough, polyurethane-coated polyester (47% recycled) double-weave, the Hip Chest Pack has DWR (durable water repellent) coated zippers with custom fish pulls, a side magnetic loop, retractor attachment bar and quick-release DuraFlex Stealth-V buckle. More features: Brushed stretch neck strap, 2-way zips in main compartment, stretch mesh external storage/water bottle pocket and internal organizing panels.<br><br><b>Details:</b><ul> <li>Pack storage designed for fishing and tested by anglers; polyester double-weave pack can be worn at chest or hips</li> <li>Main compartment has 2-way zips; all zippers are DWR (durable water repellent) coated and have custom fish pulls</li> <li>Stretch-mesh interior paneling organizes fly boxes and accessories; gusseted stretch-mesh outer pocket</li> <li>Side magnetic loop and retractor attachment bar keeps tools handy</li> <li>Brushed stretch neck strap has been lengthened for added functionality</li> <li>Padded back panel provides comfort and absorbs minimal water</li> <li>""Adjustable and quick-release DuraFlex Stealth-V buckle for smooth function, low profile and easy adjustment""</li></ul><br><br><b>Fabric: </b>""Body: 300-denier 100% polyester (47% recycled) double weave. Lining: 200-denier 100% polyester. Both with polyurethane coating. Mesh pockets: 100% stretch-woven nylon. Back panel: 92% stretch-woven nylon/8% spandex. Body, lining, and back panel have a DWR finish""<br><br><b>Weight: </b>(421 g 14.6 oz)<br><br>Made in Vietnam.",2,1,0.34427453189602275,-0.1623813988177756,-0.09224934194410946,-0.13173470292651165,0.05013275869658992,0.025362396637765485,0.10382367198914817,0.2136666326369759,-0.022551784990006513,-0.02971403325678184
56,"Iceberg t-shirt - The effects of global warming run deep, depicted here on the Iceberg T-Shirt with artwork by wood block print artist Nick Wroblewski. Made from 100% ringspun organic cotton and printed with PVC- and phthalate-free inks, the shirt has taped shoulder seams for added comfort. Recyclable through the Common Threads Recycling Program.<br><br><b>Details:</b><ul> <li>Ringspun yarns for a softer hand</li> <li>Taped shoulder seams</li> <li>Screen-print inks are PVC- and phthalate-free</li></ul><br><br><b>Fabric: </b>5.4-oz 100% organic cotton. Recyclable through the Common Threads Recycling Program<br><br><b>Weight: </b>(199 g 6.9 oz)<br><br>Made in USA.",5,2,0.2829783365232835,0.5766433236999623,-0.051672798664555764,-0.17468186760332566,0.005371668644987912,0.07148563520030189,-0.03710838967246481,-0.017086298011026655,-0.009805759001237093,-0.03655274484795825
57,"Insulator pants - Steelhead, salmon, trout...they aren't called ""coldwater"" fisheries for nothing. But the answer for chilly wading and cool weather is simple: Insulator Pants. Our latest version is made with moisture-wicking, low-bulk polyester Regulator R1 fleece and tapered Capilene 4 cuffs for a smooth, secure transition at the ankles. Insulators fit like your favorite pair of sweatpants, layer easily and provide an almost guilt-inducing level of coziness between waders and baselayer. An elasticized, brushed tricot-lined waist with drawcord, zippered fly, two front, tricot-lined pockets with security snaps and a horizontal zippered hip pocket complete the package for maximum comfort and convenience. Recyclable through the Common Threads Recycling Program.<br><br><b>Details:</b><ul> <li>""Moisture-wicking, low-bulk polyester Regulator R1 fleece""</li> <li>""Elasticized, brushed tricot-lined constructed waist with drawcord and fly""</li> <li>""Two tricot-lined pockets in front with security snaps, tricot-lined hip pocket with horizontal zipper""</li> <li>""Tapered Capilene 4 polyester cuffs for a low bulk, secure fit at the ankles""</li></ul><br><br><b>Fabric: </b>""R1: Polartec Power Dry 6.5-oz 93% polyester (60% recycled)/7% spandex single-sided fleece. Cuffs: Polartec Power Dry 5.3-oz 93% polyester (50% recycled)/7% spandex, with Gladiodor natural odor control for the garment. Recyclable through the Common Threads Recycling Program""<br><br><b>Weight: </b>(357 g 12.4 oz)<br><br>Made in Colombia.",-1,1,0.27183366752314425,-0.1454667477576419,0.04460207529539764,-0.022950128855509788,-0.07608847895132481,-0.07241821189983137,0.08688011130294163,-0.04647421339103867,-0.0790668839223058,-0.03970105611554725
58,'73 logo t-shirt - Soft-wearing ringspun organic cotton; Screen-print inks are PVC- and phthalate-free<br><br><b>Details:</b><ul> <li>Ribbing at neck stretches for easy on/off</li> <li>Screen-printed size label on back of neck won't chafe tender skin</li></ul><br><br><b>Fabric: </b>4.4-oz 100% organic cotton. Recyclable through the Common Threads Recycling Program<br><br><b>Weight: </b>(103 g 3.6 oz)<br><br>Made in USA.,5,2,0.37450448778594686,0.5885469594638808,-0.010718475064710757,-0.06289255970012024,-0.05621730391241208,-0.021233824562228186,0.029992631299196167,-0.07964101549500795,-0.0069252382302604385,0.01155133545869403
59,"Borderless gi shorts - These shorts have a mud-, sand- and grass-resistant blend of tough 4-oz 95% nylon (60% recycled)/5% spandex for the wide panorama of kid endeavors, and feature built-in 40-UPF sun protection and a DWR (durable water repellent) finish. An elasticized waist with a fixed micro-adjustable stretch belt and a low-profile snap-lock buckle provides a comfortable fit. With a roomy gusseted crotch, deep quarter pockets in front and a hook-and-loop-closure cargo pocket. Inseam is 10"". Recyclable through the Common Threads Recycling Program.<br><br><b>Details:</b><ul> <li>""Tough, lightweight stretch recycled nylon""</li> <li>Elasticized waist with built-in adjustable stretch belt with low-profile buckle for comfort</li> <li>Deep quarter pockets in front; hook-and-loop secured cargo pocket</li> <li>""Gusseted crotch; just-below-the-knee length; 10"""" inseam""</li> <li>""10"""" inseam""</li></ul><br><br><b>Fabric: </b>4-oz 95% nylon (60% recycled)/5% spandex with a DWR (durable water repellent) finish and 40 UPF. Recyclable through the Common Threads Recycling Program<br><br><b>Weight: </b>(175 g 6.1 oz)<br><br>Made in Vietnam.",1,1,0.3687108173911197,-0.19660953524278113,-0.16863056929976666,0.0825649965827643,-0.008503966234050952,0.2512032474093512,-0.10701228260419775,-0.03318518488184635,-0.02258653544440715,-0.04140891408472852
60,"Cap 1 graphic tee - Kids live at full throttle. Allow their boundless energy to flourish with the short-sleeved Capilene 1 Graphic Tee, which keeps them dry by wicking away moisture and cool with a silky 3.7-oz 100% all-recycled polyester fabric. A built-in 15-UPF sun protection protects their skin, while Gladiodor natural odor control keeps them huggable. Raglan sleeves allow shoulders to move naturally; the ribbed collar feels smooth against skin. Three fun graphics reside on the front. Recyclable through the Common Threads Recycling Program.<br><br><b>Details:</b><ul> <li>""This lightweight, silky and fast-wicking Capilene 1 tee is our coolest wearing baselayer, with Gladiodor natural odor control""</li> <li>Built-in 15-UPF sun protection</li> <li>Ribbed collar for on/off easily</li> <li>Raglan sleeves without underarm panels</li> <li>Fun graphics</li></ul><br><br><b>Fabric: </b>3.7-oz 100% all-recycled polyester with Gladiodor natural odor control and 15-UPF sun protection. Recyclable through the Common Threads Recycling Program<br><br><b>Weight: </b>(95 g 3.3 oz)<br><br>Made in USA.",0,3,0.27525445418405037,-0.039164449582421684,0.3907710712815697,-0.011986412217136443,-0.3845205414118564,0.04845657221078268,-0.1392623952708948,0.037443331493860754,0.08707712930145219,0.0653729272765958
61,"Cap 3 bottoms - Like birds and clouds, kids stay on the move. Their abandon doesn't need purpose, just a little warmth when the sun sets or a quick dry when the water sprays. Worn alone or under layers, Capilene 3 Bottoms are a versatile, fast-wicking complement to kid motion, made from soft 4.8-oz 100% polyester (64% recycled) with Gladiodor natural odor control. They have a smooth, brushed interior, nonchafing flat seams, a roomy gusseted crotch and an elasticized waistband. Recyclable through the Common Threads Recycling Program.<br><br><b>Details:</b><ul> <li>""Insulative and breathable, Capilene 3 is our fastest wicking baselayer, with Gladiodor natural odor control""</li> <li>Fabric inside brushed for softness</li> <li>""Hidden elasticized waistband, roomy gusseted crotch""</li> <li>Self-fabric cuffs</li> <li>Non-chafing flat seams throughout</li></ul><br><br><b>Fabric: </b>4.8-oz 100% polyester (64% recycled) with Gladiodor natural odor control. Recyclable through the Common Threads Recycling Program<br><br><b>Weight: </b>(86 g 3 oz)<br><br>Made in USA.",0,3,0.2620676269946322,-0.10555626178809566,0.32201065585463434,-0.015461990763056651,-0.27175448261712704,-0.04555710900381972,-0.11544727978453959,-0.058906834483023925,-0.22484278602094673,-0.1432913432027348
62,"El cap jkt - Resistant to hard play but irresistible against the skin, our El Cap Jacket is lightweight, quick-drying and way cozy. The 5.7-oz 100% polyester (78% recycled) double-faced fleece is brushed inside and provides moisture-wicking performance. The full-zip design has handwarmer pockets, raglan sleeves for mobility, spandex binding at the arms and waist for a secure fit and a reflective patch for high visibility between the shoulders. Recyclable through the Common Threads Recycling Program.<br><br><b>Details:</b><ul> <li>Great versatile spring/summer full-zip jacket</li> <li>Contrast raglan sleeves</li> <li>Two handwarmers</li> <li>""Contrast spandex binding around zipper, sleeve cuffs and hem for a clean look""</li> <li>Reflective on center back</li></ul><br><br><b>Fabric: </b>5.7-oz 100% polyester (78% recycled) double-faced brushed fleece with moisture-wicking performance. Recyclable through the Common Threads Recycling Program<br><br><b>Weight: </b>(271 g 9.4 oz)<br><br>Made in Colombia.",1,1,0.2926245152830596,-0.11650029575266685,0.08747853169336531,-0.03529192053927622,-0.09797827217156324,-0.13196448023965676,0.11342422409489279,0.009881617752065053,0.036266477425300286,0.03276314608058563
63,Flying fish t-shirt - Soft-wearing ringspun organic cotton; Screen-print inks are PVC- and phthalate-free<br><br><b>Details:</b><ul> <li>Ribbing at neck stretches for easy on/off</li> <li>Screen-printed size label on back of neck won't chafe tender skin</li></ul><br><br><b>Fabric: </b>4.4-oz 100% organic cotton. Recyclable through the Common Threads Recycling Program<br><br><b>Weight: </b>(103 g 3.6 oz)<br><br>Made in USA.,5,2,0.36349339594636537,0.5850823004160585,-0.009957152748393048,-0.05819406154248482,-0.053014970951416676,-0.020257428128973954,0.026404458561404602,-0.07654157766055879,-0.018197561098315856,0.0071063758085924056
64,Gpiw classic t-shirt - Soft-wearing ringspun organic cotton; Screen-print inks are PVC- and phthalate-free<br><br><b>Details:</b><ul> <li>Ribbing at neck stretches for easy on/off</li> <li>Screen-printed size label on back of neck won't chafe tender skin</li></ul><br><br><b>Fabric: </b>4.4-oz 100% organic cotton. Recyclable through the Common Threads Recycling Program<br><br><b>Weight: </b>(103 g 3.6 oz)<br><br>Made in USA.,5,2,0.37057871228249734,0.5923686543080198,-0.012666467287389677,-0.04723480362098041,-0.05109727294188327,-0.029001721187775047,0.021985635265855365,-0.07473305938148239,-0.024068600171056723,0.003632489823518864
65,Live simply guitar t-shirt - Soft-wearing ringspun organic cotton; Screen-print inks are PVC- and phthalate-free<br><br><b>Details:</b><ul> <li>Ribbing at neck stretches for easy on/off</li> <li>Screen-printed size label on back of neck won't chafe tender skin</li></ul><br><br><b>Fabric: </b>4.4-oz 100% organic cotton. Recyclable through the Common Threads Recycling Program<br><br><b>Weight: </b>(103 g 3.6 oz)<br><br>Made in USA.,5,2,0.34972248605447354,0.5760558070205629,-0.011576996701635664,-0.06224014634065485,-0.05202263881505834,-0.02196067109942973,0.031160405486539165,-0.07735393811339719,-0.018027245396271183,0.000852692510290636
66,"Synch marsupial - The roomy kangaroo-style front pocket on the Kids' Synchilla Marsupial lets them take their rock, leaf and feather collection wherever they go. Made of ultra-soft 7.6-oz 100% polyester (85% recycled) double-faced fleece; it features a reflective collar stand for high visibility, a deep front zip, shape-holding elasticized cuffs and waist and a hand-me-down ID label inside. Recyclable through the Common Threads Recycling Program.<br><br><b>Details:</b><ul> <li>""Made from soft, recycled double-faced fleece""</li> <li>Deep zip and kangaroo pocket</li> <li>Elastic cuffs and tummy-friendly elastic at waist</li> <li>Hand-me-down ID label inside</li></ul><br><br><b>Fabric: </b>7.6-oz 100% polyester (85% recycled) double-faced fleece. Recyclable through the Common Threads Recycling Program<br><br><b>Weight: </b>(302 g 10.5 oz)<br><br>Made in Mexico.",1,1,0.21514069290098806,-0.04860989346138339,-0.030782077381343944,-0.014913746821133549,-0.033392543157763535,-0.13893680970255784,0.07114183487899299,0.020236119197724264,0.00047857774478416343,0.04003384790863006
67,"Torrentshell jkt - When the barometric pressure gets low, our Torrentshell Jacket keeps spirits high - and dry. Its 2.5-layer, 2.6-oz 50-denier 100% nylon ripstop fabric is tough and compressible, and has a waterproof/breathable H2No barrier and a Deluge DWR (durable water repellent) finish to resist wet weather. A polymer matrix pattern on the inside slides easily over layers and channels moisture away from skin. Additional weatherproofing features include fully sealed seams; a hood with a built-in foam visor and elasticized sides that fits over caps and beanies; a full-front zip with a hook-and-loop-closure storm flap; a chin guard; micro-adjusting elasticized cuffs and an internal drawcord at the hem to secure the fit. With zippered side handwarmer pockets and one inside drop-in pocket.<br><br><b>Details:</b><ul> <li>""Fully seam sealed; polymer matrix pattern on inside slides easily over layers, channels moisture away from skin and protects the waterproof/breathable H2No barrier""</li> <li>""Full front-zip with hook-and-loop closure storm flap, chin guard; zippered side pockets, one inside drop-in pocket""</li> <li>Internal drawcord at hem to secure fit; raglan sleeves eliminate shoulder seams and relax the fit</li> <li>Micro-adjustment elasticized cuff with hook-and-loop closure to seal out the elements</li> <li>Hood has elasticized sides to improve peripheral vision</li> <li>Built-in foam insert visor sheds rain and cuts glare</li> <li>Reflective zipper pulls on handwarmer pockets; reflective piping across back yoke</li></ul><br><br><b>Fabric: </b>""2.5-layer, 2.6-oz 50-denier nylon ripstop with a waterproof/breathable H2No barrier and a Deluge DWR (durable water repellent) finish.""<br><br><b>Weight: </b>(265 g 9.2 oz)<br><br>Made in China.",1,1,0.364229230828304,-0.22162357832713192,-0.15604904112290807,-0.19786748442226615,0.0775715522266658,-0.1451683442857536,-0.058552074840453786,-0.19282600332351654,0.02296586556854189,0.03350746715987174
68,"La surfer maria t-shirt - Pray for surf wearing the La Surfer Maria T-Shirt. Inspired by the Virgin of Guadalupe, artist Geoff McFetridge's interpretation of a surf goddess is printed on 100% organic cotton fabric. PVC- and phthalate-free inks are gentler on the environment. Ringspun yarns and taped shoulder seams add softness. Recyclable through the Common Threads Recycling Program.<br><br><b>Details:</b><ul> <li>Ringspun yarns for a softer hand</li> <li>Taped shoulder seams</li> <li>Screen-print inks are PVC- and phthalate-free</li></ul><br><br><b>Fabric: </b>4.4-oz 100% organic cotton. Recyclable through the Common Threads Recycling Program<br><br><b>Weight: </b>(150 g 5.2 oz)<br><br>Made in USA.",5,2,0.2554749539186592,0.5233616303841011,-0.03535056027694627,-0.1511458479371821,0.011191099986627531,0.05910346560414317,-0.04039870360366449,-0.01278956508483328,-0.02182167965989851,-0.03780614572090293
69,"Lead an examined life poster - Guanacos standing sentry in Patagonia, Chile. For 30 years we've paid tribute to human adventures both near and far with a collection of photographs that speak to the passion, joy and beauty of lives spent outside. These photos have appeared exclusively on our Web site, in our catalog and on the walls of our retail stores and specialty outdoor clothiers around the world. And now we are excited to make select photos available to you as posters. We hope they brighten up your space and inspire you to get outside.<br><br><b>Details:</b><ul> <li>""Dimensions: 36"""" x 24""""""</li> <li>Photo by Terri Laine</li></ul><br><br><b>Fabric: </b>Printed with soy inks on recycled paper that contains 50% post-consumer waste<br><br>Printed in USA.",6,10,0.050713118286019564,0.0861825982690564,-0.016347042241514717,-0.05480988847153822,0.012021032746540825,0.0747957606866424,-0.018025019143591295,0.0333264026018291,-0.5412658813877186,0.7585056012551858
70,"Light and variable surf trunks - Our lightest, leanest surf trunks are built for minimal underwater drag when diving and bodysurfing, and they pack down into their own tiny stuff pouch. Made from hardy but ultralightweight 3.5-oz 50-denier 100% polyester ripstop, the Light and Variables feature a flat-lying, 2-button gusseted fly and a stealth hip zip pocket. Inseam (size 32) is 8.5""; outseam, 19"". Stuff pouch included. Recyclable through the Common Threads Recycling Program.<br><br><b>Details:</b><ul> <li>""Flat-lying, hidden 2-button fly with tie-closure""</li> <li>Stealth zippered hip pocket secures essentials</li> <li>Rear zippered pocket</li> <li>Includes mesh travel/stuff bag with shock-cord and toggle closure</li> <li>Hem hits just above the knee</li> <li>""Inseam is 8 1/2""""; outseam 19""""""</li></ul><br><br><b>Fabric: </b>3.5-oz 50-denier 100% polyester ripstop. Recyclable through the Common Threads Recycling Program<br><br><b>Weight: </b>(129 g 4.5 oz)<br><br>Made in Vietnam.",-1,1,0.2118512847089122,-0.10632135741473504,-0.06733785690162844,0.031948984622687374,0.04343904799791347,0.008681374343830098,-0.04740303497121534,0.08964641897010209,5.754105148287604e-05,-0.012566403913581032
71,"Live simply bug t-shirt - In nature, live organisms are eventually reduced to bug food. Artist Geoff McFetridge's original work reduces it to the basics with the Live Simply Bug T-Shirt. 100% organic cotton fabric is ringspun for a soft hand. Taped shoulder seams are chafe-free under a pack. PVC- and phthalate-free inks reduce environmental impact. Recyclable through the Common Threads Recycling Program.<br><br><b>Details:</b><ul> <li>Ringspun yarns for a softer hand</li> <li>Taped shoulder seams</li> <li>Screen-print inks are PVC- and phthalate-free</li></ul><br><br><b>Fabric: </b>4.4-oz 100% organic cotton. Recyclable through the Common Threads Recycling Program<br><br><b>Weight: </b>(150 g 5.2 oz)<br><br>Made in USA.",5,2,0.2512714267031499,0.49488538123395803,-0.022651049043959995,-0.1544447082900873,-0.002128287767091563,0.061850728129150594,-0.029645562582621934,-0.00227858849627895,0.011279103277611113,-0.05179515756410607
72,"Live simply deer t-shirt - Adaptability is simply a matter of survival for the deer, who's at home in just about any habitat. The Live Simply Deer T-Shirt features original artwork by Geoff McFetridge, and is printed on 100% organic cotton with inks that are PVC- and phthalate-free. Ringspun fabric yarns and taped shoulder seams are soft next-to-skin. Recyclable through the Common Threads Recycling Program.<br><br><b>Details:</b><ul> <li>Ringspun yarns for a softer hand</li> <li>Taped shoulder seams</li> <li>Screen-print inks are PVC- and phthalate-free</li></ul><br><br><b>Fabric: </b>4.4-oz 100% organic cotton. Recyclable through the Common Threads Recycling Program<br><br><b>Weight: </b>(150 g 5.2 oz)<br><br>Made in USA.",5,2,0.27298043844013853,0.5713618744096512,-0.04304973948182704,-0.17070356212707669,0.009677884478219923,0.059284856983560064,-0.03285568534984511,-0.029069933181608967,-0.011240740313531273,-0.057877948914551135
73,"Live simply guitar t-shirt - Live life unplugged. The tee is made from soft, ringspun 100% organic cotton fabric with artwork by Geoff McFetridge. Taped shoulder seams and double stitched sleeves and hem provide durability; coverstitching at sleeve and neck add a clean finish. Recyclable through the Common Threads Recycling Program.<br><br><b>Details:</b><ul> <li>Ringspun yarns for a softer hand</li> <li>Taped shoulder seams</li> <li>Screen-print inks are PVC- and phthalate-free</li></ul><br><br><b>Fabric: </b>4.4-oz 100% organic cotton. Recyclable through the Common Threads Recycling Program<br><br><b>Weight: </b>(150 g 5.2 oz)<br><br>Made in USA.",5,2,0.34919301376027717,0.5782545740122926,-0.03817293314027244,-0.14586365740028817,-0.01979961601553218,0.016953341652137844,0.0005182488362746082,0.018266976468232096,0.022628628559221847,-0.026228036565150572
74,"Logo hat - Your unflappable road-tripping companion - this 100% organic cotton hat disguises bed head, cuts glare when you're checking surf, and pulls chinward for an afternoon siesta. The go-anywhere design has a precurved brim, a rear elastic strap with nylon webbing for adjustability and a moisture-wicking headband for comfort. The low profile ensures a reliable bond during rogue gusts.<br><br><b>Details:</b><ul> <li>""Comfortable, 100% organic cotton fabric holds its shape""</li> <li>Shapeable brim shades face and reduces glare</li> <li>Rear webbing strap with adjustable buckle</li> <li>Moisture-wicking headband</li></ul><br><br><b>Fabric: </b>5.2-oz 100% organic cotton canvas<br><br><b>Weight: </b>(77 g 2.7 oz)<br><br>Made in China.",4,1,0.19108977776410344,0.053590801316206665,-0.027787022458815175,0.13387862254344726,0.002893893890063273,-0.013893596343991437,0.0693263435181012,0.09287872147017322,-0.000542592926175875,0.034842122904083915
75,L/s hooded rashguard - The 30-UPF fabric of our Long-Sleeved Rashguard keeps the sun from sizzling your skin. Made from a durable and protective blend of 84% all-recycled polyester/16% spandex. With seamless underarm gussets and chafe-free construction. The drawstring loop at front secures to board shorts.<br><br><b>Details:</b><ul> <li>All-recycled polyester rashguard has 30-UPF sun protection</li> <li>Sun-blocking 3-panel hood with built-in neoprene visor snugs with locking drawcord</li> <li>Rear zip-pocket stores surf/paddle essentials</li> <li>Seamless underarm gussets and flat-seam construction avoids chafe</li> <li>Self-loop at front hem secures to board shorts</li></ul><br><br><b>Fabric: </b>5.8-oz 84% all-recycled polyester/16% spandex<br><br><b>Weight: </b>(239 g 8.3 oz)<br><br>Made in USA.,7,1,0.25630116145050474,-0.08249458458818841,0.058763476066173846,0.06588796892155804,-0.17761036773618744,0.24040665614055398,-0.08988512532313804,-0.024633992662247892,0.20306659631736443,0.15346434455110616
76,"L/s island hopper shirt - Serene in the face of serious heat and always up for a cleansing dunk in the hotel sink, an Island Hopper is traveler's manna. Its ultralight blend of moisture-wicking 65% all-recycled polyester and 35% organic cotton ventilates well; the light colors reflect the sun; and the oversized drop-in chest pockets (sized for a fly box, passport or both) have mesh vents to take in whatever breeze comes your way; with 2-button adjustable cuff, a straight hem and side vents. Recyclable through the Common Threads Recycling Program.<br><br><b>Details:</b><ul> <li>""Superlight, quick-drying all-recycled polyester and organic cotton plain weave""</li> <li>Easy access to drop-in passport-sized chest pockets through front mesh vents (for maximizing airflow)</li> <li>Coconut buttons</li> <li>2-button adjustable cuff</li> <li>Straight hem with side vents</li></ul><br><br><b>Fabric: </b>2.9-oz 65% all-recycled polyester/35% organic cotton plain weave. Recyclable through the Common Threads Recycling Program<br><br><b>Weight: </b>(242 g 8.4 oz)<br><br>Made in Thailand.",-1,1,0.2398761744614458,0.0324126307123727,-0.04230820716130001,0.11360016357695515,-0.03874635492216004,-0.11483321276957625,0.07388578780176211,0.09584061152497715,0.1208970717999158,0.07609571538948359
77,L/s rashguard - The 30-UPF fabric of our Long-Sleeved Rashguard keeps the sun from sizzling your skin. Made from a durable and protective blend of 84% all-recycled polyester/16% spandex. With seamless underarm gussets and chafe-free construction. The drawstring loop at front secures to board shorts.<br><br><b>Details:</b><ul> <li>Recycled polyester (100%) rashguard has 30-UPF sun protection </li> <li>Mock turtleneck protects neck from sun and rolls over to shield from wetsuit zipper</li> <li>Seamless underarm gussets and flat-seam construction avoids chafe</li> <li>Self-loop at front hem secures to board shorts</li> <li>Flying-fish graphic (only on fog)</li></ul><br><br><b>Fabric: </b>5.8-oz 84% all-recycled polyester/16% spandex<br><br><b>Weight: </b>(187 g 6.5 oz)<br><br>Made in USA.,7,6,0.2404938006296091,-0.06028076854067467,0.09536083388772003,0.04750061312406323,-0.19837898620587613,0.2659208343967639,-0.0663255416108899,-0.02791235045121435,0.23586193565710603,0.15347348392065455
78,"L/s steersman shirt - This ain't no city shirt, unless you're in Manila. The Steersman is de-twanged ranch hand in a superlight, 100% organic cotton fabric with a crepelike crinkle that lifts away from the skin to promote cooling. Details include two chest pockets with button-flap closures, 2-button cuffs and a slight drop-tail waist. Recyclable through the Common Threads Recycling Program.<br><br><b>Details:</b><ul> <li>Organic cotton fabric's crepe-like crinkle lifts fabric away from skin</li> <li>Two chest pockets with button-flap closures</li> <li>Double-needle reinforced seams; two button cuff</li> <li>Slight droptail waist</li></ul><br><br><b>Fabric: </b>3.4-oz organic cotton yarn dye. Recyclable through the Common Threads Recycling Program<br><br><b>Weight: </b>(213 g 7.4 oz)<br><br>Made in Thailand.",-1,1,0.2338008729746749,0.11255588106782487,-0.0733397873701824,0.1268099102371745,0.019553520843066798,-0.16023943225044418,-0.011182590023849566,-0.005835514295542698,0.06538317519769726,0.034633176936528676
79,"Lw endurance ankle socks - Fast-forward pursuits, like riding the White Rim in a day, have miles of inspiration followed by moments of doubt. At least your feet will stay consistently cool with the airy performance of these endurance socks. Made from several fibers that are constructed to feel weightless, they merge 40% merino wool (chlorine-free) for comfort and cushion, 25% Coolmax/20% nylon/12% polyester for durability and moisture-management and 3% spandex for stretch and recovery. The full merino-wool channel-knit under the foot creates superior cushioning for heel and toes, as well as airflow for the arch. The looped Lintoe ensures chafe-free toe comfort. Height is 3"".<br><br><b>Details:</b><ul> <li>""Lightweight, wool blend strategically knit for excellent breathability and wicking""</li> <li>""Full, channel-knit construction under the entire foot provides the most cushioning with the least bulk""</li> <li>Looped Lintoe construction creates the smallest and flattest seam possible for ultimate toe comfort</li> <li>Flex zones at toe for comfort and to prevent bunching</li></ul><br><br><b>Fabric: </b>40% chlorine-free merino wool/25% Coolmax/20% nylon/12% polyester/3% spandex<br><br><b>Weight: </b>(28 g 1 oz)<br><br>Made in USA.",8,5,0.20524426744061916,-0.03129892603933524,0.29019688111871594,0.030986183818594432,0.2912559213978395,0.13438860845608877,0.06419860728022744,-0.011879234650272717,0.010552455908226888,-0.02033889896576409
80,"Lw endurance quarter socks - Scraped, taped or inflamed  our ankles suffer in rough country. These endurance socks are made for miles of abusive terrain, with an over-the-ankle fit to frustrate brush and briar. Thin and lightweight, they feature a felted merino wool channel-knit construction for maximum cushioning with the least bulk. An open knit over the top of the foot increases breathability; the looped Lintoe provides chafe-free toe comfort. Made from 40% merino wool (chlorine-free)/25% Coolmax/20% nylon/12% polyester/3% spandex. Height is 6.5"".<br><br><b>Details:</b><ul> <li>Lightweight wool blend strategically knit for excellent breathability and wicking</li> <li>""Full, channel-knit construction under the entire foot provides the most cushioning with the least bulk""</li> <li>Looped Lintoe construction creates the smallest and flattest seam possible for ultimate toe comfort</li> <li>Flex zones at toe for comfort and to prevent bunching</li></ul><br><br><b>Fabric: </b>40% chlorine-free merino wool/25% Coolmax/20% nylon/12% polyester/3% spandex<br><br><b>Weight: </b>(34 g 1.2 oz)<br><br>Made in USA.",8,5,0.2088983954359793,-0.014900413166206616,0.2831726149117638,0.02008759282517858,0.29641795703796814,0.13009174082121122,0.05448679420183032,-0.01904972684703694,0.007159268610983113,-0.025436063063108964
81,"Lw hiking crew socks - Like suites for your feet, these stay-cool and breathable, multi-use socks feature a variable-knit, felted merino wool construction under the foot to disperse heat and cushion hard knocks. The welt is snug to reduce slipping; an arch band adds support. A combo of fibers improves moisture control and airflow: 62% chlorine-free merino wool/23% nylon/12% polyester/3% spandex. Height is 9.5"".<br><br><b>Details:</b><ul> <li>""Wool blend strategically knit to balance wicking performance, cushioning and durability""</li> <li>""Lightweight, looped construction on footbed and front shin for next-to-skin comfort and shin protection""</li> <li>""Felted wool yarns are chlorine-free, itch-free and offer long-term stability and performance""</li> <li>Looped Lintoe construction creates the smallest and flattest seam possible for ultimate toe comfort</li></ul><br><br><b>Fabric: </b>62% chlorine-free merino wool/23% nylon/12% polyester/3% spandex<br><br><b>Weight: </b>(51 g 1.8 oz)<br><br>Made in USA.",8,5,0.23388724305846742,-0.010222905632312306,0.3137997979865996,0.03362061521015604,0.34109886042837373,0.16264146698360366,0.03865501265538786,-0.009403086835536154,0.057830011809782235,0.007818176626290259
82,"Lw r4 jkt - High off the deck on Warbonnet Peak in the immaculate Wind River Mountains, the naming of the range quickly makes sense. Our windproof and stretchy Lightweight R4 Jacket protects and warms with a Polartec Windbloc laminate sandwiched between a low-nap polyester microfleece face and a high/low grid polyester interior. Unlaminated R1 underarm panels (60% recycled polyester) enhance breathability and mobility, while a neck gasket seals out the elements. Seamless shoulders allow pack-wearing comfort. With three external pockets (the handwarmers stay clear of your harness), two internal drop-in pockets and a drawcord hem. Recyclable through the Common Threads Recycling Program.<br><br><b>Details:</b><ul> <li>""Lightweight, durable low-nap microfleece face""</li> <li>Full-stretch Polartec Windbloc laminate</li> <li>R1 interior-grid construction speeds wicking</li> <li>Nonlaminated R1 fabric (made with recycled polyester) under the arms enhances mobility and breathability</li> <li>""Drawcord collar with Supplex stand, protective chin flap for comfort, seamless shoulders for comfort under a pack""</li> <li>Pockets: zippered chest and zippered handwarmers placed above harness-line; two internal drop-in</li> <li>Drawcord waist</li></ul><br><br><b>Fabric: </b>Lightweight R4 shell: 8-oz Polartec Windbloc 100% polyester microfleece laminated to R1 Polartec Power Dry polyester. R1 panels: 6.5-oz Polartec Power Dry 93% polyester (60% recycled)/7% spandex. Recyclable through the Common Threads Recycling Program<br><br><b>Weight: </b>510 g (18 oz)<br><br>Made in Colombia.",0,1,0.2767566068453131,-0.12762902888252406,0.016895735117165078,-0.08839632035120017,-0.051414721745661515,-0.11349663514820155,0.11698621856335566,-0.009686492256883759,-0.017017978935929795,-0.005169935455673208
83,"Lw travel duffel - This wanderer's bag is large enough to hold the contents of your life without getting in the way. A large zippered entry to the roomy main compartment makes it easy to toss in a few essentials or stuff it to the max. An exterior side zipper pocket organizes small items; the top pocket holds music in backpack mode or wallet, phone, etc. in duffel mode. Tuckaway backpack straps and fully padded back and bottom panels provide comfort and durability however you use it. Compression straps and a cinch collar secure pretty much anything you want to attach to the outside, and the duffel stows away in its own pocket. Made from strong, extremely lightweight 50-denier triple-ripstop nylon with a polyurethane coating and a DWR (durable water repellent) finish. Reinforced with 150-denier polyester (47% recycled) double-weave ShiftLayer. ,A`~}<br><br><b>Details:</b><ul> <li>Large center-zip main compartment</li> <li>Exterior side zipper pocket organizes small essentials</li> <li>""Top pocket holds music in backpack mode or wallet, phone, etc. in duffel mode""</li> <li>Tuck-away backpack straps</li> <li>Back and bottom padded for comfort and durability</li> <li>""Compression straps and cinch collar hold helmet, shoes, yoga mat, etc.""</li></ul><br><br><b>Fabric: </b>50-denier 100% nylon triple ripstop with polyurethane coating and a DWR (durable water repellent) finish. Reinforcements: 150-denier 100% polyester (47% recycled) double-weave ShiftLayer<br><br><b>Weight: </b>(0 g 0 oz)<br><br>Made in Philippines.",2,8,0.22690112670458576,-0.13069520173645882,-0.11001293170799188,-0.10925685320462333,0.05848686613175251,-0.012115202917861573,0.03371546731742777,0.34222934979030195,-0.02297715768469426,-0.0016092991712236971
84,"Lw travel pack - In the lifelong search for a place to call home, we all do time on the road. This super-lightweight travel backpack holds everything you need for road trips, hikes or perusing the market, and it stuffs into its own pocket. The main compartment uses a simple drawstring closure to keep gear safe and packed tight. There's also a zippered lid pocket for quick access to smaller items. Exterior mesh pockets hold bottles, shell, gloves, etc. Breathable shoulder straps and a webbing waistbelt distribute the load and keep you comfortable. The lightweight foam back pad can be removed for use as a sitting pad. Made from strong, extremely lightweight 50-denier triple-ripstop nylon with a polyurethane coating and a DWR (durable water repellent) finish. Reinforced with 150-denier polyester (47% recycled) double-weave ShiftLayer.<br><br><b>Details:</b><ul> <li>Main pocket with cinch drawcord to keep gear safe and secured</li> <li>Lid pocket organizes your smaller items for easy access</li> <li>""Exterior mesh pockets hold bottles, shell, etc""</li> <li>Breathable shoulder straps and webbing waistbelt</li> <li>Back pad can be removed for use as a sit pad</li></ul><br><br><b>Fabric: </b>50-denier 100% nylon triple ripstop with polyurethane coating and a DWR (durable water repellent) finish. Reinforcements: 150-denier 100% polyester (47% recycled) double-weave ShiftLayer<br><br><b>Weight: </b>(372 g 12.9 oz)<br><br>Made in Philippines.",2,8,0.27395812485542376,-0.14081283073541281,-0.14488352423570736,-0.137333284963743,0.06718898687021345,0.016663186626426477,0.035807053347428716,0.41122240681876804,-0.03393522654576728,-0.0310816308205544
85,"M10 jkt - Made for those who thrive on thin and technical climbs in full alpine conditions, the new M10 is a study in minimalism - and our lightest 3-layer hard shell. The soft, pliable waterproof/breathable nylon ripstop fabric yields superb durability for its weight and protects against monsoon-season precip and summit ridge gusts. Details include watertight zippers, a microfleece-lined neck and chin, an exterior zippered left-chest pocket, zippered handwarmer pockets that serve double-duty by extending into pit zips, and cuffs that adjust with hook-and-loop closures. A single pull adjusts the 3-way helmet-compatible hood (with laminated visor) - it's the little things that make life a joy when dealing with wooden fingers, a gloved hand and torrential spindrift. Slim fit for technical use over light-to-medium layers.<br><br><b>Details:</b><ul> <li>3-layer fabric with waterproof/breathable H2No barrier and Deluge DWR (durable water repellent) finish</li> <li>""Single-pull, 3-way-adjustable helmet-compatible hood with laminated visor""</li> <li>Microfleece-lined neck and chin for comfort and enhanced protection of barrier</li> <li>Watertight zippers for wet-weather performance; zippers on handwarmer pockets extend to pit zips for ventilation</li> <li>Exterior left-chest zippered pocket</li> <li>Self-fabric hook-and-loop cuff closures</li> <li>Drawcord hem</li></ul><br><br><b>Fabric: </b>""3-layer, 2.2-oz 15-denier 100% nylon ripstop with a waterproof/breathable H2No barrier and a Deluge DWR finish""<br><br><b>Weight: </b>306 g (10.8 oz)<br><br>Made in Vietnam.",1,1,0.3353513539527932,-0.2021508144181427,-0.1505767450949828,-0.22217081424099971,0.05373029191605155,-0.1750993877753608,-0.017176061192629613,-0.25248711887040237,0.052559289392754005,0.09094629237620948
86,"M10 pants - Volatile climates don't rule out big adventures, they just call for ingenious techniques - like the time-honored alpine sprint. And, just in case, some bombproof protection: our newest and lightest 3-layer hard shell. The M10's soft, pliable waterproof/breathable nylon ripstop fabric yields superb durability for its weight and protects against monsoon-season precip and summit ridge gusts. The technical pull-on pant has an elasticized, separating waistband with a watertight 2-way zippered fly for hassle-free, harness-wearing functionality; ankle cuffs with shock-cord adjustments, interior webbing tie-down loops and watertight 2-way zippers that extend to the articulated knees; and watertight zippers that close the pockets (right back hip and thigh).<br><br><b>Details:</b><ul> <li>3-layer fabric with a waterproof/breathable H2No barrier and Deluge DWR (durable water repellent) finish</li> <li>""Elasticized, separating waistband with 2-way watertight zippered fly""</li> <li>Pockets: right thigh and back - both with watertight zippers</li> <li>Articulated knees</li> <li>Shock cord adjustable ankle cuffs with 2-way watertight zipper to the knees</li> <li>Hem cuff features interior webbing tie-down loops</li></ul><br><br><b>Fabric: </b>""3-layer, 2.2-oz 15-denier 100% nylon ripstop with a waterproof/breathable H2No barrier and a Deluge DWR finish""<br><br><b>Weight: </b>(245 g 8.5 oz)<br><br>Made in Vietnam.",1,1,0.27846405187999906,-0.17072235387374995,-0.13741958467001508,-0.12478378011526019,0.04253961787060717,-0.04353673645903245,-0.05024821150864087,-0.21890461059566169,-0.044369044047394134,0.013194206262563905
87,"Merino 1 crew - In a day packed with decisions, this one's easy. Worn alone, this versatile long-sleeved crew feels cool and dry against the skin; worn beneath layers in colder locales, it feels soft and warm. Our lightest merino layer, Merino 1 offers great technical performance: naturally resisting odor, moving moisture away from the skin and improving dry times, regulating body temperature, and maintaining a consistent stretch. It's made from a silky-soft yet durable jersey-knit of 63% merino wool wrapped around an all-recycled polyester (37%) core. Wide cuff bands hold sleeves in place, and offset shoulder seams pair nicely with pack straps. We slow-wash our merino for next-to-skin softness. Machine-wash cold; lay flat to dry. Recyclable through the Common Threads Recycling Program.<br><br><b>Details:</b><ul> <li>""Slow-washed merino wool resists odor naturally, insulates even when wet, is durable, stretches and provides superior performance and softness; 16.5 micron-gauge yarn and jersey-knit construction for luxurious hand""</li> <li>""All- recycled polyester core wicks moisture, while wool next to skin controls odor""</li> <li>Self-fabric collar band</li> <li>Offset shoulder seams for comfort beneath pack straps</li> <li>Wide cuff bands help keep sleeves in place when pulled up</li> <li>Straight hem</li> <li>""Machine-wash cold, lay flat to dry""</li></ul><br><br><b>Fabric: </b>3.2-oz (108-g) 63% 16.5 micron chlorine-free merino wool/37% all-recycled polyester. Recyclable through the Common Threads Recycling Program<br><br><b>Weight: </b>138 g (4.9 oz)<br><br>Made in USA.",8,3,0.3419102048726976,-0.03542521612515124,0.6053401722939843,0.034995620508646096,0.5087529203898132,-0.030527244694986456,-0.11983399361531681,0.05542669412489309,0.08355112485948427,0.053970560637913396
88,"Merino 1 t-shirt - The bus ride out of Tlachichuca packs in more bodies than miles. Escape unruffled with the breathable, moisture-wicking qualities of this soft tee. Our lightest merino layer is a silky-soft yet highly durable jersey-knit made with 63% merino wool spun around an all-recycled polyester (37%) core. Super-comfortable on its own in warm temperatures or beneath layers in cooler ones, it offers great technical performance: naturally resisting odor, moving moisture away from the skin and improving dry times, regulating body temperature, and stretching along with you. Offset shoulder seams and a smooth collar band add reassuring comfort for the road-weary. We slow-wash our merino for next-to-skin softness. Machine-wash cold; lay flat to dry. Recyclable through the Common Threads Recycling Program.<br><br><b>Details:</b><ul> <li>""Slow-washed merino wool resists odor naturally, insulates even when wet, is durable, stretches and provides superior performance and softness""</li> <li>16.5 micron-gauge yarn and jersey-knit construction for luxurious hand</li> <li>""All-recycled polyester core wicks moisture, while wool next to skin controls odor""</li> <li>Self-fabric collar band</li> <li>Offset shoulder seams for comfort beneath pack straps</li> <li>Straight hem</li> <li>""Machine-wash cold, lay flat to dry""</li></ul><br><br><b>Fabric: </b>3.2-oz (108-g) 63% 16.5 micron chlorine-free merino wool/37% all-recycled polyester. Recyclable through the Common Threads Recycling Program<br><br><b>Weight: </b>(95 g 3.3 oz)<br><br>Made in USA.",8,3,0.33550965123915294,-0.024113967009758354,0.6210835719499784,0.016378707741783387,0.5328505224691082,-0.015234225083604483,-0.123882812121696,0.030252917315240543,0.0889258192039036,0.05259871286636253
89,"Merino 2 polo - The feel is bohemian, the look should at least get your foot in the door. Designed for an active lifestyle in warm to cool weather, Merino 2 is made from 73% merino wool wrapped around an all-recycled polyester (27%) core for a luxurious hand, an improved dry time and enduring strength. Inherently soft and comfortable, merino naturally resists odor, moves moisture away from the skin, regulates body temperature, and stretches. Features include set-in sleeves and offset shoulder seams that won't chafe beneath pack straps, a soft double-layered collar for comfort and a fully covered zip-neck that feels smooth against the skin. We slow-wash our merino for next-to-skin softness. Machine-wash cold; lay flat to dry. Recyclable through the Common Threads Recycling Program.<br><br><b>Details:</b><ul> <li>""Slow-washed merino wool resists odor naturally, insulates even when wet, is durable and stretches, provides superior performance and softness dry""</li> <li>18.5 micron-gauge yarn and jersey-knit construction for luxurious hand</li> <li>""All-recycled polyester core wicks moisture, while wool next to skin controls odor""</li> <li>""Double-layer polo collar with stand provides soft, structured comfort at neck""</li> <li>Zipper fully covered for next-to-skin comfort</li> <li>Set-in sleeves and offset shoulder seams for streamlined fit</li> <li>""Machine-wash cold, lay flat to dry""</li></ul><br><br><b>Fabric: </b>4.85-oz (165-g) 73% chlorine-free merino wool/27% all-recycled polyester. Recyclable through the Common Threads Recycling Program<br><br><b>Weight: </b>(152 g 5.3 oz)<br><br>Made in USA.",8,3,0.3387351802722281,-0.021165980418192367,0.583513271959236,0.024156468509873234,0.5223045476428725,-0.03769140754730463,-0.13115722121827653,0.056269261934194396,0.09221357235583769,0.05871271859469476
90,"Merino 2 t-shirt - Stay calm and collected amid the frenzy of Namche Bazaar in this versatile layer. Designed for an active lifestyle in warm to cool weather, Merino 2 is made from 73% merino wool wrapped around an all-recycled polyester (27%) core for a luxurious hand, an improved dry time and enduring strength. Inherently soft and comfortable, merino naturally resists odor, moves moisture away from the skin, regulates body temperature, and stretches. Features include raglan sleeves and offset side seams that won't chafe beneath pack straps, a self-fabric collar for soft comfort and overlocked seams for a clean aesthetic. We slow-wash our merino for next-to-skin softness. Machine-wash cold; lay flat to dry. Recyclable through the Common Threads Recycling Program.<br><br><b>Details:</b><ul> <li>""Slow-washed merino wool resists odor naturally, insulates even when wet, is durable and stretches, provides superior performance and softness""</li> <li>18.5 micron-gauge yarn and jersey-knit construction for luxurious hand</li> <li>""All-recycled polyester core wicks moisture, while wool next to skin controls odor""</li> <li>Self-fabric collar band for comfort without binding</li> <li>Raglan sleeve seams won't chafe beneath pack straps</li> <li>Side seams offset to eliminate irritation</li> <li>""Machine-wash cold, lay flat to dry""</li></ul><br><br><b>Fabric: </b>4.85-oz (165-g) 73% chlorine-free merino wool/27% all-recycled polyester. Recyclable through the Common Threads Recycling Program<br><br><b>Weight: </b>(141 g 4.9 oz)<br><br>Made in USA.",8,3,0.31979762944961587,-0.023907781173790252,0.6300971312264388,0.018288061612777077,0.5345994350863305,-0.019544080451691467,-0.1549243841900732,0.05438996294376335,0.08735614898944266,0.05378683199786351
91,"Migration hemp shirt - Summerweight and soft, the Migration represents an inspired merger of 55% durable hemp and 45% plush organic cotton fabrics. Lightweight and cool against the skin, it travels easily between a morning of bouldering and the afternoon commute to Grand Junction. Offset shoulder seams stay smooth under the weight of a courier's bag. Comes with a side-vented straight hem and a button-through chest pocket. Recyclable through the Common Threads Recycling Program.<br><br><b>Details:</b><ul> <li>Soft breathable hemp and organic cotton</li> <li>Forward shoulder seams</li> <li>Button-through chest pocket</li> <li>Straight hem with side vents</li></ul><br><br><b>Fabric: </b>4-oz 55% hemp/45% organic cotton. Recyclable through the Common Threads Recycling Program<br><br><b>Weight: </b>223 g (7.9 oz)<br><br>Made in China.",1,1,0.2131020718076566,0.11434114216356323,-0.043651700552393126,0.13328902937851134,0.002045053601620604,-0.10315555204597081,0.04642065196978928,0.04676267420230861,0.03293829711920522,0.026038961649364933
92,"Minimalist board shorts-19 in. - The Minimalist is perfectly proportioned - nothing wasted, nothing wanted. Made from light but durable 4.3-oz 100% nylon with a quick-drying DWR finish, these classic 9""""-inseam boardies hit at the knee and don't chafe. The self-draining, zippered side-seam pocket has a key loop, and the single-button fly provides easy entry and stay-on power. Outseam (size 32) is 19"". Recyclable through the Common Threads Recycling Program.<br><br><b>Details:</b><ul> <li>""Recyclable, lightweight nylon is durable, quick-drying""</li> <li>""Flat-lying single-button fly and 3-piece, self-lined waistband contours to hip line""</li> <li>""Self-draining, side-seam zip pocket with a secure zip, and internal key loop""</li> <li>Forward inseam at crotch eliminates chafing</li> <li>""Inseam is 9""""; outseam is 19""""""</li> <li>Now available in size 29</li></ul><br><br><b>Fabric: </b>4.3-oz 100% nylon with DWR (durable water repellent) finish. Recyclable through the Common Threads Recycling Program<br><br><b>Weight: </b>(173 g 6 oz)<br><br>Made in Thailand.",1,1,0.32865800945252677,-0.16655425620098566,-0.09344321397449101,0.03571060741499187,0.05212797195486299,0.15401897570320527,-0.07054466948479479,-0.01203724105554398,-0.13722542330706003,-0.08222061303538558
93,"Minimass - The Mini Mass's lesser size lets you thread narrow streets and airplane aisles without leaving chaos in your wake. This less-is-more bag has a main padded compartment with mesh organizational sleeves for pens and a phone, and a front catch pocket that's divided for further organization. A large front flap includes a stealthy zip pocket for quick-grab essentials and a reflective strip for after-hours visibility. The clean shoulder strap adjusts easily so you can sling the Mini over your head when bicycle commuting. Made from a lightweight yet tough 600-denier all-recycled polyester exterior and a slick 200-denier polyester liner; both are coated with polyurethane and a DWR (durable water repellent) finish.<br><br><b>Details:</b><ul> <li>Main flap opens to largest compartment containing organization pocket and pen slots</li> <li>Front catch pocket has divider for load control and organization</li> <li>External organizer pocket on the face of the flap for quick-grab items</li> <li>Adjustable shoulder strap</li> <li>Reflective strip improves visibility in low light</li></ul><br><br><b>Fabric: </b>8.4-oz 600-denier 100% all-recycled polyester. Lining: 3.3-oz 200-denier 100% polyester. Both with polyurethane coating and a DWR (durable water repellent) finish<br><br><b>Weight: </b>(372 g 12.9 oz)<br><br>Made in Vietnam.",2,8,0.2674046387059407,-0.13744577040155123,-0.11117211656398242,-0.1266243928314005,0.025461683172682895,-0.024931249104413796,0.034775186192971055,0.3033454324429514,-0.009871055316807554,-0.021385092884085535
94,"Mlc wheelie - The alpinist's saying  speed is of the essence  never rings truer than in teeming airport terminals. Roll up the ramp, past the crowd at the baggage carousel and out the door with this slightly more structured, wheeled version of our utilitarian MLC (Maximum Legal Carry-on). The MLC Wheelie has a super robust wheel package and a retractable U-shaped handle for better steering, control, ergonomics and durability. The main compartment holds three to five days' worth of clothes and has three zippered pockets for toiletries and electronics. Another pocket holds a 15-inch or smaller laptop. Exterior zippered pockets provide easy access to travel docs and vital gear   there's even a fleece-lined pocket for sunglasses. When the going gets bumpy, you can shoulder the load with backpack straps that hide away when not in use. Built with a 1,200-denier recycled polyester exterior and a 200-denier polyester lining; both have a polyurethane coating and DWR (durable water repellent) finish.<br><br><b>Details:</b><ul> <li>Main zippered compartment features: three zippered pockets for toiletries and electronics; another pocket holds a 15-inch or smaller laptop</li> <li>""Exterior zippered pocket provides easy-access to airline tickets and passport; fleece-lined zippered pocket is for safe transport of electronics and eyewear, and gives easy-access to office organizer""</li> <li>Padded base provides structure and protects contents</li> <li>""2-position retractable handle built for superior steering, control, ergonomics and durability""</li> <li>""Fabric handle for hand-carrying; can also carry as a backpack - in backpack mode, straps stow in a zippered compartment""</li> <li>Latest in wheel technology with smooth rolling 80-mm wheels</li> <li>Stowable business card holder to ID your bag</li></ul><br><br><b>Fabric: </b>11-oz 1200-denier 100% all-recycled polyester. Lining: 3.3-oz 200-denier 100% polyester. Both with polyurethane coating and a DWR (durable water repellent) finish<br><br><b>Weight: </b>(2711 g 94 oz)<br><br>Made in Philippines.",2,8,0.25080730050363925,-0.12535086204616444,-0.09631651258424498,-0.12890120416946532,0.03911003006611017,-0.04702588044618426,0.045055040108822955,0.3751413541236681,-0.03650221569093687,-0.046158785695425114
95,"Mountain island t-shirt - For those who aspire to meld the mountain world with life at sea, the Mountain Island T-Shirt portrays the water cycle in a singular, confluent image. Rendered by artist Geoff McFetridge, The shirt's graphic is printed on organic cotton using PVC- and phthalate-free inks. Ringspun yarns and taped shoulder seams add softness. Recyclable through the Common Threads Recycling Program.<br><br><b>Details:</b><ul> <li>Ringspun yarns for a softer hand</li> <li>Taped shoulder seams</li> <li>Screen-print inks are PVC- and phthalate-free</li></ul><br><br><b>Fabric: </b>4.4-oz 100% organic cotton. Recyclable through the Common Threads Recycling Program<br><br><b>Weight: </b>(150 g 5.2 oz)<br><br>Made in USA.",5,2,0.30891370839348514,0.5825888532629032,-0.047331808798295606,-0.18689272495668638,0.011735561428171736,0.06614149748145727,-0.04528891947324221,-0.014808617839017293,-0.03044919778928372,-0.026810162965748074
96,"Nine trails jkt - Somewhere between the Bridger Ridge Run (for normal trail-runners) and the Barkley Marathons (for the insane), we all find our stride. This jacket is made from lightweight, wind-resistant 15-denier 100% nylon that's treated with a Deluge DWR (durable water repellent) finish to shed light rain. Its exceptionally breathable stretch-woven back and underarm panels (91% all-recycled polyester/9% spandex) vent excess heat. The high-rise tricot-lined neck, revised wrists (now with improved elastic-style cuffs that are easily pushed up) and drawcord at the hem seal out chilly weather. The jacket stashes into its own internal chest pocket. Reflective heat-transfer logos (front and back) keep you visible.<br><br><b>Details:</b><ul> <li>""Light, slightly transparent, tough, triple-ripstop nylon soft shell on torso, arms and shoulders, and breathable recycled polyester stretch-woven fabric on back, and underarms; Deluge DWR (durable water repellent) finish for weather protection""</li> <li>Jacket stuffs into internal chest pocket</li> <li>Improved fit on lower sleeve and soft-shell fabric removed - sleeves are easily pushed up over forearms</li> <li>Drawcord at hem keeps wind out</li> <li>Reflective heat-transfer logos (front and back)</li> <li>Can be worn over baselayers and light midlayers</li></ul><br><br><b>Fabric: </b>Body: 1.1-oz 15-denier 100% nylon with 50-denier triple-ripstop yarns. Back and underarm panels: 3.5-oz 75-denier stretch woven 91% all-recycled  polyester/9% spandex. Jacket has a Deluge DWR finish<br><br><b>Weight: </b>(126 g 4.4 oz)<br><br>Made in Vietnam.",1,1,0.3837973478937067,-0.17955145099337771,-0.08789507271720264,-0.1787113607207734,-0.015375173592276416,0.022471328642017115,0.10142483009989184,-0.05249866207881856,0.13030357352632035,0.05104060412169981
97,"Nine trails shorts - For those who view trails as their sanctuary, running means more than freedom of movement and lightness of being. Our versatile, pared-down Men's Nine Trails Shorts are made from a lightweight 75-denier 91% all-recycled polyester/9% spandex blend that has 4-way stretch, is tough yet highly breathable, and is treated with a Deluge DWR (durable water repellent) finish. The styling has ample coverage, the stitched-through pocket bags stay put, and the pockets (two front, one back) close with zippers for secure storage. An open-knit crotch gusset vents excess heat and eliminates chafing; the lightweight, breathable, moisture-wicking built-in liner extends into the waistband; and an interior drawcord fine-tunes the fit. Inseam (size M) is 8"". Reflective heat-transfer logo and reflective graphic keep you visible.<br><br><b>Details:</b><ul> <li>""Supple, soft, stretch-woven breathable fabric resists snagging and is recyclable; Deluge DWR (durable water repellent) finish for weather protection""</li> <li>""Lightweight, breathable, moisture-wicking, built-in liner extends into waistband for a comfortable fit""</li> <li>Interior drawcord</li> <li>Two front and one back pocket with zippered closures and stitched through pocket bags for secure storage</li> <li>Open-knit crotch gusset stays dry and puts an end to chafing</li> <li>Reflective heat-transfer logo and graphic</li> <li>""8"""" inseam""</li></ul><br><br><b>Fabric: </b>Body: 3.5-oz 75-denier 91% all-recycled polyester/9% spandex with 4-way stretch and Deluge DWR finish. Lining: 3.8-oz microdenier polyester crepe with moisturewicking  performance. Recyclable through the Common Threads Recycling Program<br><br><b>Weight: </b>(181 g 6.3 oz)<br><br>Made in Vietnam.",1,1,0.40382423304513604,-0.2158353959249543,-0.05728727558418384,-0.09622568268374075,-0.004107656788802032,0.06344534845603503,0.021983680160653187,-0.06471038504903687,0.0764481049689982,0.009952755532189266
98,"Organic logo t-shirt - Originally printed our first season debuting organic cotton, the classic Organic Logo T-Shirt commemorates Patagonia's commitment. The tee features original art by Geoff McFetridge that's printed with easy-on-the-environment PVC- and phthalate-free inks. Ringspun fabric yarns and taped shoulder seams add softness. Recyclable through the Common Threads Recycling Program.<br><br><b>Details:</b><ul> <li>Ringspun yarns for a softer hand</li> <li>Taped shoulder seams</li> <li>Screen-print inks are PVC- and phthalate-free</li></ul><br><br><b>Fabric: </b>4.4-oz 100% organic cotton. Recyclable through the Common Threads Recycling Program<br><br><b>Weight: </b>(150 g 5.2 oz)<br><br>Made in USA.",5,2,0.36722537375024944,0.7022191639307964,-0.06761319442482398,-0.16501169844789693,0.01588036103049129,0.04205723434682607,-0.03645053105217569,-0.017477403022778084,-0.01864335229417941,-0.03298280681958499
99,"O web belt - A social gadabout  able to cross the divide between work wear, casual duds and a day at the crags. Quick-drying nylon (1 1/2"" wide) provides a formfitting lightweight hitch that won't stretch even if you're caught in saturated weather. The belt's ultra-strong forged aluminum buckle holds securely and features a notched end for prying the top off a cold one.<br><br><b>Details:</b><ul> <li>Quick-dry nylon webbing</li> <li>""Lightweight, forged aluminum buckle holds securely and features a bronzed finish""</li> <li>Buckle is strong and durable; notched for prying the top off a cold one</li></ul><br><br><b>Fabric: </b>""1&#189;"""" nylon webbing""<br><br><b>Weight: </b>(190 g 6.6 oz)<br><br>Made in Philippines.",-1,1,0.13408556905757035,-0.05611305781675144,-0.00785141460567082,0.0021739604253322945,0.040582544424926516,0.11973838109011209,-0.0023894730448274244,0.07366883590784475,-0.07107108779470425,0.010262094704419862
100,"Paddler board shorts - Built for maximum comfort during friction-heavy activities, Paddler Board Shorts have a lightweight nylon outer fabric with a DWR (durable water repellent) finish and a smooth, loose-hanging 100% recycled polyester liner. Reversed-out hem seams also glide freely over the skin. Has a hidden 2-button fly with tie closure and self-draining zippered hip pocket. Inseam (size 32) is 9""; outseam, 21"". Recyclable through the Common Threads Recycling Program.<br><br><b>Details:</b><ul> <li>""Lightweight nylon is durable, quick-drying""</li> <li>""Liner, attached at inseam and outseam, reduces chafe and provides quick drainage""</li> <li>Hidden 2-button fly with tie closure</li> <li>""Self-draining, zippered hip pocket""</li> <li>Reversed-out seam at hem reduces chafing</li> <li>""Inseam is 9""""; outseam is 21""""""</li> <li>Now available in size 29</li></ul><br><br><b>Fabric: </b>4.3-oz 100% nylon with DWR (durable water repellent) finish. Lining: 2.3-oz 50-denier 100% all-recycled polyester. Recyclable through the Common Threads Recycling Program<br><br><b>Weight: </b>(239 g 8.3 oz)<br><br>Made in Thailand.",1,1,0.2858653484013999,-0.15271183601504323,-0.09569881805536772,0.008392194630945803,0.02976428328508089,0.13928074937500107,-0.027966043077584848,0.019686153125378858,-0.06779060099485208,-0.048402818961982064
101,"Pataloha shirt - Early Hawaiian shirts were pitched as ""postcards you can wear."" We've been making ours  inspired by native designs true to the aloha spirit  for 20 years. Exquisitely tailored in environmentally friendly 3.3-oz 100% organic cotton coconut cloth, their textured cloth, cools in humid climates. Coconut buttons and chest pocket. Recyclable through the Common Threads Recycling Program.<br><br><b>Details:</b><ul> <li>100% organic cotton coconut-weave fabric</li> <li>Chest pocket</li> <li>Coconut buttons</li></ul><br><br><b>Fabric: </b>3.3-oz 100% organic cotton coconut cloth. Recyclable through the Common Threads Recycling Program<br><br><b>Weight: </b>(222 g 7.7 oz)<br><br>Made in Thailand.",-1,1,0.13955850942779596,0.12021528690578219,-0.05272279586308706,0.12674031734418448,-0.017386158671175933,-0.11977210115197154,0.019093690966774487,0.03356617217411462,0.04407269086097014,0.058287821462734715
102,"Planer t-shirt - The Planer T-Shirt gives a nod to the surfing working man, with original Patagonia studio artwork for Fletcher Chouinard Designs. Made of 100% organic cotton, the shirt sports the same graphic on front pocket and back of tee, printed with inks that are PVC- and phthalate-free. Ringspun yarns and taped shoulder seams lend a soft touch. Doublestitching at sleeves and hem; coverstitched at neck and armholes for a clean finish. The tee is recyclable through the Common Threads Recycling Program.<br><br><b>Details:</b><ul> <li>Ringspun yarns for a softer hand</li> <li>Taped shoulder seams</li> <li>Screen-print inks are PVC- and phthalate-free</li></ul><br><br><b>Fabric: </b>5.4-oz 100% organic cotton. Recyclable through the Common Threads Recycling Program<br><br><b>Weight: </b>(175 g 6.1 oz)<br><br>Made in USA.",5,2,0.31778094548236674,0.5582225487535059,-0.046951941619278056,-0.1601394566062793,-0.008650616360007492,0.04921719855305607,-0.030097441975546698,0.0005927399919514759,0.021828001961745013,-0.022192557883463637
103,"Platform t-shirt - Imagine the problems of oil dependency and global warming being swept away - for good. Featuring original artwork by Tim Tomkinson, The Platform T-Shirt carries an inside message about The Southern Environmental Law Center (SouthernEnvironment.org), a group leveraging the tools of environmental law and policy to promote energy efficiency and renewable resources that will lead us to a new, cleaner future. The shirt is recyclable through the Common Threads Recycling Program.<br><br><b>Details:</b><ul> <li>Ringspun yarns for a softer hand</li> <li>Taped shoulder seams</li> <li>Screen-print inks are PVC- and phthalate-free</li></ul><br><br><b>Fabric: </b>4.4-oz 100% organic cotton. Recyclable through the Common Threads Recycling Program<br><br><b>Weight: </b>(150 g 5.2 oz)<br><br>Made in USA.",5,2,0.171780202395133,0.3086560675591979,-0.027386275983635276,-0.11247674407510705,0.010668796375189171,0.03338958557902283,-0.024623906769938683,0.001523597920427602,0.015573303689314113,-0.009973782512047715
104,"Pocket pack - For the savvy commuter, our pocket pack carries a day's worth of essentials in a streetwise silhouette. The gusseted main compartment has an interior divider and organizer pockets. The ultralight, quick-drying shoulder straps accommodate hydration tube or headphone cord clips and feature a sternum strap with safety whistle. The highly breathable 3-D spacer-mesh padded back panel wicks moisture, dries quickly, and allows air circulation. Made from 150-denier all-recycled polyester double weave with a polyurethane coating and a DWR (durable water repellent) finish.<br><br><b>Details:</b><ul> <li>Gusseted main compartment has interior divider and pockets for organizing small items</li> <li>Hydration sleeve also works as a divider</li> <li>Breathable shoulder straps are ultralight and quick-drying</li> <li>Sliding sternum strap adjusts easily and has built-in safety whistle</li> <li>Shoulder straps accommodate hydration tube or headphone cord clips</li> <li>""Highly breathable, padded 3-D spacer-mesh back panel wicks moisture, dries quickly and allows air circulation""</li> <li>.</li></ul><br><br><b>Fabric: </b>7.4-oz 150-denier 100% all-recycled polyester double weave. Lining: 3.3-oz 200-denier 100% polyester. Both with polyurethane coating and a DWR (durable water repellent) finish. Shoulder straps: 100% polyester 3-D spacer mesh<br><br><b>Weight: </b>(403 g 14 oz)<br><br>Made in Vietnam.",2,8,0.28496384282635273,-0.13216154997668092,-0.049595728974122885,-0.1619533871734913,0.022722803780247807,0.006313209487709416,0.0757323013788507,0.40290987711741955,-0.014537638257990499,-0.04333040655851829
105,"R1 hoody - Spotted round the globe from high alpine ridges to backcountry bowls, our R1 Hoody earns raves from our most active customers and ambassadors alike. Warm, breathable and mobile, it has the minimalist detailing that avid climbers and backcountry skiers need - from the stretchy R1 fabric (93% all-recycled polyester/7% spandex) to the snug-fitting balaclava-style hood. With low-grid Capilene 4 stretch polyester under the arms, at the wrist cuffs and around the bottom hem for minimal bulk under a harness. Recyclable through the Common Threads Recycling Program.<br><br><b>Details:</b><ul> <li>""Versatile R1 fleece provides excellent stretch, warmth, wicking and breathability in a variety of temperatures""</li> <li>""High/low interior grid-structure enhances compressibility, airflow and dry time""</li> <li>Jersey microfiber face allows nonbinding layering</li> <li>""Capilene 4 stretch panels under arms, at cuffs and hem for reduced bulk and increased breathability""</li> <li>""Snug-fitting balaclava-style hood; deep, center-front zipper offset for next-to-chin comfort""</li> <li>One mesh chest pocket</li> <li>Raglan sleeves for comfort under pack straps; Capilene 4 cuffs stretch and have thumb-loops to hold sleeves in place</li></ul><br><br><b>Fabric: </b>""R1 shell: 6.5-oz Polartec Power Dry 93% all-recycled polyester/7% spandex. Capilene 4 stretch panels: 5.3-oz Polartec Power Dry 93% polyester (50% recycled)/7% spandex, with Gladiodor natural odor control. Recyclable through the Common Threads Recycling Program""<br><br><b>Weight: </b>309 g (10.9 oz)<br><br>Made in Colombia.",0,1,0.2971132242376639,-0.13183181973629518,0.19262374261407242,-0.062141552936606684,-0.1339433929790891,-0.15597789720631258,0.13359255736240272,-0.007475522569658816,-0.08472889918958952,-0.04479386873744944
106,"R1 p/o - Desert sandstone, corn snow, iced-up corners: springtime! Whether the snow flies or the sun shines, our versatile R1 Pullover- with its high/low grid polyester interior - stretches, breathes, moves moisture, and insulates. Sized to accommodate light underlayers, it works as a stand-alone top or as a light midlayer. To reduce bulk, the brushed-mesh internal chest pocket bag is glued-in to eliminate seams. Recyclable through the Common Threads Recycling Program.<br><br><b>Details:</b><ul> <li>""Recycled and recyclable polyester R1 fabric provides excellent stretch, warmth, wicking and breathability in a variety of temperatures, whether worn as lightweight insulation or a thermal baselayer""</li> <li>Lightweight yarns wick moisture</li> <li>Outer microfiber yarns speed evaporation</li> <li>Interior grid enhances compressibility and airflow</li> <li>""Jersey microfiber face for low-friction, nonbinding layering""</li> <li>""Zippered, brushed-polyester mesh chest pocket""</li></ul><br><br><b>Fabric: </b>R1: 6.5-oz Polartec Power Dry 93% polyester (60% recycled)/7% spandex. Recyclable through the Common Threads Recycling Program<br><br><b>Weight: </b>328 g (11.6 oz)<br><br>Made in Colombia.",0,1,0.28088856916195515,-0.10941187879346666,0.11587948690926664,-0.06965103030025017,-0.0737640010941688,-0.10103630725609722,0.11232522471489506,0.049939169810426294,-0.0638541385323643,-0.04991934603283573
107,"Rain shadow pants - Light enough to be an afterthought - until the downpour - our Rain Shadow Pants provide fully seam-sealed waterproof/breathable protection. They're made from packable, lightweight and tear-resistant 2.5-layer 100% nylon with a waterproof/breathable H2No barrier and a Deluge DWR (durable water repellent) finish. On the inside, a raised pattern diffuses and channels moisture away from the skin, aids in hassle-free layering, and enhances long-term durability. Features include a buttoned, zip-fly-separating waistband with partial elastic; a cleaner, more comfortable finish;anatomically contoured knees; and new fully separating side zips with snap closures at the ankle and waist. Gripper elastic cuffs.<br><br><b>Details:</b><ul> <li>2.5-layer tear-resistant fabric with a waterproof/breathable H2No barrier and Deluge DWR (durable water repellent) finish</li> <li>""Highly engineered interior surface texture channels moisture away from skin, protects the waterproof barrier from abrasion and slides easily over layers""</li> <li>""Updated, clean-finished separating waistband is partially elasticized and has a zip fly""</li> <li>Fully separating side-zips with snap closures at the ankle and waist</li> <li>Articulated knees</li> <li>Elastic cuff at the ankle</li></ul><br><br><b>Fabric: </b>""2.5-layer, 2.5-oz 100% nylon with a waterproof/breathable H2No barrier and Deluge DWR finish""<br><br><b>Weight: </b>(314 g 10.9 oz)<br><br>Made in Vietnam.",1,1,0.3250541234058551,-0.19806247547167316,-0.13761844783557556,-0.16499263487667226,0.08287823258313629,-0.06072894416891575,-0.07269427502530307,-0.3163456797644449,-0.0055801717838653,0.01037061982232433
108,"Reg fit organic ctn jeans-long - 100% organic cotton denim and an obsession with detail make these the right jeans for just about any occasion. The rugged yet soft 10-oz organic cotton denim breaks in just right, and they feature a zip fly with a button closure and 5-pocket-jeans styling. Available in two distinct washes and three inseam lengths (short, 30""; regular, 32""; and long, 34""). Even though they'll look their best after five years of wear, we'll still take them back for recycling through the Common Threads Recycling Program.<br><br><b>Details:</b><ul> <li>10-oz durable yet soft organic cotton denim</li> <li>Button-closure zip fly</li> <li>5-pocket jeans styling</li> <li>""Inseam is 34""""""</li></ul><br><br><b>Fabric: </b>10-oz 100% organic cotton denim. Recyclable through the Common Threads Recycling Program<br><br><b>Weight: </b>(0 g 0 oz)<br><br>Made in Mexico.",1,4,0.24110050840769082,0.1352167427396295,-0.1343316285684429,0.414183933243443,0.025527645190359594,-0.24761879453158098,-0.14243200208475684,0.03446446394579275,-0.026154968259064,0.07709224061289549
109,"Reg fit organic ctn jeans-reg - 100% organic cotton denim and an obsession with detail make these the right jeans for just about any occasion. The rugged yet soft 10-oz organic cotton denim breaks in just right, and they feature a zip fly with a button closure and 5-pocket-jeans styling. Available in two distinct washes and three inseam lengths (short, 30""; regular, 32""; and long, 34""). Even though they'll look their best after five years of wear, we'll still take them back for recycling through the Common Threads Recycling Program.<br><br><b>Details:</b><ul> <li>10-oz durable yet soft organic cotton denim</li> <li>Button-closure zip fly</li> <li>5-pocket jeans styling</li> <li>""Inseam is 32""""""</li></ul><br><br><b>Fabric: </b>10-oz 100% organic cotton denim. Recyclable through the Common Threads Recycling Program<br><br><b>Weight: </b>(0 g 0 oz)<br><br>Made in Mexico.",1,4,0.23472126701201326,0.1329694480384911,-0.13396885793430832,0.4071256601677686,0.02759266241847404,-0.24546631341446573,-0.13974000412565624,0.033581719917849945,-0.02832658604187922,0.07456141604180154
110,"Relax fit organic ctn jeans-shor - The everyday, go-to, rarely washed favorite: our relaxed fit, organic cotton 5-pocket jeans. Built for a long life and cut for comfort and mobility, they have a clean, classic styling that can be worn with almost anything. The robust 14-oz 100% organic cotton denim breaks in just right. With a zip fly, and available in three inseam lengths: short, 30""; regular, 32""""; long, 34"". Recyclable through the Common Threads Recycling Program.<br><br><b>Details:</b><ul> <li>Durable organic cotton denim</li> <li>Button-closure zip fly</li> <li>5-pocket-jean styling</li> <li>""Inseam is 30""""""</li></ul><br><br><b>Fabric: </b>14-oz 100% organic cotton denim. Recyclable through the Common Threads Recycling Program<br><br><b>Weight: </b>(807 g 28 oz)<br><br>Made in Mexico.",1,4,0.2733277677496381,0.15319040667225936,-0.13853567023101163,0.4396389420746207,0.025479087190932295,-0.2544047984579177,-0.12102183381392088,0.04116316282293556,-0.021335649574409046,0.07742059405493583
111,"Remat - One man's trash is another man or woman's wader changing mat. The ultimate recycled product, the Remat is a byproduct from automobile gasket manufacturing, reworked and repurposed for a long life of heavy-duty use. Beyond wader changing, it doubles (or triples) as a driftboat seat cushion, work station floor mat or boat floor cleat protection. The tough, cushy, water- and stain-resistant Remat is also showing up in front of kitchen sinks and mudroom doors wherever anglers live. Made from 100% synthetic nitrile rubber.<br><br><b>Details:</b><ul> <li>Withstands temperatures from -40 C to +125 C; Oil/fuel resistant</li> <li>No off-gasing; abrasion resistant</li> <li>Water-resistant; extremely flexible and lightweight</li> <li>No PVC content</li> <li>Floats</li> <li>Recyclable</li> <li>Easy to wash</li></ul><br><br><b>Fabric: </b>100% synthetic rubber. Recyclable through the Common Threads Recycling Program<br><br><b>Weight: </b>(461 g 16 oz)<br><br>Made in USA.",-1,1,0.09766233124461175,-0.0050816223024631926,-0.01687353554346072,-0.03377638366267818,0.031149040967733098,0.014822994681688387,0.0009341892548790576,0.03573045835492163,-0.002188585609101991,0.017668232766619798
112,"Retro grade pants - We used Sonnie Trotter's wish list as our guide for these climbing pants. Made from a friendly blend of organic cotton and spandex (98%/2%), they feel soft, light and cool, with just the right amount of give for dynamic motion. For free reign, we designed the straight legs with a full-length gusset and a harness-friendly waist that includes an internal drawcord and offset belt loops. Five-pocket styling lets you merge with the beaten track after a day of bouldering. Inseam (size M) is 32"". Recyclable through the Common Threads Recycling Program.<br><br><b>Details:</b><ul> <li>Soft yet durable organic cotton/spandex with stretch</li> <li>Easy slide next to skin</li> <li>5-pocket styling in a relaxed fit</li> <li>Grown on waistband for harness comfort</li> <li>Internal synthetic drawstring</li> <li>Gusseted crotch</li> <li>""Angled, easy-access zippered security pocket at side seam""</li></ul><br><br><b>Fabric: </b>8-oz 98% organic cotton/2% spandex. Recyclable through the Common Threads Recycling Program<br><br><b>Weight: </b>515 g (18.2 oz)<br><br>Made in Vietnam.",-1,1,0.35786486851084415,0.016460453734030465,-0.10051071291282485,0.2386113235216596,0.013919713898836348,0.005110176929640983,0.010111169519316027,-0.0357975614609049,-0.060176999087783796,-0.056750448343584343
113,"Riverwalker - felt - High water. Slick bedrock. Cobbles like greased bowling balls. Our Riverwalkers built their reputation in the most demanding wading conditions, with great flexibility, fast drying times and light weight. Notched flex zones allow for natural foot movement; a polypropylene insole/shank provides stability. But don't let the comfort fool you: These are tough boots for serious wading. Details: synthetic leather and high-filtration polyester mesh (100% recycled) uppers for maximum support, protected lacing, molded EVA midsole; our Rockstopper insole/shank stabilizes grip and protects against stone-bruising. Extra comfort thanks to the padded insole and ankle support; extra durability from the highly abrasion-resistant toe bumper with stout, reinforced toebox and heel counter. In three resoleable choices: felt (sewn on), tungsten-carbide studded and sticky rubber. Sized to accommodate neoprene stocking-foot waders.<br><br><b>Details:</b><ul> <li>""Quick-drying synthetic leather for a comfortable, lightweight wading shoe; high-filtration mesh keeps out sand and silt, and drains quickly""</li> <li>""Compression molded EVA midsole and polypropylene insole/shank combination provide rigidity, support and protection from stone bruising; padded insole for comfort and arch support""</li> <li>Wide last accommodates a neoprene foot wader or the Insulator Socks; padded ankle support</li> <li>""Covered, protected lacing loops with speed lace hooks at the top; notched, sculpted flex zones""</li> <li>""Highly abrasion resistant toe bumper with stout, reinforced toebox and heel counter, sole designed to hold fin straps""</li> <li>""Long-wearing, sewn-on polyester felt sole""</li> <li>All outsoles can be resoled</li></ul><br><br><b>Fabric: </b>""High-filtration all-recycled polyester mesh and synthetic leather upper,  with nylon/spandex neoprene in tongue and polypropylene insole board. Fulllength  molded EVA midsole""<br><br><b>Weight: </b>(1128 g 39.1 oz)<br><br>Made in China.",9,1,0.14307796722018684,-0.07395063169619966,0.022742760253324425,-0.021374473411659368,0.026334445201432966,0.07621013321291352,0.12993771408653088,0.11534505830693939,0.0007784829943967398,0.003454489300861151
114,"Riverwalker - studded - High water. Slick bedrock. Cobbles like greased bowling balls. Our Riverwalkers built their reputation in the most demanding wading conditions, with great flexibility, fast drying times and light weight. Notched flex zones allow for natural foot movement; a polypropylene insole/shank provides stability. But don't let the comfort fool you: These are tough boots for serious wading. Details: synthetic leather and high-filtration polyester mesh (100% recycled) uppers for maximum support, protected lacing, molded EVA midsole; our Rockstopper insole/shank stabilizes grip and protects against stone-bruising. Extra comfort thanks to the padded insole and ankle support; extra durability from the highly abrasion-resistant toe bumper with stout, reinforced toebox and heel counter. In three resoleable choices: felt (sewn on), tungsten-carbide studded and sticky rubber. Sized to accommodate neoprene stocking-foot waders.<br><br><b>Details:</b><ul> <li>""Quick-drying synthetic leather for a comfortable, lightweight wading shoe; high-filtration mesh keeps out sand and silt, and drains quickly""</li> <li>""Compression molded EVA midsole and polypropylene insole/shank combination provide rigidity, support, protection from stone bruising, padded insole provides arch support; wide last accommodates a neoprene foot wader or Insulator Socks""</li> <li>""Padded ankle support; covered, protected lacing loops with speed lace hooks at the top""</li> <li>""Notched, sculpted flex zones; highly abrasion resistant toe bumper with stout, reinforced toebox and heel counter, sole designed to hold fin straps""</li> <li>Padded insole for comfort and arch support</li> <li>""Sewn-on felt soles, studded with tungsten-carbide tips embedded in dual rubber layer to prevent wobble""</li> <li>All outsoles can be resoled</li></ul><br><br><b>Fabric: </b>""High-filtration all-recycled polyester mesh and synthetic leather upper, with nylon/spandex neoprene in tongue and polypropylene insole board. Fulllength molded EVA midsole""<br><br><b>Weight: </b>(1234 g 42.8 oz)<br><br>Made in China.",9,1,0.13377836588490746,-0.0713799083880865,0.022369325655793842,-0.025984023296390876,0.026906536351041604,0.07802160992242935,0.13079139354694344,0.11288198492213895,-0.0024209137514749944,0.0009466019308763188
115,"Rock guide shorts - Made for high, open expanses of granite, like Lumpy Ridge, Tuolumne and Vedauwoo, the lightweight Rock Guides combine 96% stretch-woven nylon and 4% spandex for durability against gritty rock, fast dry times when the afternoon thunderheads unload and 2-way stretch to preserve your mobility. A rear yoke customizes the fit. Climbing-specific details: a gusseted crotch, harness-compatible waist with offset belt loops and a stitched-on thigh pocket to hold your topo. With 40-UPF sun protection. Inseam (size 32) is 10"". Recyclable through the Common Threads Recycling Program.<br><br><b>Details:</b><ul> <li>""Lightweight, stretch-woven nylon/spandex with Deluge DWR (durable water repellent) finish; provides 40-UPF sun protection""</li> <li>Separated zip waist (not pull-on); belt loops</li> <li>Zip fly</li> <li>""Pockets: handwarmers, rear zippered hip""</li> <li>Stitched on zippered thigh pocket</li> <li>Gusseted crotch</li> <li>""Inseam is 10""""""</li></ul><br><br><b>Fabric: </b>4.5-oz 96-denier 96% stretch-woven nylon/4% spandex with Deluge DWR finish. Recyclable through the Common Threads Recycling Program<br><br><b>Weight: </b>(201 g 7 oz)<br><br>Made in Vietnam.",1,1,0.389268831322904,-0.22031235324869566,-0.11378698222681546,0.039872084305592886,-0.05297968408745969,0.2332805532224915,-0.1009426451057634,-0.0952113238458468,-0.004614618948815046,-0.019459771741455058
116,"Rockpile t-shirt - Beauty and bouldering are stacked together with the Rockpile T-Shirt, featuring original artwork by Elissa Pfost. Printed on 100% ringspun organic cotton using PVC- and phthalate-free inks, the shirt has taped shoulder seams that won't chafe under a pack. Recyclable through the Common Threads Recycling Program.<br><br><b>Details:</b><ul> <li>Ringspun yarns for a softer hand</li> <li>Taped shoulder seams</li> <li>Screen-print inks are PVC- and phthalate-free</li></ul><br><br><b>Fabric: </b>5.4-oz 100% organic cotton. Recyclable through the Common Threads Recycling Program<br><br><b>Weight: </b>(199 g 6.9 oz)<br><br>Made in USA.",5,2,0.3163653943714089,0.6344396121416128,-0.04390491856243503,-0.19262165280754442,-0.00015017851001794294,0.07345725899124762,-0.05080967363632272,0.0025814768622154784,-0.02728469323703164,-0.035584657006216824
117,"Runshade top - From the trailhead at dawn through sunset on Imogene Pass, our Runshade keeps you comfortable on high-mileage days. The top is made from lightweight, breathable 100% polyester jersey (now more durable) that wicks moisture, provides 30-UPF sun protection, and dries quickly. The stand-up mini-mock neck has an improved zipper and is now taller for additional sun protection, but still opens deep for high-output ventilation. We've removed the pocket for a more pared-down top, and the new raglan sleeves and side panels reduce seam chafing from your hydration pack straps. Reflective heat-transfer logo keeps you visible. Recyclable through the Common Threads Recycling Program.<br><br><b>Details:</b><ul> <li>""Moisture-wicking, Runshade fabric throughout is super soft and provides 30-UPF sun protection""</li> <li>""2"""" collar band offers great neck protection from the sun with minimal bulk""</li> <li>Deep center-front zipper is clean-finished for next-to-skin comfort</li> <li>Raglan sleeves and side panels keep seams out of the way of pack straps</li> <li>Reflective heat-transfer logo</li></ul><br><br><b>Fabric: </b>4.3-oz 100% polyester jersey. Recyclable through the Common Threads Recycling Program<br><br><b>Weight: </b>(158 g 5.5 oz)<br><br>Made in Vietnam.",0,9,0.3153980580676584,-0.11867650620637216,0.16391816696974862,-0.0556520444654792,-0.22741484517777444,0.11296872656246733,-0.002901279050389669,0.07868432538494465,0.3317463684552407,0.21239656268735796
118,"Shop pants - reg - More at home under the truck than inside it, our Shop Pants are made from garment-washed 10-oz 100% organic cotton canvas that's tool-resistant yet breaks in easily. They have a shaped waist, jeans-style pocketing, steel rivets, double-fabric knees and reinforced ""mud flaps"" above the cuffs. Inseams (size 32): regular is 32"";  short is 30"" and long 34"". Recyclable through the Common Threads Recycling Program.<br><br><b>Details:</b><ul> <li>""Made from 10-oz year-round weight organic cotton canvas for a tough, yet skin-friendly feel""</li> <li>Waistband slightly lower in front for fit and mobility</li> <li>Zip fly with button closure</li> <li>5-pocket jeans styling</li> <li>Patch pockets on back</li> <li>Double-fabric knees; straight legs</li> <li>""Inseam length is 32""""""</li></ul><br><br><b>Fabric: </b>10-oz 100% organic cotton canvas. Recyclable through the Common Threads Recycling Program<br><br><b>Weight: </b>595 g (21 oz)<br><br>Made in Thailand.",1,4,0.3124230089773308,0.0489134957362434,-0.17301773768800247,0.40394997079673034,0.060090753792301256,-0.18686674858059696,-0.15735937789042592,-0.0074163245826604,-0.08681098367333082,-0.008674106600753878
119,"Shop pants - short - More at home under the truck than inside it, our Shop Pants are made from garment-washed 10-oz 100% organic cotton canvas that's tool-resistant yet breaks in easily. They have a shaped waist, jeans-style pocketing, steel rivets, double-fabric knees and reinforced ""mud flaps"" above the cuffs. Inseams (size 32): regular is 32"";  short is 30"" and long 34"". Recyclable through the Common Threads Recycling Program.<br><br><b>Details:</b><ul> <li>""Made from 10-oz year-round weight organic cotton canvas for a tough, yet skin-friendly feel""</li> <li>Waistband slightly lower in front for fit and mobility</li> <li>Zip fly with button closure</li> <li>5-pocket jeans styling</li> <li>Patch pockets on back</li> <li>Double-fabric knees; straight legs</li> <li>""Inseam length is 30""""""</li></ul><br><br><b>Fabric: </b>10-oz 100% organic cotton canvas. Recyclable through the Common Threads Recycling Program<br><br><b>Weight: </b>538 g (19 oz)<br><br>Made in Thailand.",1,4,0.3187956724159585,0.047345037471658295,-0.17614729123276043,0.41150587990356285,0.057860435639117136,-0.1764338458939879,-0.16396535505879148,-0.007302958911809645,-0.087828505111864,-0.011251030317591336
120,"Simple guide jkt - Skin-in by headlamp, summit by noon, finish with some late-day cragging - our newest and lightest stretch-woven soft-shell jacket breathes, protects, and keeps pace throughout. The highly breathable and wind-resistant double-weave blend of 91% all-recycled polyester/9% spandex, with a Deluge DWR (durable water repellent) finish, moves with you, moves moisture, and stays as durable as you are. Details: microfleece-lined neck and wind flap, zippered left-chest and handwarmer pockets, elasticized cuffs and a drawcord hem. Recyclable through the Common Threads Recycling Program.<br><br><b>Details:</b><ul> <li>Highly breathable and wind-resistant stretch-woven soft-shell fabric with Deluge DWR (durable water repellent) finish</li> <li>Microfleece-lined neck and wind flap for next-to-skin comfort</li> <li>Zippered exterior left-chest pocket</li> <li>Zippered handwarmer pockets</li> <li>Elasticized cuffs</li> <li>Drawcord hem</li></ul><br><br><b>Fabric: </b>6.2-oz 91% all-recycled polyester/9% spandex double weave with Deluge DWR finish. Recyclable through the Common Threads Recycling Program<br><br><b>Weight: </b>(383 g 13.3 oz)<br><br>Made in Thailand.",1,1,0.41348844619193087,-0.21881805846037777,-0.15838612967892646,-0.18712963995848733,0.060816642273433606,-0.11292830181582185,0.06457507277523081,-0.15518194937417623,0.06057814985749181,0.02596524118682851
121,"Soaring jkt - Made for aerial pursuits, the Soaring Jacket combines spring-weight utility with a gonzo, sky's-the-limit approach. It's made from lightweight 100% organic cotton ripstop, with a handsome stand-up collar and buttoned placket that hides the full zip. Two drop-in button-through cargo chest pockets and two roomy handwarmer pockets provide ample stash space, and the internal pocket bears signature soaring bird art by Jason Stowell. Recyclable through the Common Threads Recycling Program.<br><br><b>Details:</b><ul> <li>Lightweight 100% organic cotton ripstop</li> <li>""Stand-up collar, buttoned placket""</li> <li>Full zip</li> <li>Two drop-in button-through cargo chest pockets</li> <li>Two roomy handwarmer pockets</li> <li>Internal drop-in pocket has screen print of soaring bird art by Jason Stowell</li></ul><br><br><b>Fabric: </b>5.5-oz 100% organic cotton ripstop. Recyclable through the Common Threads Recycling Program<br><br><b>Weight: </b>(542 g 18.8 oz)<br><br>Made in Thailand.",1,1,0.22279208723133018,0.03791688451748257,-0.11720299763116206,0.09198758372169627,-0.016390113813043297,-0.146819545427078,-0.07613155784425762,0.048634011274821365,0.03207482242137251,0.04763546997343019
122,"Sonar so no t-shirt - Ear-splitting sonar threatens the survival of whales and dolphins that rely on sound to maintain their way of life. The Sonar So No T-Shirt features the humorous artwork of Jason Stowell, and carries an inside message about the importance of declaring vital marine habitats off-limits to intensive sonar training (go to nrdc.org for more info). Recyclable through the Common Threads Recycling Program.<br><br><b>Details:</b><ul> <li>Ringspun yarns for a softer hand</li> <li>Taped shoulder seams</li> <li>Screen-print inks are PVC- and phthalate-free</li></ul><br><br><b>Fabric: </b>4.4-oz 100% organic cotton. Recyclable through the Common Threads Recycling Program<br><br><b>Weight: </b>(150 g 5.2 oz)<br><br>Made in USA.",-1,2,0.14631349099877067,0.265868372998968,-0.025231796667481186,-0.09523743522854132,0.010219707047141629,0.029815860716630057,-0.023745243126278702,0.0029028208721185956,-0.007492845979346019,-0.013681210795206565
123,"Special edition pataloha shirt - This year's Special Edition Pataloha shirt artfully depicts surf and climbing spots around the globe. Made with coconut buttons and a beautiful but pragmatic machine-washable blend of 55% organic cotton and 45% Tencel, this limited-run classic drapes smoothly and screams ""Mahalo."" Recyclable through the Common Threads Recycling Program.<br><br><b>Details:</b><ul> <li>Machine-washable blend of organic cotton and Tencel drapes smoothly</li> <li>Coconut buttons</li></ul><br><br><b>Fabric: </b>3-oz 55% organic cotton/45% Tencel. Recyclable through the Common Threads Recycling Program<br><br><b>Weight: </b>(216 g 7.5 oz)<br><br>Made in Thailand.",-1,4,0.12387169005313123,0.13730298298541224,-0.021325065707515047,0.17360627573303875,0.016898746784156662,-0.10729116474479192,0.09501575694251796,-0.008314715472080866,0.06875569772527104,0.06177703180915759
124,"Squid t-shirt - Artist Tim Tompkinson's original work renders the Squid T-Shirt into a coat of arms. Printed on ringspun organic cotton (100%), the lightweight shirt is printed with PVC- and phthalate-free inks that are less harmful to the environment. Taped shoulder seams provide a no-chafe fit. Recyclable through the Common Threads Recycling Program.<br><br><b>Details:</b><ul> <li>Ringspun yarns for a softer hand</li> <li>Taped shoulder seams</li> <li>Screen-print inks are PVC- and phthalate-free</li></ul><br><br><b>Fabric: </b>4.4-oz 100% organic cotton. Recyclable through the Common Threads Recycling Program<br><br><b>Weight: </b>(150 g 5.2 oz)<br><br>Made in USA.",5,2,0.3145351049054767,0.6276512205509399,-0.04938259425487507,-0.19783490684572969,-0.0022035832742196755,0.07913654822759451,-0.047473837586882346,-0.008475871984436204,-0.023054138415973067,-0.043444441364996866
125,"S/s island hopper shirt - Serene in the face of serious heat and always up for a cleansing dunk in the hotel sink, an Island Hopper is traveler's manna. Its ultralight blend of moisture-wicking 65% all-recycled polyester and 35% organic cotton ventilates well; the light colors reflect the sun; and the oversized drop-in chest pockets (sized for a fly box, passport or both) have mesh vents to take in whatever breeze comes your way.<br><br><b>Details:</b><ul> <li>""Light, quick-drying recycled polyester and organic cotton plain weave blend""</li> <li>Easy access to drop-in passport-sized chest pockets through front mesh vents (for maximizing airflow)</li> <li>Placket streamlined to wear evenly with the rest of the garment</li> <li>Coconut buttons</li></ul><br><br><b>Fabric: </b>2.9-oz 65% all-recycled polyester/35% organic cotton plain weave. Recyclable through the Common Threads Recycling Program<br><br><b>Weight: </b>(204 g 7.1 oz)<br><br>Made in Thailand.",-1,1,0.2370115378897432,0.04493030526158664,-0.030835222435562647,0.12516797781967665,-0.05514639761800921,-0.10297142862397554,0.06513591434766047,0.1142493005092622,0.11768627959708378,0.07031647832336353
126,"S/s pragmatist shirt - Like a spare roll of duct tape, the Pragmatist shirt works wonders in a pinch. Lightweight organic cotton and polyester (70%/30%) in a crisp woven construction is soft, cleanly styled and acutely wrinkle-resistant. With a shirttail hem. Recyclable through the Common Threads Recycling Program.<br><br><b>Details:</b><ul> <li>""Organic cotton/polyester plain weave fabric is lightweight, soft and has wrinkle resistance""</li> <li>Shirttail hem</li> <li>Single chest patch pocket</li></ul><br><br><b>Fabric: </b>3.7-oz 70% organic cotton/30% polyester plain weave. Recyclable through the Common Threads Recycling Program<br><br><b>Weight: </b>(187 g 6.5 oz)<br><br>Made in Thailand.",-1,1,0.2308064616346761,0.15580718984006428,-0.06357133229456721,0.13259919696742006,-0.018107559774346013,-0.12435256059317316,0.03746906171257378,0.030994307681897395,0.09385431904644398,0.04283234693981225
127,"S/s puckerware shirt - In humidity that makes other shirts wilt, the Puckerware Shirt's textured 65% polyester and 35% organic cotton yarn-dyed seersucker blend stays loose, dry and comfortable. Its crinkled weave sits just off the skin, allowing air to circulate and sweat to dissipate. It also resists wrinkling, washes easily, and dries in a flash. With a button-through chest pocket, side vents and a straight hem. Recyclable through the Common Threads Recycling Program.<br><br><b>Details:</b><ul> <li>Lightweight breathable all-recycled polyester and organic cotton blend dries in a flash and won't stick to skin</li> <li>Button-through chest pocket</li> <li>Straight hem with side vents</li></ul><br><br><b>Fabric: </b>3.4-oz 65% all-recycled polyester/35% organic cotton yarn-dyed seersucker. Recyclable through the Common Threads Recycling Program<br><br><b>Weight: </b>(193 g 6.7 oz)<br><br>Made in Thailand.",1,1,0.2580575835608481,0.12140051518960535,0.01420869718665098,0.1237978749654224,0.022829879318768915,-0.0977638059197255,0.023650690794108056,0.028433555728948907,0.09847507001657123,0.05273724388378203
128,"S/s stretch t - Ready for the full-body workout of an Eldorado Canyon lead, then quick-to-dry afterwards. Our Stretch Tees have a soft, yet technical plaited fabric blend of 55% organic cotton on the exterior with 35% polyester/10% spandex inside to wick moisture. The fit is slim and athletic with a Patagonia graphic screen-printed on the chest. Recyclable through the Common Threads Recycling Program.<br><br><b>Details:</b><ul> <li>Plaited fabric has soft cotton exterior with polyester on the inside to wick moisture away from skin</li> <li>Crewneck</li> <li>Graphic screen-print on chest</li></ul><br><br><b>Fabric: </b>5.7-oz 55% organic cotton/35% polyester/10% spandex. Recyclable through the Common Threads Recycling Program<br><br><b>Weight: </b>(181 g 6.3 oz)<br><br>Made in Thailand.",5,1,0.30401022025012814,0.15809937912923633,0.039280892700390826,0.09345551367296842,-0.010346771674954144,-0.0757087510663273,0.1478952897868679,-0.03050064257169987,0.05416483857700127,0.07676274271539202
129,"Sst jkt - Bristol Bay, Tierra del Fuego, the Russian Arctic - they all share three things: good fishing, bad weather and a whole lot of SST Jackets. Since its introduction, the venerable SST has continually set the standard for on-the-water weather protection. Today's version features our latest advances in shell design and technology, along with a host of new, angler-friendly details. Now made from our new 3-layer recyclable nylon ripstop waterproof/breathable fabric, the new SST is durable, extremely light, and better yet, fully recyclable. There's also a new integrated hood with single-pull adjustment and waterproof, corrosion-resistant Aquazip main and hand pocket zippers. The now-classic large, gusseted chest pockets are waterproof and set high for deep wading. Streamlined cuffs lie flat, resist line snagging and seal out water. More details: Large back pocket and hidden rod holder. Medium length (2 inches longer than the Deep Wading Jacket). Recyclable through our Common Threads Recycling Program.<br><br><b>Details:</b><ul> <li>""Light, highly breathable and durable 3-layer recyclable nylon double ripstop fabric with a waterproof/breathable H2No barrier and a Deluge DWR (durable water repellent) finish; integrated hood with single-pull adjustment""</li> <li>""Waterproof, corrosion resistant ririAQUAzip main and handwarmer pocket zippers; reversed StretchCoat cuff fabric""</li> <li>""Large gusseted chest pockets are waterproof (set high for wading, with inside tippet pockets, large back pocket)""</li> <li>""Two Beastie D-rings on front, one on back""</li> <li>Hidden rod holder</li> <li>Y-Joint sleeves and anatomically curved elbows</li> <li>All seams are sealed</li></ul><br><br><b>Fabric: </b>""3-layer, recyclable 100% nylon double ripstop fabric with a waterproof/breathable H2No barrier and a Deluge DWR finish. Cuffs: Reverse StretchCoat. Recyclable through the Common Threads Recycling Program""<br><br><b>Weight: </b>(462 g 16.03 oz)<br><br>Made in Vietnam.",1,1,0.29602613912371817,-0.1755990267656775,-0.14636572373544132,-0.16538873219326006,0.05527603995275899,-0.12362912926653762,-0.0362653378197399,-0.11219350445131615,0.05191129302204196,0.05435838899124351
130,"Stormfront duffel 100 - Designed to haul the goods, protect them and keep them dry, the Stormfront Duffel 100 is built with the most abrasion-resistant materials available and guaranteed waterproof to depths of 6 feet. Welded seams and a waterproof zipper keep water out, while TPU coatings and double-layer construction ensure durability during years of hardcore use. The duffel features top-load access for easy packing and keeps you organized with an external zip pocket and an internal mesh pocket for smaller essentials. The grab-and-toss haul handles and shoulder strap make life easier as do the removable compression straps that reverse for hauling.<br><br><b>Details:</b><ul> <li>Top load access for easy packing; external organizer zip pocket is great for quick-grab items</li> <li>Internal mesh pocket organizes the finer essentials</li> <li>Welded seams and waterproof zipper keep water out</li> <li>Grab and toss haul handles</li> <li>""Removable compression straps protect zipper, reverse for hauling and can be used for attaching larger items""</li> <li>Removable shoulder straps for comfortable long-haul carry</li> <li>Made with the most waterproof materials available with TPU coatings and double-layer construction for guaranteed durability during years of hardcore use</li></ul><br><br><b>Fabric: </b>1200-denier 100% all-recycled polyester with polyurethane coating/1000-denier polyester TPU laminate<br><br><b>Weight: </b>(1327 g 46 oz)<br><br>Made in China.",2,8,0.2164020000990689,-0.09599336279282494,-0.09277884948178858,-0.12298546496717755,0.04938200353098697,-0.0559745872734914,0.0410406610145636,0.2666009198182191,-0.0432720926729558,0.013340019134820554
131,"Stormfront pack - Wade a little too deep? Take one over the bow? Twelve hours of horizontal downpour? No problema. Whatever you need to keep dry, is. As long as it's safely inside the Stormfront Pack. This ultra-simple waterproof pack is now made with an even tougher, 840-denier double polyurethane-coated nylon fabric and features a revolutionary easy-to-use waterproof zipper and internal, custom-fit padded gear case with hook-and-loop dividers. It's comfortably supported by a removable shoulder-strap harness and 3D spacer-mesh back panel. Take the harness off and you have the perfect dry boat bag. An glued in zippered mesh pocket keeps valuables organized and extra dry, while the external mesh pocket holds your hydration reservoir. The harness system includes tool attachment and storage capabilities plus, as an added bonus, it's compatible with the vest portion of our Pack Vest.<br><br><b>Details:</b><ul> <li>Waterproof/corrosion-proof main zipper; zipper relocated to create a panel opening; waterproof welded pod</li> <li>Internal custom-fit padded gear case has hook-and-loop dividers</li> <li>Detachable harness transforms Stormfront Pack into a drybag</li> <li>Stormfront pack harness has some crossover functionality with our Pack Vest</li> <li>External mesh hydration reservoir pocket</li> <li>Internal zippered mesh pocket</li> <li>""3-D spacer-mesh back panel wicks moisture, dries quickly and allows air circulation""</li></ul><br><br><b>Fabric: </b>840-denier nylon double-coat with a polyurethane film. Padded gear case: 200-denier polyester. Harness pack: 3D spacer mesh<br><br><b>Weight: </b>(1125 g 39 oz)<br><br>Made in China.",2,8,0.22911169084872188,-0.12726698424415336,-0.08229569742949108,-0.13597704071923847,0.043745830483351726,-0.019899726500782488,0.06881641549669557,0.2779651223758132,-0.009976859680340122,-0.016294724277833617
132,"Stretch polo - Core to the nomadic lifestyle, our Stretch Polo is stuffable, sink-washable and quick-drying. Throw this polo shirt in a duffel, wear it at the crag or pair it with khakis for dinner. The plaited fabric combination of 55% organic cotton/35% polyester/10% spandex has a soft, indulgent exterior with a moisture-managing interior that keeps you dry. The supple collar protects your neck from determined gearslings. Recyclable through the Common Threads Recycling Program.<br><br><b>Details:</b><ul> <li>Plaited fabric has a soft cotton exterior with polyester on the inside to wick moisture away from skin</li></ul><br><br><b>Fabric: </b>5.7-oz 55% organic cotton/35% polyester/10% spandex. Recyclable through the Common Threads Recycling Program<br><br><b>Weight: </b>(199 g 6.9 oz)<br><br>Made in Thailand.",5,1,0.26389211994485023,0.07811880566361143,0.06317018179485495,0.1337879251646014,0.005531736733101787,-0.12257712228965319,0.14467097396111037,0.005738312675877497,0.08338637912469524,0.05252015833245449
133,"Stretch wading belt - This is the belt that comes with all Patagonia Waders, made from 1 1/2"""" wide elasticized polyester, and now featuring the low-profile Duraflex Stealth-V buckle for quick release, smooth function and easy adjustment. This belt accommodates multiple tool holsters and works on any waders. The Patagonia label also doubles as an accessory loop.<br><br><b>Details:</b><ul> <li>""1 1/2"""" wide polyester elastic""</li> <li>""Quick-release DuraFlex Stealth-V buckle provides smooth function and an easy, adjustable fit""</li> <li>Patagonia label doubles as an accessory loop</li></ul><br><br><b>Fabric: </b>100% stretch polyester<br><br><b>Weight: </b>(80 g 2.8 oz)<br><br>Made in China.",2,1,0.17890346564907558,-0.0515538172968813,-0.030099122097250446,-0.023439481365055928,0.02082945589501062,0.03932029833959894,0.03350158211224014,0.03153048838764173,-0.070129661214051,0.004271650359423202
134,"Sub divider - Just as tough and water resistant as the Great Divider, the Sub is a compact, soft-sided boat chest that protects, hauls and organizes vital gear. Reels, fly boxes, phone, flares or lunch all reside safely within its protective custody when water-borne chaos rains down. Made from 840-denier double-polyurethane-coated nylon and patented molded top and bottom pans for waterproof protection even in standing water (up to the zipper). Welded seams eliminate leakage. Shock-absorbing high-density foam gives the bag shape. Inside, an adjustable foam divider, floating transparent panel and removable end pocket provide flexible organization. Access is through a highly water-resistant zipper with t-grip. Single, adjustable, removable, padded shoulder strap makes hauling easy. Insides can be removed and bag can be packed flat inside your luggage, then easily assembled when you reach your destination.<br><br><b>Details:</b><ul> <li>""Durable, waterproof, coated nylon exterior repels water; pliable, resilient high-density foam main compartment gives bag shape and protects contents""</li> <li>Patented molded top and bottom pan repels standing water and grips slippery surfaces; transparent floating interior panel (on the inside lid) has zippered pockets on both sides</li> <li>Foam divider (with hook-and-loop attachments) can be arranged in any configuration</li> <li>""One interior, zippered, transparent, removable end pocket""</li> <li>Strap attachments and seams are welded to eliminate leakage</li> <li>Highly water-resistant zipper with t-grip</li> <li>""Single, adjustable, removable, padded shoulder strap""</li></ul><br><br><b>Fabric: </b>""Body: 840-denier nylon double-coat with polyurethane coating. Top and bottom: Patented, molded, one piece TPU""<br><br><b>Weight: </b>(1324 g 45.9 oz)<br><br>Made in China.",-1,8,0.21669283820252352,-0.1160676536140998,-0.0957488744904854,-0.14083003873428704,0.038695752453166844,-0.01590509707168228,0.0969751110630238,0.24579849700609016,-0.02840275658606461,-0.021585253899167038
135,"Surf brim - Whether you're paddling back out or waiting on the next set, our Surf Brim keeps your cranium cool and your eyes shaded. It is a quick-drying, secure hat with full-coverage protection. The 360-degree floatable foam brim shades vulnerable skin and allows clean duck dives; the dark underside reduces glare. Fast-drying 100% nylon with a DWR (durable water repellent) finish and two drain holes shed water. Stay-put details include a soft neoprene headband, a tuck-away chin strap and an adjustable rear buckle.<br><br><b>Details:</b><ul> <li>""Made from soft, fast-drying, easy-care nylon; sun-blocking foam brim holds its shape""</li> <li>Stiffer brim in front where you need it; still allows for clean duck dives</li> <li>Neoprene headband provides a secure fit; soft neoprene chin strap tucks away when not in use</li> <li>Dark underbill reduces glare; two vent/drain holes reduce water and heat build-up</li> <li>Adjustable rear buckle with elastic for snug fit</li></ul><br><br><b>Fabric: </b>Shell and underbill: 4.3-oz 100% nylon with a DWR (durable water repellent) finish. Chin strap and headband: 1-mm neoprene<br><br><b>Weight: </b>(80 g 2.8 oz)<br><br>Made in China.",4,1,0.21544816199211708,-0.09904541831052995,-0.018059095607972458,-0.043124439981490584,-0.015892685905759592,0.12327239957545912,0.033623988130398776,0.07069368353436098,0.031179593806688374,0.016956572190217838
136,"Surf sneaker - The footwear of choice for chasing the beach blitz, poling canoes or in some cases, sprucing up for a wedding. The Surf Sneaker employs the same tried-and-true cupped midsole and tough outsole as the Marlwalker, but has a softer flex pattern for more give on boat decks and shore breaks. Light, comfortable and fast-drying, this style offers just the right amount of support and protection without weighing you down. Our high-filtration mesh uses 100% recycled polyester. Colors selected for optimal camouflage. Nonmarking sole and wide last.<br><br><b>Details:</b><ul> <li>""Tough, durable, quick-drying synthetic leather won't fade in the sun; Neoprene collar and high-filtration mesh keeps out sand and silt; and drains quickly""</li> <li>""Molded rubber cupsole, EVA midsole and padded gel insole with arch support; softer midsole flex pattern for stability on rocking boat decks or rugged shore breaks""</li> <li>Wide last accommodates Lightweight Capilene Socks or Insulator Socks with Gravel Guard</li> <li>Sturdy rubber toe-box and molded heel counter protects against impact and sharp coral</li> <li>Padded ankle support with open laces and one top speed-lace hook</li> <li>High-traction rubber sole is nonmarking and sheds mud</li> <li>Camouflage colors</li></ul><br><br><b>Fabric: </b>""Lightweight, high-filtration all-recycled polyester mesh with synthetic leather upper and neoprene/spandex in tongue and collar. Molded, full-length cupped rubber outsole with interior EVA midsole""<br><br><b>Weight: </b>(1027 g 35.6 oz)<br><br>Made in China.",9,1,0.13552139263879417,-0.058421288909502454,0.017967989395142697,-0.00168774954636474,-0.01301603855411358,0.05460125211634665,0.08593106219994068,0.08776192753576911,0.016043797204918914,0.026432750011496985
137,"Tech web belt - This one's for the big jobs: hoisting heavy work pants, resisting migration under a hipbelt and most importantly, keeping everything in place during animated air-guitar routines. The belt's aluminum buckle is lightweight and strong and cinches tight for a reliable hitch; it's also handy as a bottle opener at the end of a hot day. The 1 1/2"" nylon webbing endures abuse and dries quickly.<br><br><b>Details:</b><ul> <li>Quick-dry nylon webbing doubles as emergency lash strap</li> <li>Forged aluminum buckle is lightweight and strong; notched for prying the top off a cold one</li></ul><br><br><b>Fabric: </b>""1 1/2"""" nylon webbing""<br><br><b>Weight: </b>127 g (4.5 oz)<br><br>Made in Philippines.",-1,1,0.11826651792160281,-0.051751840618663045,-0.013382579134185868,0.015960450042201986,0.03207909901372497,0.11572944611066112,-0.0022824381771481433,0.09270184638405461,-0.08308009061428571,0.02317341111309013
138,"Text logo t-shirt - The Text Logo T-Shirt tells the classic story with one word. Printed on pure, 100% organic cotton with PVC- and phthalate-free inks, the shirt is ringspun for softness. Durable, taped shoulder seams minimize chafing. Recyclable through the Common Threads Recycling Program.<br><br><b>Details:</b><ul> <li>Ringspun yarns for a softer hand</li> <li>Taped shoulder seams</li> <li>Screen-print inks are PVC- and phthalate-free</li></ul><br><br><b>Fabric: </b>5.4-oz 100% organic cotton. Recyclable through the Common Threads Recycling Program<br><br><b>Weight: </b>(199 g 6.9 oz)<br><br>Made in USA.",5,2,0.3199133582520473,0.6102894318694569,-0.04761787689996318,-0.18325824062135498,0.008790284822506314,0.0698399976625754,-0.056680439407819264,-0.015063834230971325,0.007459498865262093,-0.0429291655261277
139,"The more you know t-shirt - Inspired by Thoreau's immortal words, Yvon Chouinard's mantra of ""the more you know the less you need"" is simply stated through the original artwork of Geoff McFetridge. The More You Know T-Shirt is printed on organic cotton (100%) using PVC- and phthalate-free inks. Durable, taped shoulder seams and ringspun fabric yarns are soft next-to-skin. Recyclable through the Common Threads Recycling Program.<br><br><b>Details:</b><ul> <li>Ringspun yarns for a softer hand</li> <li>Taped shoulder seams</li> <li>Screen-print inks are PVC- and phthalate-free</li></ul><br><br><b>Fabric: </b>4.4-oz 100% organic cotton. Recyclable through the Common Threads Recycling Program<br><br><b>Weight: </b>(150 g 5.2 oz)<br><br>Made in USA.",5,2,0.3003694430127033,0.5804830898936446,-0.049890628644360904,-0.18072177492279917,0.020663231188040435,0.06873744507390953,-0.0463294634176527,-0.013626244406738684,-0.024974971798590942,-0.045760780998521274
140,"Three trees shirt - A summertime staple for airy crags and lofty topouts. The lightweight 100% organic cotton ripstop fabric adds durability for coarse climbs; it has a progressive-minded look with an ultrasoft feel. A shoulder yoke design keeps seams away from gear sling pressure points, and the drop-tail hem stays put under a harness. Three trees are embroidered on the backside of the left shoulder. Recyclable through the Common Threads Recycling Program.<br><br><b>Details:</b><ul> <li>""Soft, lightweight breathable organic cotton ripstop""</li> <li>Drop-in chest pockets</li> <li>Unique embroidery of trees on back left shoulder along yoke</li> <li>Drop-tail hem</li></ul><br><br><b>Fabric: </b>3.7-oz 100% organic cotton ripstop. Recyclable through the Common Threads Recycling Program<br><br><b>Weight: </b>192 g (6.8 oz)<br><br>Made in Thailand.",-1,1,0.20383243447996705,0.10551231927752937,-0.07519037959467698,0.0846667526357739,0.0017539024713766767,-0.10851382156813184,0.01571125100287056,0.042931605081599974,0.0585846735990038,0.024012568528734554
141,"Torrentshell pants - They're lightweight, waterproof and breathable: Our new Torrentshell Pants keep you singing in the rain when the thunderstorms boom. The simple pull-on style has an elastic drawcorded waistband, articulated knees and three zippered pockets (two handwarmer, one back hip). The zippered lower legs have adjustable hook-and-loop cuffs, and the pants stuff into the back pocket (with carabiner clip-in loop).<br><br><b>Details:</b><ul> <li>2.5-layer fabric with waterproof/breathable H2No barrier and Deluge DWR (durable water repellent) finish</li> <li>Elasticized self-fabric waistband with internal drawcord - pulls on for easy use</li> <li>""Pockets: secure zippered handwarmers, secure zippered back - all with DWR-treated zippers and storm flaps""</li> <li>Articulated knees</li> <li>""Adjustable, self-fabric hook-and-loop closure at ankle with flapped, DWR-treated zipper to the knee""</li> <li>Pants stow in back pocket</li></ul><br><br><b>Fabric: </b>""2.5-layer, 2.6-oz 50-denier 100% nylon ripstop with a waterproof/breathable H2No barrier and a Deluge DWR finish""<br><br><b>Weight: </b>(248 g 8.6 oz)<br><br>Made in China.",1,1,0.38636555621389296,-0.2623814085854182,-0.25740389102011046,-0.16573234914785656,0.10424506472345783,-0.07674220788153373,-0.1102176176417036,-0.259206841776703,-0.05492302320547169,-0.034830484724036076
142,"Travel belt - The traveler's ace  keeps your pants adhered and your valuables securely hidden. Made from fast-drying, heavy duty webbing with a zippered, 19-inch stealth pocket to hold your cash, key and a love note from home. With a no-slip anodized buckle that turns your belt into an emergency lashing strap.<br><br><b>Details:</b><ul> <li>Quick-dry nylon webbing doubles as emergency lash strap</li> <li>Forged aluminum buckle is lightweight and strong</li> <li>""Anodized, anticorrosive finish on buckle""</li></ul><br><br><b>Fabric: </b>""1&#189;"""" nylon webbing""<br><br><b>Weight: </b>(210 g 7.3 oz)<br><br>Made in Philippines.",-1,1,0.13493868668019304,-0.0737054810905786,-0.0417847551793524,0.011056185915162966,0.007865151609499188,0.1071686138963525,-0.009595081017543377,0.1328699383390411,-0.09154726176965569,-0.0002904891866059436
143,"Traverse jkt - Training routine number 47: bicycle to the Indian Peaks; run as much as you can to Pawnee Pass; scramble up Shoshoni Peak; return and ride home; soak in hot tub; start planning number 48. Our lightweight and highly breathable Traverse keeps stride the entire way. The fast-drying 93% all-recycled polyester/7% spandex fabric with 4-way stretch has a Deluge DWR (durable water repellent) finish to protect against wet weather. Jacket features include: a mesh-lined, zip-through stand-up collar with zipper garage, a full-front zip with wind flap; elastic banded cuffs; a drawcord waist and hem; and a slight drop tail. With two zippered handwarmer pockets and a zippered pocket on the left bicep that has an MP3 cord pass-through. Reflective logos (front and back) and graphics at the cuffs keep you visible. Recyclable through the Common Threads Recycling Program.<br><br><b>Details:</b><ul> <li>Fast drying stretch-woven polyester soft shell is durable and delivers 4-way mechanical stretch</li> <li>Deluge DWR (durable water repellent) finish</li> <li>Mesh-lined zip-through stand-up collar</li> <li>Full zip with wind flap and zipper garage</li> <li>Zippered handwarmer pockets and a zip pocket at left bicep with interior MP3 cord pass-through</li> <li>Elastic banded cuffs; drawcord waist and hem</li> <li>Slight drop tail; Reflective logos and graphics at cuffs front and back</li></ul><br><br><b>Fabric: </b>4.7-oz 70-denier 93% all-recycled polyester/7% spandex with 4-way mechanical stretch and Deluge DWR (durable water repellent) finish. Recyclable through the Common Threads Recycling Program<br><br><b>Weight: </b>(285 g 9.9 oz)<br><br>Made in Vietnam.",1,1,0.3791736991370156,-0.21800936190937148,-0.12523185036717027,-0.14517501798690327,0.01308026819676779,-0.0965329110639578,-0.002724988029693856,-0.08400440787930441,0.043392488975621236,0.02588577695638964
144,"Trout silhouette t-shirt - The simplicity of the Silhouette T-Shirt embodies the trout's need for purity: only clean, cold water will do. The tee's printed on a canvas of 100% organic cotton fabric that's ringspun for softness, and has taped shoulder seams and double stitching at sleeves and hem for added durability. Coverstitching at neck and armholes lend a clean finish. Recyclable through the Common Threads Recycling Program.<br><br><b>Details:</b><ul> <li>Ringspun yarns for a softer hand</li> <li>Taped shoulder seams</li> <li>Screen-print inks are PVC- and phthalate-free</li></ul><br><br><b>Fabric: </b>5.4-oz 100% organic cotton. Recyclable through the Common Threads Recycling Program<br><br><b>Weight: </b>(199 g 6.9 oz)<br><br>Made in USA.",5,2,0.3242749582547172,0.5031478741228534,-0.039216296276351044,-0.11223273533199962,0.028034610065203223,0.006274588180917894,-0.026107317970680697,0.0238811361253567,0.005156194209031887,-0.03021793086112128
145,"Trucker hat - For big rigs or big hair, this is a classic road-tripping hat with lots of volume. Its retro styling features a fabric blend of 47% organic cotton/28% nylon/25% polyester mesh for a cool, ventilated and skin-savvy fit. The generous front bill is precurved; with adjustable tabs in back.<br><br><b>Details:</b><ul> <li>Made from organic cotton canvas and polyester mesh for all-day comfort</li> <li>Shapeable bill for sun protection</li> <li>Adjustable tabs in back customize fit</li> <li>Large volume accommodates big hair</li></ul><br><br><b>Fabric: </b>Front crown: 10-oz 100% organic cotton canvas. Back crown: 100% polyester mesh<br><br><b>Weight: </b>85 g (3 oz)<br><br>Made in China.",-1,1,0.1952818739068796,0.04548639882371951,-0.044362694617441106,0.13238073678448833,-0.0157631301030126,-0.05201831658372944,0.01426566073557322,0.09704952149773736,0.060926220328313026,0.05918425856832655
146,"Twenty-three's board shorts - Stay covered in our water-tested Wavefarer board short design, with a longer 23"" outseam. To prevent wax rash and rail rub, the Twenty-Threes are made from smooth, quick-drying, DWR-treated 100% nylon, with a forward inseam that won't chafe. A flat-lying, single-button gusseted fly and secure tie entry ensure they won't come off in the spin cycle, while an easy-access, self-draining side zip pocket with key loop keeps your stash intact. Inseam (size 32) is 12"". Recyclable through the Common Threads Recycling Program.<br><br><b>Details:</b><ul> <li>""Recyclable, lightweight nylon with a DWR (durable water repellent) finish; flat-lying single-button fly and 3-piece, self-lined waistband contours to hip line""</li> <li>""Horizontal self-draining side-seam zip pocket with a secure zip, and internal key loop""</li> <li>Forward inseam at crotch eliminates chafing</li> <li>Hem hits below the knee</li> <li>Lower rise</li> <li>""Inseam is 12""""; outseam is 21""""""</li> <li>Now available in size 29</li></ul><br><br><b>Fabric: </b>4.3-oz 100% nylon with DWR finish. Recyclable through the Common Threads Recycling Program<br><br><b>Weight: </b>(199 g 6.9 oz)<br><br>Made in Thailand.",1,1,0.327963044811704,-0.1620472957009379,-0.09056298130266606,0.07638583788670887,0.061714089875393834,0.1781870354599287,-0.08316819576246622,-0.02843388333266749,-0.15448426582644798,-0.10603144252245353
147,"Ultra shorts - Our ever-popular long-cut, quick-drying Ultra Shorts use lightweight 50-denier polyester ripstop with a wicking finish to stay cool and comfortable, mile after mile. Pockets: two front drop-ins, two large back drop-ins - one with stitched compartments to keep energy gels secure - and one zippered security below the waistband to hold a car key. With an interior drawcord, and a lightweight, breathable built-in liner that extends into the waistband for a comfortable fit. Inseam (size M) is 9"". The reflective heat-transfer logo and reflective graphic keep you visible. Recyclable through the Common Threads Recycling Program.<br><br><b>Details:</b><ul> <li>Lightweight fabric speeds dry times and has a smooth hand for non-chafing comfort</li> <li>""Lightweight, breathable, moisture-wicking, built-in liner extends into waistband for a comfortable fit""</li> <li>Interior drawcord</li> <li>Two front drop-in pockets and two large back pockets; one featuring stitched compartments to keep items secure and a zippered security pocket at waistband</li> <li>Reflective heat-transfer logo and graphic</li> <li>""9"""" inseam""</li></ul><br><br><b>Fabric: </b>3.5-oz 50-denier polyester ripstop with a wicking finish. Lining: 3.8-oz microdenier polyester crepe with moisture-wicking performance. Recyclable through the Common Threads Recycling Program<br><br><b>Weight: </b>(207 g 7.2 oz)<br><br>Made in Vietnam.",1,1,0.33028696860862056,-0.15293268708354388,-0.02866623397071385,-0.04867320394981448,-0.018691983019918725,0.03292281830128587,-0.014734279008012021,0.0769493387427558,0.049586966761623504,-0.005648788736239601
148,"Ulw hiking crew socks - The heat along the Boucher Trail can shut you down fast. These airy hikers, with their dynamic fabric blend of 75% chlorine-free merino wool/21% nylon/4% spandex, manage the moisture from miles of hardpan and preserve a cool airflow so you can keep up the pace. A lightweight looped construction throughout the footbed cushions bruising terrain and an open knit weave over the arch vents excess heat. Our Looped Lintoe construction creates an ultra-flat, toe-friendly seam.<br><br><b>Details:</b><ul> <li>""Wool blend strategically knit to balance wicking performance, cushioning and durability""</li> <li>Ultra-lightweight looped construction on footbed provides maximum cushioning with least bulk</li> <li>""Felted wool yarns are chlorine-free, itch-free and offer long-term stability and performance""</li> <li>Open knit construction on top of foot vents excess heat and helps to moderate foot temperature</li> <li>Looped Lintoe construction creates the smallest and flattest seam possible for ultimate toe comfort</li></ul><br><br><b>Fabric: </b>75% chlorine-free merino wool/21% nylon/4% spandex<br><br><b>Weight: </b>(43 g 1.5 oz)<br><br>Made in USA.",8,5,0.2171831959217415,-0.012788605205772834,0.26511512891406036,0.04360498642104922,0.27407943337971813,0.15607563910889957,0.05766679432286588,-0.011168791072834305,0.04614200711696489,-0.0053358204806437
149,"Velocity cap - When you're running the parched, open slopes of Black Mountain, our Velocity Cap keeps your head in a current of cool air. It has built-in breathability through its mesh panels and a wispy crown made from 100% polyester to deflect heat. The 5-panel design allows a close fit that customizes via a low-profile elastic and buckle closure. A wicking Coolmax headband keeps sweat out of your eyes and a dark underbill shades them from glare.<br><br><b>Details:</b><ul> <li>Adjustable rear buckle with elastic for snug fit</li> <li>Coolmax headband to wick moisture</li> <li>Dark underbill reduces glare</li> <li>Sanded fabric is soft against skin</li></ul><br><br><b>Fabric: </b>3.2-oz 100% polyester<br><br><b>Weight: </b>(75 g 2.6 oz)<br><br>Made in China.",4,1,0.14075274826316983,-0.05306983060837133,0.05114821082520384,0.0015286848890870362,-0.03410524146241215,0.03317577637390531,0.044589947839834713,0.05283637010659488,0.00016715680150821593,0.002538317914009691
150,"Watermaster hip highs - Originally made for Midwest spring creek aficionados, the Watermaster Hip Highs are finding fans among backcountry trekkers, jetty scramblers, skinny water paddlers and other minimalist anglers. Rest assured, these are not your grandpa's floppy rubber hip boots, either. The Watermasters are made from our proprietary waterproof/breathable polyester microfiber fabric with H2No Hydrostorm barrier for durable, sweat-free performance. Quick-release buckle hip adjustments, top hem drawcord and gripper elastic strip provide secure, flop-free upper leg fit. Down below, specifically designed left and right neoprene booties and built-in fabric gravel guards with abrasion resistant scuff zones keep feet protected and comfortable.<br><br><b>Details:</b><ul> <li>Specifically designed left and right legs and booties</li> <li>Quick-release buckle hip adjustments</li> <li>Top hem drawcord and gripper elastic strip for secure upper leg fit</li> <li>""Built-in, heavyweight reinforcement fabric gravel guards with abrasion resistance scuff zones""</li> <li>""1 1/4"""" gripper elastic gravel guard cuffs""</li> <li>""Concealed stainless steel, locking boot hooks secure cuff to boot and avoid line catch; Stretch Wading Belt with a quick-release DuraFlex Stealth-V buckle provides smooth function and an easy adjustable fit""</li></ul><br><br><b>Fabric: </b>""Legs: 3-layer, 7-oz polyester microfiber with proprietary H2No Hydrostorm waterproof/breathable barrier and Deluge DWR (durable water repellent finish). Gravel guards: 6.35-oz polyester microfiber double weave. Booties: 3-mm neoprene with abrasion-resistant fabric soles""<br><br><b>Weight: </b>(669 g 23.2 oz)<br><br>Made in China.",10,1,0.2274059569861024,-0.13042931028991167,-0.08771721905112871,-0.12703653607977036,0.072333923580245,0.003860253911155683,0.0630850805075893,-0.1659821411799007,-0.014377808993457898,0.01494440978709516
151,"World according to bikers t-shir - Our health and the health of the planet cycle around interconnectedness. Featuring original work by the art team Heads of State, the World According to Bikers T-Shirt is printed on organic (100%) cotton. The V-neck shirt features an inside message about the movement to create a complete, interconnected transportation network for cyclists (bikeleague.org for more info). Recyclable through the Common Threads Recycling Program.<br><br><b>Details:</b><ul> <li>Ringspun yarns for a softer hand</li> <li>Taped shoulder seams</li> <li>Screen-print inks are PVC- and phthalate-free</li></ul><br><br><b>Fabric: </b>4.4-oz 100% organic cotton. Recyclable through the Common Threads Recycling Program<br><br><b>Weight: </b>(150 g 5.2 oz)<br><br>Made in USA.",5,2,0.19425528843785217,0.34987135018934656,-0.03347508991937659,-0.06890874476012136,0.004877457659687538,0.01726352418356601,-0.0011660343656059835,-0.014286118039377143,-0.020704517434068294,0.012837402254426568
152,"World trout t-shirt - James Prosek recreates the view from above, mimicking the energy of the fish with unique line art. Five dollars from the sale of each shirt will benefit World Trout, an organization that supports conservation efforts and identifies and protects native fish. Learn more about Patagonia's fly fishing line and World Trout at www.patagonia.com/fishing. Made from 100% organic cotton, the tee is recyclable through the Common Threads Recycling Program.<br><br><b>Details:</b><ul> <li>Ringspun yarns for a softer hand</li> <li>Taped shoulder seams</li> <li>Screen-print inks are PVC- and phthalate-free</li></ul><br><br><b>Fabric: </b>5.4-oz 100% organic cotton. Recyclable through the Common Threads Recycling Program<br><br><b>Weight: </b>(199 g 6.9 oz)<br><br>Made in USA.",5,2,0.19400652479063143,0.3317145070036365,-0.04569621768961885,-0.07508412970776483,0.0055309600088410535,0.02663813049492141,0.018169924388757044,0.0025264776559814836,-0.01890716123906983,0.04932443817001011
153,"Watermaster waders - long - Blackberries, barbwire, basalt...the fact is, we ask a lot of our waders - most importantly, that they keep us dry through all sorts of abuse. The new version of our Watermaster Waders accomplishes this on a number of fronts: First, our proprietary waterproof/breathable polyester microfiber fabric package with H2No Hydrostorm barrier is quantitatively more puncture resistant than the competition. Then, because wet is wet, whether it comes from inside or out, we use lighter, more breathable fabric up top and a tougher version below. Finally, and not to be overlooked, our innovative internal suspension system makes it easier than ever to, uh...relieve yourself without taking off jacket or vest. Something to consider in a driving rainstorm. It all adds up to an incredibly dry, durable and lightweight pair of waders. In other words, Watermasters. Field repair kit included.<br><br><b>Details:</b><ul> <li>Polyester microfiber shell with a proprietary waterproof/breathable H2No Hydrostorm barrier and Deluge DWR (durable water repellent) finish; Inside zippered main pocket (with piggyback mesh pocket and internal key/tool loop) flips out for quick access</li> <li>""Unique, waist-mounted suspender allows easy conversion from chest to waist height; TPU post and slot design on front and back of suspenders offers security when wading deep and for roll down, waist high comfort""</li> <li>Anatomically curved knees and modified Y-Joint crotch; inside leg seams are positioned away from wear zones</li> <li>""Specifically designed left and right legs and booties; built-in, heavyweight reinforcement fabric gravel guards with abrasion resistance scuff zones""</li> <li>""1 1/4"""" gripper elastic gravel guard cuffs; concealed stainless steel, locking boot hooks secure cuff to boot and avoid line catch""</li> <li>Stretch Wading Belt with a quick-release DuraFlex Stealth-V buckle provides smooth function and an easy adjustable fit</li> <li>Field repair kit included</li></ul><br><br><b>Fabric: </b>""Upper: 3-layer, 5.2-oz polyester microfiber twill shell with a proprietary waterproof/ breathable H2No Hydrostorm barrier and Deluge&#174; DWR (durable water repellent) finish. Lower torso and legs: 3-layer, 7-oz polyester microfiber reinforcement fabric with proprietary H2No Hydrostorm barrier and Deluge DWR finish. Gravel guards: 6.35-oz polyester microfiber with Deluge DWR finish. Booties: 3-mm neoprene with abrasion-resistant fabric soles""<br><br><b>Weight: </b>(1096 g 38 oz)<br><br>Made in China.",10,1,0.3002288416121446,-0.18784582879189748,-0.14170817707201325,-0.1883410616262331,0.10317757594804508,-0.06697690047999469,0.02943970727772467,-0.1912520960159427,-0.00864421464842695,0.02397324207551861
154,"Watermaster waders - short - Blackberries, barbwire, basalt...the fact is, we ask a lot of our waders - most importantly, that they keep us dry through all sorts of abuse. The new version of our Watermaster Waders accomplishes this on a number of fronts: First, our proprietary waterproof/breathable polyester microfiber fabric package with H2No Hydrostorm barrier is quantitatively more puncture resistant than the competition. Then, because wet is wet, whether it comes from inside or out, we use lighter, more breathable fabric up top and a tougher version below. Finally, and not to be overlooked, our innovative internal suspension system makes it easier than ever to, uh...relieve yourself without taking off jacket or vest. Something to consider in a driving rainstorm. It all adds up to an incredibly dry, durable and lightweight pair of waders. In other words, Watermasters. Field repair kit included.<br><br><b>Details:</b><ul> <li>Polyester microfiber shell with a proprietary waterproof/breathable H2No Hydrostorm barrier and Deluge DWR (durable water repellent) finish; Inside zippered main pocket (with piggyback mesh pocket and internal key/tool loop) flips out for quick access</li> <li>""Unique, waist-mounted suspender allows easy conversion from chest to waist height; TPU post and slot design on front and back of suspenders offers security when wading deep and for roll down, waist high comfort""</li> <li>Anatomically curved knees and modified Y-Joint crotch; inside leg seams are positioned away from wear zones</li> <li>""Specifically designed left and right legs and booties; built-in, heavyweight reinforcement fabric gravel guards with abrasion resistance scuff zones""</li> <li>""1 1/4"""" gripper elastic gravel guard cuffs; concealed stainless steel, locking boot hooks secure cuff to boot and avoid line catch""</li> <li>Stretch Wading Belt with a quick-release DuraFlex Stealth-V buckle provides smooth function and an easy adjustable fit</li> <li>Field repair kit included</li></ul><br><br><b>Fabric: </b>""Upper: 3-layer, 5.2-oz polyester microfiber twill shell with a proprietary waterproof/ breathable H2No Hydrostorm barrier and Deluge&#174; DWR (durable water repellent) finish. Lower torso and legs: 3-layer, 7-oz polyester microfiber reinforcement fabric with proprietary H2No Hydrostorm barrier and Deluge DWR finish. Gravel guards: 6.35-oz polyester microfiber with Deluge DWR finish. Booties: 3-mm neoprene with abrasion-resistant fabric soles""<br><br><b>Weight: </b>(1096 g 38 oz)<br><br>Made in China.",10,1,0.3013895905209206,-0.1886207064546113,-0.143697157239156,-0.1858624754349441,0.10341530087485817,-0.0634071771625754,0.027092144000417127,-0.1913893536739633,-0.010237776859411261,0.022279293231911725
155,"Active hipster - While the perfect life might be nomadic, the perfect underwear should stay put. Low-riding Active Hipsters have an extra-wide waistband and newly redesigned single-sided leg binding that won't wander or restrict. Ultra-soft and pliable, the fabric manages moisture and breathes, keeping you comfortable and dry. Solids and prints: 4.6-oz 96% nylon/4% spandex. Stripes: 5.6-oz 93% polyester (58% recycled)/7% spandex.<br><br><b>Details:</b><ul> <li>""Solids and prints made of smooth, stretchy nylon; stripes made of soft, stretchy polyester, both wick moisture""</li> <li>""Comfy, extra-wide waistband lies flat, won't roll or bind, breathable mini-rib crotch, soft, single-sided binding at leg openings won't chafe or creep""</li></ul><br><br><b>Fabric: </b>Solids and prints: 4.6-oz 96% nylon/4% spandex. Stripes: 5.6-oz 93% polyester (58% recycled)/7% spandex. All with moisture-wicking performance<br><br><b>Weight: </b>42 g (1.5 oz)<br><br>Made in Israel.",-1,1,0.22262269796306042,-0.019732244391998787,0.08019854840869224,0.06208689661806812,-0.002003273269686064,0.1687339978819012,0.1445807340878285,-0.07356356332123973,-0.08461557932499707,-0.030971795190877217
156,"Active mesh bra - Despite its inability to act as a belay slave, our Active Mesh Bra makes a perfect climbing partner. The body-conforming fabric provides fluid support and wicks moisture, while the seamless construction eliminates chafing. Comfortable nonslip straps won't dig into skin; they contour to a flattering V in back for unobstructed movement. The full-coverage design can go solo, or partner with layers. Made from 95% nylon mesh/5% spandex.<br><br><b>Details:</b><ul> <li>""Stretchy, body-conforming nylon/spandex blend is ultradurable, supportive and wicks moisture to keep skin dry""</li> <li>Seamless construction</li> <li>""Comfortable, nonslip straps meet V-style in back""</li></ul><br><br><b>Fabric: </b>8.1-oz 95% nylon mesh/5% spandex with moisture-wicking performance<br><br><b>Weight: </b>(72 g 2.5 oz)<br><br>Made in Israel.",0,7,0.1904910927876253,-0.07546293187661866,0.10242144150612313,0.05661725644844953,0.02577152033699776,0.16905113371609956,0.24383383524833074,0.06337418844217715,-0.03238638634252319,-0.03085324428599469
157,"All-out capris - Jam a pair of these highly compressible capris into your pack for hot-weather comfort in high places. Made from a moisture-wicking blend of 88% polyester/12%spandex, the 4-way stretch fabric has amazing give and rough-rock fortitude. The straight legs are cut with a slight flare at the cuff and feature two front drop-in pockets and a single stealth right thigh pocket. The harness-compatible, low-rise waist now secures with a drawcord and a zip fly with snap closure. Includes rear darts for shape and an improved custom fit. Inseam (size 8) is 22"".<br><br><b>Details:</b><ul> <li>""Features a blend of polyester and spandex for total mobility, a light drape, fast dry time and abrasion resistance; fabric is lightweight and cool""</li> <li>""Clean, low-profile waist with zip fly and snap closure""</li> <li>Straight leg with stash pocket on right thigh</li> <li>Front drop-in pockets</li> <li>Low rise</li> <li>""Inseam (size 8) is 22""""""</li></ul><br><br><b>Fabric: </b>""4.6-oz 88% polyester/12% spandex, with 4-way stretch""<br><br><b>Weight: </b>(210 g 7.3 oz)<br><br>Made in Vietnam.",1,1,0.3672333865230872,-0.16292214509180733,-0.07722968362536431,0.15746452418781176,0.007591736963545444,0.11224830345437253,0.03820467555752999,-0.10417462866298632,-0.05490483997525514,-0.05428192194497939
158,"All weather training top - Whether you're hitting your stride on Ojai's Pratt Trail or finding your chi in the yoga studio, sometimes a quick escape is all you need. This simplified and functional multisport training top stretches, breathes, and features wider straps for pack-wearing comfort and a full-coverage back for underlayer compatibility. The updated lighter fabric (88% polyester/12% spandex) is supple, durable and stretchy, the offset shoulder seams reduce chafe, and the asymmetrical side seams do the same under a waist belt or climbing harness. A revised, simple V-shaped neck helps keep you cool, while a reflective heat-transfer logo keeps you visible.<br><br><b>Details:</b><ul> <li>""Supple, durable, stretchy knit fabric that's highly breathable""</li> <li>Offset shoulder seams to reduce chafe</li> <li>Wide straps and v-neck front with full coverage back for compatibility with undergarments</li> <li>Asymmetrical side seams work well beneath harnesses and packs</li> <li>Reflective heat-transfer logo</li></ul><br><br><b>Fabric: </b>5.6-oz 88% polyester/12% spandex<br><br><b>Weight: </b>(103 g 3.6 oz)<br><br>Made in Vietnam.",-1,1,0.23740778603075596,-0.04284806120474229,0.06808843075285614,-0.0027304741082664957,-0.03685401952161725,0.08245600298089958,0.1091385457926048,0.02745078567069549,0.04820107770321752,0.00286838130649876
159,"Alpine guide pants - Skin in, climb ice, switch to rock, traverse a knife-edge ridge and boogie back down - these durable, weather-resistant and breathable soft-shell pants keep stride on every mountain endeavor. The midweight stretch-woven polyester won't restrict your moves, and the brushed interior maintains next-to-skin comfort. A 2-way zippered fly keeps things easy with a harness on, and the gusseted, zippered cuffs have 2-position snaps and tie-down loops. With water-resistant zippered pockets: two front, two thigh, one back hip. Recyclable through the Common Threads Recycling Program.<br><br><b>Details:</b><ul> <li>Durable stretch-woven polyester is water- and wind-resistant and highly breathable</li> <li>Brushed interior for next-to-skin comfort</li> <li>Waistband has elastic on back and belt loops; zippered fly</li> <li>""External pockets: two front slash, two glued-on thigh; all with DWR (durable water repellent) treated zippers""</li> <li>""Gusseted, adjustable cuffs have two positions and tie-down loops""</li></ul><br><br><b>Fabric: </b>7.6-oz 90-denier 92% polyester (47% recycled)/8% spandex with Deluge DWR finish. Recyclable through the Common Threads Recycling Program<br><br><b>Weight: </b>(577 g 20 oz)<br><br>Made in Vietnam.",1,1,0.39197696062733844,-0.2336527748433195,-0.11836258198063657,-0.12762009195697926,0.04772822758360383,-0.005603602496415085,-0.03132071711067223,-0.14611484099485317,-0.08239521439639119,-0.0659010681680046
160,"Aravis hoody - The Lochsa River season ushers in snowmelt wavetrains and ice cream headaches. Warm up at the take-out with the Aravis Hoody - a cozy full-zip hooded cardigan made from exceptionally soft, brushed polyester. It has a shaped fit, Capilene-trimmed edges and a fitted hood. Pockets: two zippered handwarmers, a left-sleeve security and interior drop-ins. Recyclable through the Common Threads Recycling Program.<br><br><b>Details:</b><ul> <li>Made from cozy soft polyester fleece</li> <li>Updated hood styling</li> <li>Full front zipper</li> <li>""Capilene 3 fabric trims hood, pockets, cuffs and hem""</li> <li>Hooded for added warmth</li> <li>Zippered handwarmer pockets; zippered sleeve security pocket; interior drop-in pockets</li></ul><br><br><b>Fabric: </b>5.9-oz 100% polyester brushed double-sided fleece. Recyclable through the Common Threads Recycling Program<br><br><b>Weight: </b>340 g (12 oz)<br><br>Made in Vietnam.",1,1,0.27434371444705424,-0.1320757452773002,-0.01979421361187543,-0.05912154953670491,-0.10492525989423292,-0.2598439022757862,0.004234253462784705,0.018189354584348782,-0.005226057514095689,0.02154819124785901
161,"Aravis jkt - The highly adaptable Aravis Jacket eases the transition from icy hibernation to full-fledged charging. The lightweight jacket's dense, double-sided polyester fleece fabric (100%) is brushed for softness; Capilene 3 fabric trims the neck, pockets, cuffs and hem lending a clean style. Full front zipper and stand-up collar preserve warmth. Zippered handwarmer pockets shield chilled paws; interior drop-in pockets and zippered sleeve security pocket stash keys and snacks. Recyclable through the Common Threads Recycling Program.<br><br><b>Details:</b><ul> <li>Made of cozy soft polyester fleece</li> <li>Full front zipper with stand up collar for warmth</li> <li>""Capilene 3 fabric trims neck, pockets, cuffs and hem""</li> <li>Zippered handwarmer pockets; zippered sleeve security pocket; interior drop-in pockets</li></ul><br><br><b>Fabric: </b>5.9-oz 100% polyester brushed double-sided fleece. Recyclable through the Common Threads Recycling Program<br><br><b>Weight: </b>(369 g 12.8 oz)<br><br>Made in Vietnam.",1,1,0.32633418688176313,-0.1441151182238014,-0.029903510492495268,-0.06606900431624935,-0.10991575162013857,-0.2842329783366196,-0.0018068198175502366,0.09142425031367125,0.010956995048586611,0.022266291786472416
162,"Astrid tank - Conjure up Cardiff's shouldery waves with the Astrid Tank. The unbelievably soft, strappy tank has a flattering scoop neck and is made from our lightest weight organic cotton (55%)/Tencel jersey (45%) fabric blend. Feminine neck gathers and a wide-banded hem at the hip lend a flattering, drapy fit. Recyclable through the Common Threads Recycling Program.<br><br><b>Details:</b><ul> <li>Our lightest weight organic cotton and Tencel blend</li> <li>Strappy tank with flattering scoop neck</li> <li>Gathers at neck for fit and drape</li> <li>Wide-banded hem</li> <li>Hip length</li></ul><br><br><b>Fabric: </b>4-oz 55% organic cotton/45% Tencel jersey. Recyclable through the Common Threads Recycling Program<br><br><b>Weight: </b>(115 g 4 oz)<br><br>Made in Thailand.",5,7,0.18224149238634801,0.12476192817865117,0.005213100584396364,0.26275260211474233,-0.0066890319347892606,-0.10677344157662653,0.28366737899636185,-0.06015892574716373,0.0872284555883627,0.07012134138007627
163,"Bandha dress - Boulder in this dress. Get married in it. Carry it in your pack through the  Pyren?es for unscheduled romantic opportunities. Light, sleeveless, sexy and fully mobile, the Bandha's V-neck drops into a knotted bodice with a high waist and an A-line drape. Made from fabric (92% nylon/8% spandex) originally developed for climbing tights, the dress has enough resiliency and shape retention to shake off wrinkles and dust. Below-knee length; 46"" from shoulder to hem (size M). Recyclable through the Common Threads Recycling Program.<br><br><b>Details:</b><ul> <li>Stretchy and soft synthetic jersey knit; excellent shape retention; wicks moisture; brushed interior</li> <li>V-neck with center-front twist; sleeveless</li> <li>A-line for mobility</li> <li>Hemline falls below the knee</li></ul><br><br><b>Fabric: </b>6-oz 92% nylon/8% spandex smooth-faced jersey knit with moisture-wicking performance. Recyclable through the Common Threads Recycling Program<br><br><b>Weight: </b>289 g (10.2 oz)<br><br>Made in Mexico.",1,7,0.20568540275104338,-0.03350760283474602,0.08361361881936018,0.10156411834230508,-0.003064371141384074,0.028916899824345737,0.28818069614492164,-0.043088380565716046,-0.05232073315637894,-0.037154006085806844
164,"Bandha top - This versatile top combines a striking French twist with soft, stretchy fabric. And it's sleeveless, for full arm mobility without sacrificing shoulder coverage. A flattering V-neck vents excess heat. Made from 92% nylon/8% spandex smooth-faced knit, with moisture-wicking performance. Recyclable through the Common Threads Recycling Program.<br><br><b>Details:</b><ul> <li>""Ultra-stretchy, soft fabric offers excellent shape retention, wicks moisture and dries fast""</li> <li>V-neck design with center-front twist is flattering</li> <li>Sleeveless for ultimate mobility without sacrificing shoulder coverage</li> <li>Hip length</li></ul><br><br><b>Fabric: </b>6-oz 92% nylon/8% spandex smooth-faced jersey knit with moisture-wicking performance. Recyclable through the Common Threads Recycling Program<br><br><b>Weight: </b>133 g (4.7 oz)<br><br>Made in Mexico.",1,7,0.22608825798700544,-0.023556896628276328,0.1436661374188469,0.0902636498110754,-0.02575364877861711,0.10334599208818625,0.29501177083179736,-0.04457962085207218,-0.034696344049903925,-0.03664454602921359
165,"Barely bikini - Better than going commando, our petal-soft Barely Bikini wicks moisture and breathes to keep you comfortable with a feminine lace-like texture and seamless construction for ultimate comfort. Low-rise with the least coverage of our bottoms, this bikini style minimizes panty lines and single-ply elastic binding is featherweight and won't chafe. Made from a blend of 94% polyester (73% recycled)/6% spandex. Pairs with our Barely Bra and Barely Everyday Bra. Recyclable through the Common Threads Recycling Program.<br><br><b>Details:</b><ul> <li>Petal-soft and featherweight recycled-polyester/spandex blend manages moisture and breathes to keep you cool</li> <li>Seamless construction</li> <li>Lace-like texture is integral to fabric</li> <li>Pairs with our Women's Barely Bra and Women's Barely Everyday Bra</li></ul><br><br><b>Fabric: </b>""4.6-oz 94% polyester (73% recycled)/6% spandex, with a moisture-wicking finish. Recyclable through the Common Threads Recycling Program""<br><br><b>Weight: </b>(17 g 0.6 oz)<br><br>Made in Israel.",-1,7,0.12989315180097843,-0.03901187248648699,0.06255273561915818,0.06482698384723172,0.004284703344538401,0.10829076267877213,0.24425184107463796,-0.027373043181612933,0.0017359682130240923,-0.007693316314662198
166,"Better sweater jkt - The Better Sweater Jacket has all the lightweight, moisture-wicking warmth of a high-performance fleece but travels incognito as a dignified sweater. The richly textured, cross-dyed fabric has a soft fleece interior and a heathered sweater-knit face. Toasty Capilene 3 fabric trims the wind flap, cuffs, hem and pockets. With a stand-up collar, zippered handwarmer pockets, interior drop-in pockets and a zippered left-sleeve pocket. Recyclable through the Common Threads Recycling Program.<br><br><b>Details:</b><ul> <li>""Very soft fleece fabric has sweater-knit face, fleeced interior and heathered overdye yarns with a knit-like texture""</li> <li>Wind-flapped front zipper has a zipper garage</li> <li>""Capilene 3 fabric trims windflap, pockets, cuffs and hem""</li> <li>Zippered handwarmer pockets; zippered sleeve security pocket; interior drop-in pockets</li></ul><br><br><b>Fabric: </b>9.5-oz 100% polyester with sweater-knit exterior and fleece interior. Recyclable through the Common Threads Recycling Program<br><br><b>Weight: </b>470 g (16.6 oz)<br><br>Made in Thailand.",1,1,0.26606284895131854,-0.12038165630024308,-0.011345089112013608,-0.05966492322527785,-0.06146335150168301,-0.2728286528313751,0.0507687275039309,0.052207586699297856,0.015285723804291631,0.020862264982156944
167,"Birdwalk t-shirt - Temporarily grounded, artist Chris Del Moro's Scandinavian-inspired birds elegantly stretch their legs across the Birdwalk T-Shirt. Made from 100% organic cotton, the shirt's Anika fit features a longer torso that's form-fitting, shorter sleeves and wide, deep neckline. Taped shoulder seams and ringspun fabric yarns are soft next-to-skin. The lightweight tee is recyclable through the Common Threads Recycling Program.<br><br><b>Details:</b><ul> <li>Ringspun yarns for a softer hand</li> <li>Taped shoulder seams</li> <li>Screen-print inks are PVC- and phthalate-free</li></ul><br><br><b>Fabric: </b>4.4-oz 100% organic cotton. Recyclable through the Common Threads Recycling Program<br><br><b>Weight: </b>(112 g 3.9 oz)<br><br>Made in USA.",5,2,0.3143249421951411,0.49512677395582655,-0.030412625835391907,-0.08762541187171273,-0.003271261035061427,0.052174845634052565,-0.05698904229540049,-0.0011810192643880726,0.011550328386323585,-0.03645207891583622
168,"Borderless capris - Unfazed by gloppy spindrift, Borderless Capris relish trails that more resemble creeks. The versatile Borderless Capris are made from a moisture-wicking blend of stretchy nylon/spandex fabric with built-in 40-UPF sun protection. Articulated knee patches, front and back, provide unrestricted movement. A master stasher, the capris have two front pockets, two back pockets and a zippered security pocket on the right thigh. Zip fly and double-snap closure at the waist. Drawcords at leg cuffs prevent slippage; inseam (size 8) is 23"". Recyclable through the Common Threads Recycling Program.<br><br><b>Details:</b><ul> <li>""Stretchy recycled nylon fabric combines wicking performance, mobility and good looks; zip fly with double-snap closure""</li> <li>Waistband with belt loops</li> <li>2 front patch pockets; 2 welted back pockets; zippered security patch pocket on right leg</li> <li>Articulated knee patches</li> <li>Drawcords at leg cuffs</li> <li>Regular rise</li> <li>""Inseam (size 8) is 23""""""</li></ul><br><br><b>Fabric: </b>4-oz 95% nylon (60% recycled)/5% spandex with DWR (durable water repellent) finish. Recyclable through the Common Threads Recycling Program<br><br><b>Weight: </b>(253 g 8.8 oz)<br><br>Made in Vietnam.",1,1,0.337654655686543,-0.18589211773071979,-0.16226401652838468,0.14997415561208768,-0.015780846627618392,0.19113723773272606,-0.09906256509025017,-0.07744702074318419,-0.05557080317993886,-0.06281657794765468
169,"Bouquet t-shirt - A garland of peacocks, deer and mandalas grace the feminine Bouquet T-Shirt, calling forth the child-like wonder of artist Mati McDonough's work. The tee's Anika fit features a longer torso that's form-fitting, shorter sleeves and wide, deep neckline. Printed with PVC- and phthalate-free inks on 100% organic cotton, the lightweight shirt has taped shoulder seams for added softness. Recyclable through the Common Threads Recycling Program.<br><br><b>Details:</b><ul> <li>Ringspun yarns for a softer hand</li> <li>Taped shoulder seams</li> <li>Screen-print inks are PVC- and phthalate-free</li></ul><br><br><b>Fabric: </b>4.4-oz 100% organic cotton. Recyclable through the Common Threads Recycling Program<br><br><b>Weight: </b>(112 g 3.9 oz)<br><br>Made in USA.",5,2,0.3160036158563046,0.5568626117574974,-0.030393582054314743,-0.1205026368286502,-0.007112190876029733,0.05962298799694785,-0.050092604218834484,0.002889879984553167,0.0006881265606378314,-0.04585864194009644
170,"Butterfly logo t-shirt - Like Monarchs, the Butterfly Logo T-Shirt is delicate in appearance, but built to endure migrations of epic proportions. Artist Nikki McClure's work floats across a canvas of 100% organic cotton that's ringspun for softness. The slightly-shaped tee has an athletic, classic boy fit and features a traditional crew neck. PVC- and phthalate-free inks are easier on the environment. Taped shoulder seams provide a no-chafe fit. Recyclable through the Common Threads Recycling Program.<br><br><b>Details:</b><ul> <li>Ringspun yarns for a softer hand</li> <li>Taped shoulder seams</li> <li>Screen-print inks are PVC- and phthalate-free</li></ul><br><br><b>Fabric: </b>4.4-oz 100% organic cotton. Recyclable through the Common Threads Recycling Program<br><br><b>Weight: </b>(112 g 3.9 oz)<br><br>Made in USA.",5,2,0.30593398905764757,0.5235237645656462,-0.02578857835944012,-0.125027310277741,0.0024637756251824415,0.05649994101563884,-0.03502914015959637,0.0071900449980101065,0.0005904514409408471,-0.05952796860450146
171,"Cap 1 bottoms - Made from our lightest-weight Capilene baselayer fabric, these soothing bottoms are soft and silky next to the skin. They wick perspiration, dry quickly, and breathe. A perfect layer under shell pants, they feature a scalloped-edge waistband that's brushed for softness, side seams that are rolled back to prevent chafe, and a gusseted crotch for better mobility. Made from 3.7-oz 100% all-recycled polyester, with Gladiodor natural odor control for the garment and 15-UPF sun protection. Recyclable through the Common Threads Recycling Program.<br><br><b>Details:</b><ul> <li>Silky soft Capilene 1 is the lightest of our technical baselayer fabrics</li> <li>""Fast-drying, highly breathable and sleek, it provides 15-UPF sun protection and can be worn either on its own or under layers in cooler temps""</li> <li>Scalloped edge elastic waistband is brushed for next-to-skin softness</li> <li>Side seams rolled back to prevent chafe</li> <li>Gusseted crotch for unimpeded mobility</li></ul><br><br><b>Fabric: </b>3.7-oz 100% recycled polyester with Gladiodor natural odor control for the garment and 15-UPF sun protection. Recyclable through the Common Threads Recycling Program<br><br><b>Weight: </b>(129 g 4.5 oz)<br><br>Made in USA.",0,3,0.31255698480440414,-0.10954253765678149,0.3728331483364824,0.006088322862922735,-0.3889436147228559,0.09927728515473846,-0.19955305548280547,-0.09306133032817003,-0.05305391457638076,-0.027457245100242937
172,"Cap 1 t-shirt - As good as a breeze to calm the sweltering tempest, this silky T-shirt is made from our lightest-weight Capilene performance baselayer fabric. Ultralight, highly breathable and quick to dry, it features a brushed, folded-over elastic collar and V neck that are soft against the skin, and raglan sleeves that won't chafe beneath pack straps. With a straight hem. Made from 3.7-oz 100% all-recycled polyester, with Gladiodor natural odor control for the garment and 15-UPF sun protection. Recyclable through the Common Threads Recycling Program.<br><br><b>Details:</b><ul> <li>Silky soft Capilene 1 is the lightest of our technical baselayer fabrics</li> <li>""Fast-drying, highly breathable and sleek, it provides 15-UPF sun protection and can be worn either on its own or under layers in cooler temps""</li> <li>V-neck vents excess heat</li> <li>""Brushed, fold-over elastic collar is soft against skin""</li> <li>Cut long enough to tuck in</li></ul><br><br><b>Fabric: </b>3.7-oz 100% recycled polyester with Gladiodor natural odor control for the garment and 15-UPF sun protection. Recyclable through the Common Threads Recycling Program<br><br><b>Weight: </b>(92 g 3.2 oz)<br><br>Made in USA.",0,3,0.34850931944646285,-0.05938286781202677,0.4113976541079348,-0.037971664837155826,-0.4332364606921321,0.05703735015253242,-0.14007630869540638,0.000975694621172758,0.1355276941739519,0.10359863854122314
173,"Cap 2 bottoms - Simul-climbing the final pitches to beat a descending storm requires a cool head and an all-out pace. Perfect for such days beneath layers, these bottoms are made from an open-knit 4-oz 100% polyester (54% recycled) that breathes, wicks perspiration, and dries in a flash. They feature a scalloped-edge elastic waistband that's brushed for softness, and side seams that are set forward to eliminate chafe. A gusseted crotch improves range of motion. With Gladiodor natural odor control for the garment. Recyclable through the Common Threads Recycling Program.<br><br><b>Details:</b><ul> <li>Fabric has an open knit that invites airflow and provides excellent wicking for endurance activities in warm to moderate temperatures</li> <li>""Fastest-drying of our Capilene fabrics, it insulates enough for use on chilly days and can be worn beneath other layers""</li> <li>Scalloped edge elastic waistband brushed for next-to-skin softness</li> <li>Side seams set forward for better fit and freedom from chafe</li> <li>Gusseted crotch for unimpeded mobility</li></ul><br><br><b>Fabric: </b>4-oz 100% polyester (54% recycled) with Gladiodor natural odor control for the garment. Recyclable through the Common Threads Recycling Program<br><br><b>Weight: </b>116 g (4.1 oz)<br><br>Made in USA.",0,3,0.2551427243366608,-0.08435306903917593,0.3780681098257721,-0.010581634607097663,-0.22633964145807786,-0.07188820968293576,-0.0752305977749266,-0.077310160162759,-0.29446180451753357,-0.193770318929582
174,"Cap 2 v-neck - The climber's choice: Capilene 2 fabric manages the moisture of intricate approaches and the chill from an exposed belay. Its open knit delivers maximum breathability, superior wicking and the fastest dry time of all our Capilene fabrics. Worn on its own, it keeps you dry and cool during high-exertion activities in warm conditions. Worn under a shell when a chill wind blows, it wicks perspiration and helps to insulate. The V-neck's self-fabric neckline is feminine and feels soft. Highly breathable flat-rib panels under the arms and on the sides eliminate chafing, and raglan sleeves increase range of motion and comfort beneath pack straps. Made of 4-oz 100% polyester (54% recycled) with Gladiodor natural odor control for the garment. Recyclable through the Common Threads Recycling Program.<br><br><b>Details:</b><ul> <li>Fabric has an open knit that invites airflow and provides excellent wicking for endurance activities in warm to moderate temperatures</li> <li>""Fastest-drying of our Capilene fabrics, it insulates enough for use on chilly days and can be worn beneath other layers""</li> <li>""V-neck helps ventilate, self-fabric neckline is soft next to skin""</li> <li>Raglan sleeves for increased range of motion and comfort under pack straps</li> <li>""Flat-rib panel-piecing under the arms and sides is exceptionally breathable, fast drying and eliminates armpit seam chafing""</li></ul><br><br><b>Fabric: </b>4-oz 100% polyester (54% recycled) with Gladiodor natural odor control for the garment. Recyclable through the Common Threads Recycling Program<br><br><b>Weight: </b>130 g (4.6 oz)<br><br>Made in Mexico.",0,3,0.2886040453142527,-0.07128316015366931,0.4256657645699588,-0.03009309740462679,-0.25696560872354596,-0.13951941853895228,-0.00012033656520528163,0.03425932485232397,-0.16605113932393162,-0.10399340990507537
175,"Cap 2 zip neck - The Bugaboos have long approaches that make you sweaty and blustery ridges that flash-freeze your core. This zip-neck is your first step to comfort, providing maximum breathability, superior wicking and the fastest dry time of all our Capilene fabrics. Worn on its own, it keeps you dry and cool during high-exertion activities in warm conditions. Worn under a shell when a chill wind blows, it wicks perspiration and helps to insulate. With a draft flap that backs the zipper, raglan sleeves and flat, offset seams to eliminate chafe. Flat-rib side panels are highly breathable. Made of 4-oz 100% polyester (54% recycled) with Gladiodor natural odor control for the garment. Recyclable through the Common Threads Recycling Program.<br><br><b>Details:</b><ul> <li>Fabric has an open knit that invites airflow and provides excellent wicking for endurance activities in warm to moderate temperatures</li> <li>""Fastest-drying of our Capilene fabrics, it insulates enough for use on chilly days and can be worn beneath other layers""</li> <li>Zip-neck for easy climate control is backed by draft flap and zipper garage</li> <li>Raglan sleeves and underarm panels merge out of the way of pack straps</li> <li>""Flat-rib panel-piecing under the arms and sides is exceptionally breathable, fast drying and eliminates armpit seam chafing""</li></ul><br><br><b>Fabric: </b>4-oz 100% polyester (54% recycled) with Gladiodor natural odor control for the garment. Recyclable through the Common Threads Recycling Program<br><br><b>Weight: </b>(144 g 5 oz)<br><br>Made in Mexico.",0,3,0.3092948069329396,-0.0942685247791844,0.40861235030643506,-0.0423374011346123,-0.273507309725361,-0.18516212127384135,-0.06487814267098305,0.023188388281982938,-0.19213180603383972,-0.11361289466267936
176,"Cap 4 bottoms - When your world consists of granite frozen into place, our Capilene 4 Bottoms keep you dry and warm with a cozy interior grid that traps heat, wicks perspiration, and breathes. A smooth, stretchy exterior glides easily beneath layers so you can concentrate on front-pointing or landing your tele. A brushed, scalloped-edge elastic waistband adds all-day softness. Made from 5.3-oz Polartec Power Dry 93% polyester (50% recycled)/7% spandex, with Gladiodor natural odor control for the garment. Recyclable through the Common Threads Recycling Program.<br><br><b>Details:</b><ul> <li>""Our warmest baselayer fabric, Capilene 4 offers stretch, great breathability and compressibility""</li> <li>""Interior grid wicks moisture, trims bulk and provides warmth""</li> <li>Smooth jersey face slides easily beneath layers</li> <li>""4-panel construction, pull-on tights""</li> <li>Scalloped-edge elastic waistband is brushed for next-to-skin softness</li></ul><br><br><b>Fabric: </b>""5.3-oz Polartec Power Dry 93% polyester (50% recycled)/7% spandex, with Gladiodor natural odor control for the garment. Recyclable through the Common Threads Recycling Program""<br><br><b>Weight: </b>(170 g 5.9 oz)<br><br>Made in Costa Rica.",0,3,0.2593500416828491,-0.11048936678966496,0.36423760699228125,-0.042686483632097615,-0.21487502580259016,-0.15726426035230603,0.05710738634653215,-0.06274130019289544,-0.27944276715264266,-0.16472817148018581
177,"Dala horse t-shirt - Originally fashioned from wood scraps by Swedish carvers on long winter nights, Dala horses exude a playful spirit and embody ingenuity and resourcefulness. The Dala Horse T-Shirt's original artwork by Mary Helt is printed on 100% organic cotton using PVC- and phthalate-free inks. The slightly-shaped tee has an athletic, classic boy fit and features a traditional crew neck. Taped shoulder seams are soft next-to-skin. Recyclable through the Common Threads Recycling Program.<br><br><b>Details:</b><ul> <li>Ringspun yarns for a softer hand</li> <li>Taped shoulder seams</li> <li>Screen-print inks are PVC- and phthalate-free</li></ul><br><br><b>Fabric: </b>4.4-oz 100% organic cotton. Recyclable through the Common Threads Recycling Program<br><br><b>Weight: </b>(112 g 3.9 oz)<br><br>Made in USA.",5,2,0.23299602009634257,0.42865435528979495,-0.021158278630488313,-0.10462138827456487,-0.00030825977128671713,0.04496268399560147,-0.011055977488248388,-0.01459851924305202,-0.008611629863973284,-0.03635840996396145
178,"Ditch the car-ride t-shirt - The fun is in the getting there - enjoy the ride with the Ditch the Car-Ride T-Shirt. Artist Nikki McClure's paper cutout artwork floats across the shirt's 100% organic cotton fabric. The slightly-shaped tee has an athletic, classic boy fit and features a traditional crew neck. PVC- and phthalate-free inks are easier on the environment. Taped shoulder seams won't chafe under a pack. Recyclable through the Common Threads Recycling Program.<br><br><b>Details:</b><ul> <li>Ringspun yarns for a softer hand</li> <li>Taped shoulder seams</li> <li>Screen-print inks are PVC- and phthalate-free</li></ul><br><br><b>Fabric: </b>4.4-oz 100% organic cotton. Recyclable through the Common Threads Recycling Program<br><br><b>Weight: </b>(112 g 3.9 oz)<br><br>Made in USA.",5,2,0.2638481170349658,0.48071296744418457,-0.025698568068073337,-0.13503107968697106,-0.004870516822027989,0.05799297591618577,-0.017290186708859873,0.004205891960305776,-0.013533609923586496,-0.03939596771209937
179,"Down sweater - There's much to see 14,000 feet up at the Chasm View bivy: a vertigo-inducing panorama of the Diamond and alpenglow over the Rockies. There's also chilly air in any season, and that's where our Down Sweater comes in. It delivers minimal weight, superb compressibility and high-loft warmth. The polyester shell does more than look sharp: It's tear-resistant, windproof, has a DWR (durable water repellent) finish, and is made from 100% recycled polyester. Details include top-quality European goose down, a quilted-through construction, two exterior zippered pockets, a stretch-mesh interior chest pocket that doubles as a zippered stuff sack and a carabiner clip-in loop. A drawcord hem helps trap heat.<br><br><b>Details:</b><ul> <li>""Shell fabric is superlight, windproof and water-resistant with high tear-strength""</li> <li>Quilted construction stabilizes premium 800-fill-power goose down</li> <li>""Pockets: zippered handwarmers and one interior, zippered stretch-mesh that doubles as a stuff sack; with carabiner clip-in loop""</li> <li>Nylon-bound elastic cuffs</li> <li>Drawcord hem</li></ul><br><br><b>Fabric: </b>Shell and lining: 1.4-oz 22-denier 100% all-recycled polyester ripstop with a Deluge DWR (durable water repellent) finish. Insulation: 800-fill-power premium European goose down<br><br><b>Weight: </b>320 g (11.3 oz)<br><br>Made in China.",1,1,0.2618949075368483,-0.17655022078259686,-0.12061578487166541,-0.15773871941025877,0.05692009781457966,-0.09781653575138301,0.03301660739926956,0.053482985435181374,-0.01587948445407409,-0.0270526741307215
180,"El cap jkt - Stuff the El Cap Jacket into your pack on your next Winds walkabout - its lightweight, layerable nature makes it a classic. The double-faced and brushed polyester fleece (78% recycled) wicks moisture and dries quickly. The feminine contouring includes on-seam handwarmer pockets. Recyclable through the Common Threads Recycling Program.<br><br><b>Details:</b><ul> <li>""Made of lightweight, packable and quick-to-dry recycled polyester""</li> <li>""Polyester satin taffeta trim at front zipper, pockets and shoulder seams adds feminine detail""</li> <li>Front on-seam handwarmer pockets</li> <li>""Side panels and seams provide a flattering, feminine fit""</li> <li>Drop tail</li> <li>Spandex binding clean-finishes inside neck seam</li></ul><br><br><b>Fabric: </b>5.7-oz 100% polyester (78% recycled) brushed double-faced fleece. Recyclable through the Common Threads Recycling Program<br><br><b>Weight: </b>286 g (10.1 oz)<br><br>Made in Colombia.",1,1,0.29521981704605904,-0.10206930751089864,0.01855178124097919,-0.042002656101481475,-0.062256216137176516,-0.16570598055534733,0.10562799793614526,0.0564467787265195,0.033902468353192064,0.024079841465965365
181,"Elsa top - When shade-seeking at Nine Palms starts to resemble a full-time job, head for plaza tacos and cold ones in the airy Elsa Top. The incredibly lightweight, 100% organic cotton blouse can be worn on or off the shoulder depending on the fiesta factor; the gathers around the neckline and sleeves add a feminine touch. Hip length with an elastic cinch at the hem. Recyclable through the Common Threads Recycling Program.<br><br><b>Details:</b><ul> <li>Light and airy organic cotton lawn</li> <li>Blousy top to be worn on or off the shoulder</li> <li>Gathers around neckline and sleeves for feminine appeal</li> <li>Hip length with elastic cinch at hem</li></ul><br><br><b>Fabric: </b>2.2-oz 100% organic cotton. Recyclable through the Common Threads Recycling Program<br><br><b>Weight: </b>(112 g 3.9 oz)<br><br>Made in Thailand.",-1,1,0.1799802911672852,0.12229171143902565,-0.006656392283380749,0.15544170138297686,-0.021347656848422023,-0.09502498572600791,0.10500493385914833,0.023185876519391947,0.04377344414358428,0.032161133199579736
182,"Elsa tunic - The Elsa Tunic flourishes in heat-prone latitudes where its cool nature is an asset. Made from our lightest organic cotton weave, the loose-fitting shirt promotes airflow in sticky conditions. Highly versatile, the mid-thigh top can be worn with leggings, jeans, shorts, or over swimwear. A scoop neck with yoke dart and shirring detail lend feminine style; pockets on side seams stash loose items. Recyclable through the Common Threads Recycling Program.<br><br><b>Details:</b><ul> <li>Light and airy organic cotton lawn</li> <li>Scoop neck with yoke dart and shirring detail</li> <li>Pockets on side seams</li> <li>""Mid-thigh tunic to can be layered with leggings, jeans or shorts""</li></ul><br><br><b>Fabric: </b>2.2-oz 100% organic cotton. Recyclable through the Common Threads Recycling Program<br><br><b>Weight: </b>(98 g 3.4 oz)<br><br>Made in Thailand.",-1,4,0.1733058335219076,0.08466848677901945,-0.034479856701649395,0.1816613546164637,-0.027577719073101775,-0.0881421336010523,0.02570498926712421,-0.003629303589666762,0.029143126809186622,0.024672062655765097
183,"Gravitee tank - The Gravitee's racerback and full shelf bra offer all the support and unrestricted movement of a traditional tank but in a bold and relaxed silhouette. The banded hem sits snugly on the hips, providing comfort under a harness and modesty during inverted poses. The Gravitee's light, breathable 54% organic cotton/41% Tencel/5% spandex blend and non-compression styling work together to keep the air circulating. Recyclable through the Common Threads Recycling Program.<br><br><b>Details:</b><ul> <li>""A blend of organic cotton and Tencel, with a touch of spandex for stretch and performance""</li> <li>A racerback tank with feminine twist at center front</li> <li>Full shelf bra for active support</li> <li>Wide hem band sits snugly on hips</li></ul><br><br><b>Fabric: </b>6.1-oz 54% organic cotton/41% Tencel/5% spandex jersey.  Recyclable through the Common Threads Recycling Program<br><br><b>Weight: </b>(213 g 7.4 oz)<br><br>Made in Thailand.",5,7,0.18000211088608442,0.06663458224134652,-0.00011544860083653902,0.22472217564248056,0.018084599629974715,-0.027397461546607372,0.29211880949935026,-0.04394694365684762,0.04732705058027105,0.03640496304120083
184,"Guide jkt - Sharp granite, sticky verglas, untracked lines - enjoy them all in this all-around workhorse soft shell. Extremely durable, stretchy and breathable, the 4-way-stretch polyester double weave allows for an excellent fit while resisting wind, water and snow. A chamois lining on the collar, chin guard and wind flap complements the soft, brushed interior for next-to-skin comfort. The regular-coil center-front zipper with DWR (durable water repellent) finish, three external pockets, articulated arms, a drawcord hem and self-fabric cuff tabs round out the details. Recyclable through the Common Threads Recycling Program.<br><br><b>Details:</b><ul> <li>""Burly, 4-way-stretch double-weave polyester is water- and wind-resistant and highly breathable""</li> <li>Brushed interior for next-to-skin comfort with DWR (durable water repellent finish)</li> <li>""Chamois-lined collar, chin guard, and wind flap""</li> <li>""External pockets: two handwarmers with zipper garages, one lower left arm - all pocket zippers have a DWR finish""</li> <li>Articulated arms</li> <li>""Low-profile, laminated, self-fabric cuff tabs""</li> <li>Drawcord hem</li></ul><br><br><b>Fabric: </b>7.6-oz 70-denier 92% polyester (47% recycled) double weave with 4-waystretch/8% spandex with Deluge DWR finish. Recyclable through the Common Threads Recycling Program<br><br><b>Weight: </b>578 g (20.4 oz)<br><br>Made in Vietnam.",1,1,0.39194028432039374,-0.23604757357934972,-0.12852909547834532,-0.2153752887539728,0.05443725150860566,-0.13420919652752453,0.022389864840981,-0.12135749479813607,0.017181148728432034,0.004336466116008563
185,"Hills t-shirt - Head for the hills wearing the simply-designed Hills T-Shirt. Artist Mary Helt's modern graphic is printed with PVC- and phthalate-free inks on a canvas of 100% organic cotton. The lightweight shirt's Anika fit features a longer torso that's form-fitting, shorter sleeves and wide, deep neckline. Ringspun fabric yarns and taped shoulder seams add softness. Recyclable through the Common Threads Recycling Program.<br><br><b>Details:</b><ul> <li>Ringspun yarns for a softer hand</li> <li>Taped shoulder seams</li> <li>Screen-print inks are PVC- and phthalate-free</li></ul><br><br><b>Fabric: </b>4.4-oz 100% organic cotton. Recyclable through the Common Threads Recycling Program<br><br><b>Weight: </b>(112 g 3.9 oz)<br><br>Made in USA.",5,2,0.34096722045302064,0.592564526600582,-0.031062178186894225,-0.11994817280596926,-0.013152133518197287,0.06059202544195758,-0.08162492344828377,0.0026855804779185974,-0.001277643784752473,-0.05185176045372063
186,"Inga shorts - Long rides continue after the session's over with the Inga Shorts. An extended 11"" inseam and pinstripe organic cotton canvas offer a graceful alternative to denim. The slim-fitting shorts have a low rise and shaped waistband, plus five-pocket jean styling and topstitching for a durable finish. With a zip fly and button closure. Recyclable through the Common Threads Recycling Program.<br><br><b>Details:</b><ul> <li>""Soft, sturdy organic cotton canvas""</li> <li>Shaped waistband with belt loops; zip fly with logo shank button closure</li> <li>Five-pocket-jean styling and topstitching</li> <li>Low rise</li> <li>""Inseam is 11""""""</li></ul><br><br><b>Fabric: </b>8.7-oz 100% organic cotton canvas. Recyclable through the Common Threads Recycling Program<br><br><b>Weight: </b>(305 g 10.6 oz)<br><br>Made in Thailand.",1,4,0.26440522364917196,0.07151483559395104,-0.1605553980628554,0.36673976283213067,0.018760544760002613,-0.09460442135156762,-0.13635698506874386,0.009097088402768957,-0.06331007783764926,-0.026322840301443006
187,"Inter-continental capris - Inter-Continental Capris recover quickly from night flights and sudden downpours because, unlike the rest of us, they are made from a stretch-woven blend of 52% nylon/48% polyester and have a DWR (durable water repellent) finish. The capris feature a seamless waistband and a zip fly with button closure. With two front slant pockets and two zippered welted security pockets - one on the right side and one in back. Regular rise; inseam (size 8) is 24"". Recyclable through the Common Threads Recycling Program.<br><br><b>Details:</b><ul> <li>Mechanical stretch-woven fabric with DWR (durable water repellent) finish</li> <li>""1"""" waistband (with belt loops); zip fly with button closure""</li> <li>Two front pockets; zippered welted back and side pockets</li> <li>Forward-angled side seams</li> <li>Regular rise</li> <li>""Inseam is 24""""""</li></ul><br><br><b>Fabric: </b>4.5-oz 52% nylon/48% polyester with DWR finish. Recyclable through the Common Threads Recycling Program<br><br><b>Weight: </b>(253 g 8.8 oz)<br><br>Made in Vietnam.",1,1,0.324912021253903,-0.18771890702480548,-0.20775288881111345,0.08215233985212966,0.05879122866524992,0.13391852360198034,-0.1525142247888549,-0.02032956317720394,-0.11082264184082896,-0.11169936123927861
188,"Inter-continental pants - long - You'll like the flattering drape of these lightweight pants made from a stretch-woven blend of 52% nylon/48% polyester. The fabric recovers quickly from prolonged sittings and has a DWR (durable water repellent) finish that sheds water. For extra versatility, the legs roll up to a capri length and fasten with snap closures. With two front slant pockets and one back security pocket. Regular rise; inseam (size 8) is 31"". Recyclable through the Common Threads Recycyling Program.<br><br><b>Details:</b><ul> <li>""Mechanical stretch-woven fabric with DWR (durable water repellent) finish; 1"""" waistband (with belt loops)""</li> <li>Zip fly with button closure</li> <li>Quarter-top front pockets; zippered welted back pockets</li> <li>Forward-angled side seams</li> <li>Legs fasten with self-fabric tab and snap for capri length</li> <li>Regular rise</li> <li>""Inseam is 33""""""</li></ul><br><br><b>Fabric: </b>4.5-oz 52% nylon/48% polyester with DWR finish. Recyclable through the Common Threads Recycling Program<br><br><b>Weight: </b>283 g (10 oz)<br><br>Made in Vietnam.",1,1,0.3505656137954149,-0.1967259386943177,-0.21490815649559192,0.0932026876181852,0.06368938669602439,0.14924494863827334,-0.13937932529311037,-0.05383692525296772,-0.0834210195183574,-0.09177683413395299
189,"Island hemp pants - A solid choice for evening horseshoes, the Island Hemp Pants have a linen-like drape that's confident, never clingy. Made from a blend of hemp and organic cotton (55%/45%) plain weave, the pants have a regular rise with a wide leg silhouette. Comes with a zip fly and double-button front closure; the waistband has belt loops and a drawcord for added adjustability. Roomy, drop-in front patch pockets provide storage. Back patch pockets with button closures lend style. Inseam (size 8) is 32"". Recyclable through the Common Threads Recycling Program.<br><br><b>Details:</b><ul> <li>Hemp is soft with a linen-like drape</li> <li>Zip fly with double-button closure</li> <li>Waistband with belt loops; drawcord for added adjustability</li> <li>Drop-in front patch pockets; back patch pockets with button closure</li> <li>Regular rise</li> <li>""Inseam (size 8) is 32""""""</li></ul><br><br><b>Fabric: </b>4-oz 55% hemp/45% organic cotton plain weave. Recyclable through the Common Threads Recycling Program<br><br><b>Weight: </b>(288 g 10 oz)<br><br>Made in China.",1,1,0.23479741551968047,-0.016954429609826807,-0.14309456443321458,0.23013154040890785,0.015000540351361754,-0.014626364326728855,-0.045435328212600205,-0.022503594165920918,-0.054560944850391375,-0.04148046830845304
190,"Island hemp skirt - The Island Hemp Skirt brings freestyle comfort to any creekside rock-skipping session. The skirt's summer-weight hemp/organic cotton (55%/45%) fabric blend has a soft, linen-like drape. Cut on the bias, it has a zip fly with double-button closure and a shaped waistband with adjustable drawcord. Two back patch pockets with button closures hold skipping rocks. Falls below the knee with a waist-to-hem length of 30"". Recyclable through the Common Threads Recycling Program.<br><br><b>Details:</b><ul> <li>Hemp is soft with a linen-like drape</li> <li>Zip fly with double button closure</li> <li>Shaped waistband; drawcord for added adjustability</li> <li>Bias-cut for drape</li> <li>2 back patch pockets with button closure</li> <li>Falls below the knee</li> <li>""Waist-to-hem length 30""""""</li></ul><br><br><b>Fabric: </b>4-oz 55% hemp/45% organic cotton plain weave. Recyclable through the Common Threads Recycling Program<br><br><b>Weight: </b>(204 g 7.1 oz)<br><br>Made in China.",1,4,0.2007037651399704,0.008764591543850122,-0.10685336004740108,0.21803012412758752,0.016274169282443,-0.051400959505933166,0.07409272354641504,-0.029224500420192583,-0.032255463841463786,-0.016027754304612056
191,"Island hemp top - The breezy Island Hemp Top takes you from soaring Sierra midday temps to cool twilight without crumpling. The tank's linen-like hand and bias cut increase air flow and create a flattering drape. Made from a summer-weight blend of hemp and organic cotton (55%/45%), the hip-length top has a coconut button closure down the center-back and a front yoke seam for shaping. Recyclable through the Common Threads Program.<br><br><b>Details:</b><ul> <li>Summer-weight blend of hemp and organic cotton with a linen-like feel</li> <li>Strappy top with coconut button closure down center-back</li> <li>Flattering yoke seam for shaping</li> <li>""Delicate print, with solid contrast straps""</li> <li>Hip length</li></ul><br><br><b>Fabric: </b>4-oz 55% hemp/45% organic cotton plain weave. Recyclable through the Common Threads Recycling Program<br><br><b>Weight: </b>(118 g 4.1 oz)<br><br>Made in China.",1,4,0.16023833877218138,0.09611175026285815,-0.043524133426163035,0.20410530062407262,0.0045167196812445935,-0.06308528793407758,0.1500250996126583,-0.001816972742855629,0.033791373588056575,0.04148878180021324
192,"Lithia dress - Celebrate the Summer Solstice with a dress that makes the most of longer days. The summer-weight Lithia Dress is made from a blend of organic cotton (55%) and Tencel (45%) that's soft, fluttery and flowing. With a bodice that gathers at the neck, the dress has a full, built-in shelf bra for ease and comfort. An elasticized waist, separate tie belt and an A-line drape add femininity. Front and back handkerchief hemline falls below the knee. Recyclable through the Common Threads Recycling Program.<br><br><b>Details:</b><ul> <li>Soft-handed jersey knit with smooth drape</li> <li>Bodice gathers at neck front and back</li> <li>Elasticized waist with separate tie belt</li> <li>Beautiful A-line drape</li> <li>""Handkerchief hemline comes a to point, in both the front and back, below the knee""</li></ul><br><br><b>Fabric: </b>4.8-oz 55% organic cotton/45% Tencel. Recyclable through the Common Threads Recycling Program<br><br><b>Weight: </b>(401 g 13.9 oz)<br><br>Made in Thailand.",1,7,0.18280907265448648,0.05662652076954361,-0.01755744669301674,0.20273573955795282,0.018637539036000274,-0.041985679753507456,0.24579493324458604,-0.0696537035942499,-0.00363545964051715,0.007127872391684206
193,"Lithia pants - Pull out the Lithia Pants after you've gotten your daily wave fix - the soft-handed fabric and smooth drape gently transition you back to the ""terrestrial world."" Made from a summery, lightweight organic cotton/Tencel (55%/45%) blend, the pants have a shirred waist with a wide cinched waistband that's adjustable with side ties on the right side. The relaxed leg and low rise offer a flattering fit; inseam (size M) is 32"". Recyclable through the Common Threads Recycling Program.<br><br><b>Details:</b><ul> <li>Soft-handed jersey knit with smooth drape</li> <li>""Flattering, wide, cinched waistband; adjustable on right side with ties""</li> <li>Relaxed leg</li> <li>Low rise</li> <li>""Inseam (size M) is 32""""""</li></ul><br><br><b>Fabric: </b>4.8-oz 55% organic cotton/45% Tencel. Recyclable through the Common Threads Recycling Program<br><br><b>Weight: </b>(239 g 8.3 oz)<br><br>Made in Thailand.",1,4,0.2184535158281206,0.04028274909399,-0.05136424375711495,0.2503091863396907,0.018392140958897903,0.007303564826165595,0.11850495192783353,-0.09767970858988524,-0.0651923306143375,-0.031043811752634643
194,"Lithia skirt - After packing the quiver, who has room for clothes? The versatile Lithia Skirt solves the space dilemma by functioning as both a skirt and a top. The multitasker's lightweight organic cotton (55%)/Tencel (45%) fabric is supersoft and scrunchable. As an A-line skirt, the doubled, shirred waistband cinches down with side ties on one side and falls just above the knee. As a top, the adjustable waistband becomes a bandeau-style bodice that ties behind the neck. Waist-to-hem length is 17"". Recyclable through the Common Threads Recycling Program.<br><br><b>Details:</b><ul> <li>Soft-handed jersey knit with smooth drape</li> <li>""Snug, wide, cinched waistband; adjustable on right side with ties""</li> <li>""A-line shape skirt, above the knee length""</li> <li>""17"""" length, waist to hem, when cinched""</li> <li>Skirt's doubled waistband becomes bandeau style bodice for top and ties behind the neck</li></ul><br><br><b>Fabric: </b>4.8-oz 55% organic cotton/45% Tencel. Recyclable through the Common Threads Recycling Program<br><br><b>Weight: </b>(152 g 5.3 oz)<br><br>Made in Thailand.",1,7,0.17792336835244973,0.029253907880695502,-0.030116761702308207,0.18823816168143492,0.011174107613005654,-0.01445554654900956,0.20257228625673798,-0.06804722323256773,-0.04902751797864619,-0.016941709130608086
195,"L/s rashguard - The 30-UPF fabric of our Long-Sleeved Rashguard keeps the sun from sizzling your skin. With a slim neckline, wide underarm panels and ergonomically placed seams. Made from a durable blend of 5.8-oz 84% all-recycled polyester/16% spandex.<br><br><b>Details:</b><ul> <li>Stretchy all-recycled polyester/spandex fabric offers protection against chafing and sun</li> <li>30-UPF sun protection</li> <li>Mock neck and set-in long sleeves with seamless underarm gussets and flat-seam construction</li></ul><br><br><b>Fabric: </b>5.8-oz 84% all-recycled polyester/16% spandex<br><br><b>Weight: </b>(164 g 5.7 oz)<br><br>Made in USA.",7,9,0.2522566774655454,-0.0658893980678694,0.1584815864487074,0.08600066098334742,-0.25485116597063084,0.2622745940058835,-0.015458285861794315,-0.007781638168597285,0.2839559104176648,0.19212469775061966
196,"L/s runshade top - Long days and scorching rays can't stop the cool, comfortable-wearing Runshade Top. Its moisture-wicking 100% polyester jersey is now more durable, provides 30-UPF sun protection, and dries quickly. A deep center-front zip (now with an invisible zipper) vents body heat, and the revised overall design retains feminine shaping without bulk. An updated, streamlined mini-stand-up collar has less bulk and still protects your neck from the sun, and raglan sleeves with side panels keep seams clear of pack straps. The stash pocket is now centered on the lower back and closes with an invisible zip. A reflective heat-transfer logo keeps you visible. Recyclable through the Common Threads Recycling Program.<br><br><b>Details:</b><ul> <li>""Moisture-wicking, Runshade fabric throughout is super soft and provides 30-UPF sun protection""</li> <li>Minimalist collar stand offers neck protection from the sun without adding bulk</li> <li>Deep center-front invisible zipper is clean-finished for next-to-skin comfort</li> <li>Raglan sleeves and side panels keep seams out of the way of pack straps</li> <li>Center-back zippered pocket</li> <li>Reflective heat-transfer logo</li></ul><br><br><b>Fabric: </b>4.3-oz 100% polyester jersey. Recyclable through the Common Threads Recycling Program<br><br><b>Weight: </b>(170 g 5.9 oz)<br><br>Made in Vietnam.",0,1,0.31634868480327283,-0.11604545119037828,0.12737482012046702,-0.028188211097254664,-0.19901187559172986,0.06864684214733392,-0.003026894374152172,0.080029600546566,0.29924894149984566,0.19656768187754717
197,"M10 jkt - Made for those who thrive on thin and technical climbs in full alpine conditions, the new M10 is a study in minimalism - and our lightest 3-layer hard shell. The soft, pliable waterproof/breathable nylon ripstop fabric yields superb durability for its weight and protects against monsoon-season precip and summit ridge gusts. Details include watertight zippers, a microfleece-lined neck and chin, an exterior zippered left-chest pocket, zippered handwarmer pockets that serve double-duty by extending into pit zips, and cuffs that adjust with hook-and-loop closures. A single pull adjusts the 3-way helmet-compatible hood (with laminated visor) - it's the little things that make life a joy when dealing with wooden fingers, a gloved hand and torrential spindrift. Slim fit for technical use over light-to-medium layers.<br><br><b>Details:</b><ul> <li>3-layer fabric with waterproof/breathable H2No barrier and Deluge DWR (durable water repellent) finish; laminated visor</li> <li>""Minimalist, single-pull 3-way-adjustable, helmet compatible hood; microfleece-lined neck and chin for comfort and enhanced protection of barrier""</li> <li>Watertight zippers for wet-weather performance</li> <li>Zippers on handwarmer pockets extend to pit zips for ventilation</li> <li>""Exterior, zippered left-chest pocket""</li> <li>Self-fabric hook-and-loop cuff closures</li> <li>Drawcord hem</li></ul><br><br><b>Fabric: </b>""3-layer, 2.2-oz 15-denier 100% nylon ripstop with a waterproof/breathable H2No barrier and a Deluge DWR finish""<br><br><b>Weight: </b>292 g (10.3 oz)<br><br>Made in Vietnam.",1,1,0.3352451926902047,-0.20156559643480568,-0.1502626659574466,-0.2224436699839172,0.053366150236263975,-0.1745014754787194,-0.016882387512425552,-0.2515989852651034,0.051978505759144644,0.09035207501715556
198,"Mandeville hoody - A going-places hoody. The Mandeville's soft, waffle knit is a supple blend of 40% organic cotton, 35% Tencel and 20% all-recycled polyester with 5% spandex for stretch. The rib-knit trimmed hood (with drawcord) opens to a full zip; the extra-wide rib-knit cuffs have thumb loops for attitude; the hem, also in a rib knit, hits at the lower hip. With handwarmer pockets. Recyclable through the Common Threads Recycling Program.<br><br><b>Details:</b><ul> <li>Supersoft organic cotton/Tencel blend waffle-knit hoody with cotton twill drawcord in hood</li> <li>Rib knit trim on hood and hem</li> <li>Thumb loop in cuffs for warmth; front pockets</li> <li>Lower hip length</li></ul><br><br><b>Fabric: </b>6.3-oz 40% organic cotton/35% Tencel/20% all-recycled polyester/5% spandex. Recyclable through the Common Threads Recycling Program<br><br><b>Weight: </b>(323 g 11.2 oz)<br><br>Made in Thailand.",1,1,0.2606046145551197,0.03390963449713551,0.0034350661047518037,0.17858748338949004,-0.026496410506140163,-0.1549194078697724,0.17160802740001743,-0.08305632091703063,0.03848580570829294,0.03583006953826073
199,"Margot dress - Dig the Margot out of your board bag, throw it on and head out for live salsa;  this super comfy dress is impervious to wrinkles or frump. Soft one-inch straps stay put and merge with a feminine, crossover V-front that supports. A flattering midriff is gathered for comfort; the slight A-line hem drapes to just above the knee. Made from our ultrasoft organic cotton (95%) with a touch of stretch (5% spandex). Recyclable through the Common Threads Recycling Program.<br><br><b>Details:</b><ul> <li>Organic stretch cotton</li> <li>Bra-friendly straps</li> <li>Deep V-front with crossover detail</li> <li>Shirred under-bust band lends support and style</li> <li>A-line hem falls above the knee</li></ul><br><br><b>Fabric: </b>6.2-oz 95% organic cotton/5% spandex. Recyclable through the Common Threads Recycling Program<br><br><b>Weight: </b>(230 g 8 oz)<br><br>Made in Turkey.",1,7,0.20315577727256817,0.08387349961184806,-0.01684249969857381,0.19774510640877038,0.021815463963092516,-0.03502735182594439,0.26804973511976654,0.004864997200248643,0.009871645255441699,0.003136232937594197
200,"Merino 1 graphic t-shirt - Feels as good as a laugh. Our lightest merino layer, this silky-soft yet highly durable jersey-knit is made with 63% merino wool spun around a an all-recycled polyester (37%) core. Super-comfortable on its own in warm temperatures or beneath layers in cooler ones, it offers great technical performance: naturally resisting odor, moving moisture away from the skin and improving dry times, regulating body temperature, and maintaining a consistent stretch. The neck - with a smooth, self-fabric binding - invites ventilation but still covers a bra. We slow-wash our merino for next-to-skin softness. Machine-wash cold; lay flat to dry. Recyclable through the Common Threads Recycling Program.<br><br><b>Details:</b><ul> <li>""Slow-washed merino wool resists odor naturally, insulates even when wet, is durable, stretches and provides superior performance and softness; 16.5 micron-gauge yarn and jersey-knit construction for luxurious hand""</li> <li>""All-recycled polyester core wicks moisture, while wool next to skin controls odor""</li> <li>Softly scooped neckline ventilates while still covering bra</li> <li>Self-fabric neck binding for comfort</li> <li>Soft graphic print doesn't impede performance</li> <li>Straight hem</li> <li>""Machine-wash cold, lay flat to dry""</li></ul><br><br><b>Fabric: </b>3.2-oz (108-g) 63% 16.5 micron chlorine-free merino wool/37% all-recycled polyester. Recyclable through the Common Threads Recycling Program<br><br><b>Weight: </b>73 g (2.6 oz)<br><br>Made in USA.",8,3,0.32173255482284524,-0.015721994608753113,0.620474098147319,0.03731567257960372,0.5361362124165294,-0.0030888040874651438,-0.11024907946441323,-0.015651760253399986,0.08641088656554546,0.06516813373085432
201,"Merino 1 tank - Finespun and cool enough to lower the temperature of open trail runs, heated crags and the Laiki street market, this silky-soft yet highly durable jersey-knit tank is made with 63% merino wool spun around an all-recycled polyester (37%) core. Super-comfortable on its own in warm temperatures or beneath layers in cooler ones, it offers great technical performance: naturally resisting odor, moving moisture away from the skin and improving dry times, regulating body temperature, and maintaining a consistent stretch. The neck - with a smooth, self-fabric binding -invites ventilation but still covers a bra. We slow-wash our merino for next-to-skin softness. Machine-wash cold; lay flat to dry. Recyclable through the Common Threads Recycling Program.<br><br><b>Details:</b><ul> <li>""Slow-washed merino wool resists odor naturally, insulates even when wet, is durable, stretches and provides superior performance and softness""</li> <li>16.5 micron-gauge yarn and jersey-knit construction for luxurious hand</li> <li>""All-recycled polyester core wicks moisture, while wool next to skin controls odor""</li> <li>Softly scooped neckline ventilates while still covering bra</li> <li>Self-fabric neck and armhole binding for comfort</li> <li>Straight hem</li> <li>""Machine-wash cold, lay flat to dry""</li></ul><br><br><b>Fabric: </b>3.2-oz (108-g) 63% 16.5 micron chlorine-free merino wool/37% all-recycled polyester. Recyclable through the Common Threads Recycling Program<br><br><b>Weight: </b>(60 g 2.1 oz)<br><br>Made in USA.",8,3,0.30076236316218424,-0.03652686304142917,0.5982185038314408,0.05376095246740532,0.5221971787243536,-0.017890605800507206,-0.08540049370210936,-0.005997735961257455,0.07552768914643077,0.052839547174929974
202,"Merino 2 crew - Be moved by the people and culture of a new place - but not in sticky, itchy clothes. Made from our most versatile merino layer for an active lifestyle in warm to cool weather, this lightweight crew features 73% merino wool spun around an all-recycled polyester (27%) core for a luxurious hand, an improved dry time and enduring strength. Inherently soft and comfortable, merino naturally resists odor, moves moisture away from the skin, regulates body temperature, and stretches. The wide cuff bands hold sleeves in place; side seams roll backward for a smooth fit; and arm seams are positioned to not interfere with pack straps. We slow-wash our merino for next-to-skin softness. Machine-wash cold; lay flat to dry. Recyclable through the Common Threads Recycling Program.<br><br><b>Details:</b><ul> <li>""Slow-washed merino wool resists odor naturally, insulates even when wet, is durable and stretches, provides superior performance and softness""</li> <li>18.5 micron-gauge yarn and jersey-knit construction for luxurious hand</li> <li>""All-recycled polyester core wicks moisture, while wool next to skin controls odor""</li> <li>Sleeve seams merge fluidly with collar out of the way of pack straps</li> <li>Wide cuff bands help keep sleeves in place when pulled up</li> <li>Side seams roll to the back to eliminate irritation</li> <li>""Machine-wash cold, lay flat to dry""</li></ul><br><br><b>Fabric: </b>4.85-oz (165-g) 73% chlorine-free merino wool/27% all-recycled polyester. Recyclable through the Common Threads Recycling Program<br><br><b>Weight: </b>(150 g 5.2 oz)<br><br>Made in USA.",8,3,0.30556664173468506,-0.043741690907905605,0.5782821681772101,0.01498200481556678,0.5396334407005503,-0.023261442654047768,-0.13588899883582903,0.043370691135397405,0.08553374212582876,0.054915685458163006
203,"Merino 2 dress - Stuff this flowing dress into your backpack for the red-eye to LaGuardia, then shake it out for your meeting with the photo editor. Inherently soft and comfortable, our merino naturally resists odor, moves moisture away from the skin, regulates body temperature, and stretches. Merino 2 is made from 73% merino wool wrapped around an all-recycled polyester (27%) core for a luxurious hand and enduring strength. Dress features include a sleeveless A-line silhouette with wide shoulder straps for coverage, a center-front and center-back gathering detail for a flattering shape, and a hemline that hits just above the knee. We slow-wash our merino for next-to-skin softness. Machine-wash cold; lay flat to dry. Recyclable through the Common Threads Recycling Program.<br><br><b>Details:</b><ul> <li>""Slow-washed merino wool resists odor naturally, insulates even when wet, is durable and stretches, provides superior performance and softness""</li> <li>18.5 micron-gauge yarn and jersey-knit construction for luxurious hand</li> <li>""All-recycled polyester core wicks moisture, while wool next to skin controls odor""</li> <li>A-line silhouette is sleeveless with wide straps for coverage</li> <li>Gathers at center front and center back for fullness and flattering shape</li> <li>""High point shoulder-to-hem (size M) 35""""; hits just above knee""</li> <li>""Machine-wash cold, lay flat to dry""</li></ul><br><br><b>Fabric: </b>4.85-oz (165-g) 73% chlorine-free merino wool/27% all-recycled polyester. Recyclable through the Common Threads Recycling Program<br><br><b>Weight: </b>(98 g 3.4 oz)<br><br>Made in USA.",8,5,0.2760809810079909,-0.014266384404270815,0.4866958129034398,0.055906342881670075,0.5430252944447116,0.02486469624142644,-0.03955929305889066,0.032769701794852814,0.055486374888939496,0.07163468098734425
204,"Micro puff vest - Too many alpine shiver-fests can leave you mumbling incoherently and sporting a thousand-yard stare, but this high-loft vest offers cold-weather sanity through ultralight, compressible core warmth. The durable, high-quality synthetic insulation traps heat (even when wet), and the double-ripstop polyester shell blocks wind and resists snow. Made with all-recycled polyester content throughout. With quilted side panels, two invisible-zip handwarmer pockets and an interior zippered chest pocket that doubles as a stuff sack (with a carabiner clip-in loop).<br><br><b>Details:</b><ul> <li>""Ultralight, windproof shell and liner made from 100% all-recycled polyester with a Deluge DWR (durable water repellent) finish""</li> <li>Insulated with superwarm and ultracompressible 100-gram PrimaLoft One</li> <li>Outstanding wet-weather performance and dry times</li> <li>""Pockets: zippered handwarmers and one interior, zippered self-storage pocket""</li> <li>""Full-length front zipper with Deluge DWR finish, backed with a low-bulk wind flap""</li> <li>Drawcord hem</li></ul><br><br><b>Fabric: </b>Shell: 1.5-oz 32-denier 100% all-recycled polyester. Lining: 1.4-oz 22-denier 100% all-recycled polyester. Both have a DWR (durable water repellent) finish. Insulation: 100-g PrimaLoft One polyester. Recyclable through the Common Threads Recycling Program<br><br><b>Weight: </b>(271 g 9.4 oz)<br><br>Made in Thailand.",1,1,0.33754265278466195,-0.21810505823289364,-0.09843117195580568,-0.1784063605836968,0.08692723594950175,-0.13664491190201825,-0.00464006244792004,0.04266307655241377,0.02000888104327493,-0.00273632288862939
205,"Morning glory capris - Our most versatile capris, made of a supple, smooth-faced nylon/spandex knit (86%/14%), accommodate dynamic moves, wick moisture, and dry quickly. Contrast topstitching highlights the flattering details: asymmetrical side seams, a curved back yoke, a wide, flat waistband and contouring through the thighs. The legs have a straight, slim fit with a slight flare at the cuff. Inside, the brushed interior and flat-seam construction pampers the skin. Low rise. Inseam (size M) is 24"".<br><br><b>Details:</b><ul> <li>""Substantial, ultrastretchy and soft synthetic knit with excellent shape retention; wicks moisture and dries fast""</li> <li>""Flattering, wide, flat waistband""</li> <li>""Curved back-yoke detailing and asymmetric side seams, contoured fit through thigh, slight flare at hem""</li> <li>Flat-seam construction is soft against skin</li> <li>Low rise</li> <li>""Inseam (size M) is 24""""""</li></ul><br><br><b>Fabric: </b>7-oz 86% nylon/14% spandex smooth-faced jersey with moisture-wicking performance<br><br><b>Weight: </b>232 g (8.2 oz)<br><br>Made in Colombia.",1,1,0.24647212918359515,-0.07619943550387932,0.12042404893375568,0.16928322375236923,0.014141657545915991,0.11154183356509828,0.17050808070024806,-0.09215610256288363,-0.12648851140031817,-0.10469889552109454
206,"Morning glory cross-back tank - Like a best friend, the Cross-Back Tank has your back. Double racerback straps, a full shelf bra and feminine center-front seams provide stylish support. Made of a skin-soothing jersey knit (92% nylon/8% spandex) that keeps its shape and naturally contours to flatter yours. Wear it loose over the hips or cinched with the internal drawstring for inverted yoga poses. Recyclable through the Common Threads Recycling Program.<br><br><b>Details:</b><ul> <li>Strappy top combining beauty and function</li> <li>Double straps for support</li> <li>Full shelf bra</li> <li>Flattering front seaming at bust</li> <li>Hip length</li> <li>""Flows over hip, but adjusts with drawcord for closer fit""</li></ul><br><br><b>Fabric: </b>6-oz 92% nylon/8% spandex smooth-faced jersey knit. Recyclable through the Common Threads Recycling Program<br><br><b>Weight: </b>(178 g 6.2 oz)<br><br>Made in Colombia.",-1,7,0.17596036723350686,-0.048622042605607166,0.05749120047480254,0.10958707583382535,0.03195267373118191,0.07464634412279827,0.30892012884338305,0.0036800094931635167,-0.024194766882224453,0.009891549713303823
207,"Multi use shorts - Streamlined, technical and ultra light: Our newest women's shorts move, breathe, and stay limber on trail runs, lunch-break gym sessions and marathon mountain scrambles. The 4-way-stretch fabric (91% all-recycled polyester/9% spandex) resists abrasion and sheds moisture with a Deluge DWR (durable water repellent) finish. The rear hip pockets have secure hook-and-loop tabs, and modest side-seam splits enhance leg range-of-motion. The flat-knit waistband uses minimal elastic for greater comfort, and has an internal drawcord. No brief; 3"" inseam (size M). A reflective heat-transfer logo keeps you visible. Recyclable through the Common Threads Recycling Program.<br><br><b>Details:</b><ul> <li>""Durable and supple, stretch-woven shell fabric resists snagging and abrasion""</li> <li>Flat-knit waistband uses minimal elastic for greater comfort</li> <li>Internal drawcord adjusts fit</li> <li>Rear hip pockets have secure hook-and-loop tabs</li> <li>Modest side seam split for improved range of motion</li> <li>Reflective heat-transfer logo</li> <li>""3"""" inseam""</li></ul><br><br><b>Fabric: </b>Body: 3.5-oz 75-denier 91% all-recycled polyester/9% spandex with 4-way stretch and Deluge DWR (durable water repellent) finish. Waistband: 5.6-oz 88% polyester/12% spandex. Recyclable through the Common Threads Recycling Program<br><br><b>Weight: </b>(86 g 3 oz)<br><br>Made in Vietnam.",1,1,0.35691156054411766,-0.18809966419303642,-0.05725930931690094,-0.03499770012782536,0.05973243186751406,0.09179173421037747,0.01708853969872758,-0.09295473155418797,0.018760456849395094,-0.02620318917997422
208,"Multi use skirt - Even while you're running under a bright sun, this skirt provides unhindered mobility and a comfortable fit. The supple fabric (4-way stretch in the body) now uses a lighter, softer 91% all-recycled polyester/9% spandex blend that resists snagging and abrasion, and dries quickly. A comfortable, flat-knit waistband gives next-to-skin comfort, and an internal drawcord adjusts the fit. The 31/2"" internal compression short has great stretch and a thin, tacky elastic strip at the bottom to hold them in place. A stealthy right-side envelope pocket secures with a hook-and-loop dot closure, and side splits at the hem provide coverage and enhance mobility, 14"" waist-to-hem length. A reflective heat-transfer logo keeps you visible. Recyclable through the Common Threads Recycling Program.<br><br><b>Details:</b><ul> <li>""Durable and supple, stretch-woven shell fabric resists snagging and abrasion""</li> <li>Flat-knit waistband uses minimal elastic for greater comfort</li> <li>Internal drawcord adjusts fit</li> <li>""3 1/2"""" built-in compression shorts""</li> <li>Stealth envelope-style pocket on wearer's right has hook-and-loop closure for security</li> <li>Single-layer skirt with side splits at hem provides coverage while allowing for good range of motion</li> <li>""14"""" waist to hem length; reflective heat-transfer logo and graphic""</li></ul><br><br><b>Fabric: </b>Body: 3.5-oz 75-denier 91% all-recycled polyester/9%spandex with 4-way stretch and Deluge DWR (durable water repellent) finish. Waistband: 5.6-oz 88%  polyester/12% spandex. Lining: 5.8-oz 80% polyester/20% spandex stretch tricot; with a wicking finish. Recyclable through the Common Threads Recycling Program<br><br><b>Weight: </b>(138 g 4.8 oz)<br><br>Made in Vietnam.",1,1,0.3870286667521044,-0.17968253003640575,-0.013756000926575149,0.03792607698567234,0.03479480935085036,0.13186560311258405,0.08844447763601321,-0.0678574846691354,0.01757846681711992,-0.02008791444219046
209,"Nine trails shorts - Mountain biking, trail running, fast packing: If it gets your heart rate up, then it suits the versatile Women's Nine Trails Shorts. The lightweight fabric is made from a 75-denier 91% all-recycled polyester/9% spandex blend that has 4-way stretch, is tough yet highly breathable, and is treated with a Deluge DWR (durable water repellent) finish. A lightweight, breathable, moisture-wicking built-in liner extends into the waistband, and an interior drawcord provides a comfortable fit. Cut for ample coverage with an open-knit crotch gusset to vent excess heat. Two front pockets with invisible zipper closures and stitched-through pocket bags give secure storage. Inseam (size M) is 5"". Reflective heat-transfer logo and graphic keep you visible. Recyclable through the Common Threads Recycling Program.<br><br><b>Details:</b><ul> <li>Supple soft stretch-woven breathable fabric resists snagging and is recyclable; Deluge DWR (durable water repellent) finish for weather protection</li> <li>""Lightweight, breathable, moisture-wicking built-in liner extends into waistband for a comfortable fit""</li> <li>Interior drawcord</li> <li>Two front pockets with zippered closures and stitched through pocket bags for secure storage</li> <li>Open-knit crotch gusset stays dry and puts an end to chafing</li> <li>Reflective heat-transfer logo and graphic</li> <li>""5"""" inseam""</li></ul><br><br><b>Fabric: </b>Body: 3.5-oz 75-denier 91% all-recycled polyester/9% spandex with 4-way stretch and Deluge DWR finish. Lining: 3.8-oz microdenier polyester crepe with moisture-wicking performance. Recyclable through the Common Threads  Recycling Program<br><br><b>Weight: </b>(152 g 5.3 oz)<br><br>Made in Vietnam.",1,1,0.4206922290039654,-0.22794614951096182,-0.049412632487297305,-0.09425503126280778,-0.006427218800298139,0.07091225339521896,0.02286373113119579,-0.06176936355286574,0.0801756614506223,0.011113596044491672
210,"Nine trails vest - Simplicity in action - this vest protects the core, moves, breathes, and weighs nearly nothing. The lightweight, wind-resistant 15-denier 100% nylon is treated with a Deluge DWR (durable water repellent) finish to shed light rain, and the exceptionally breathable stretch-woven back panel (91% all-recycled polyester/9% spandex) vents excess heat. The high-rise tricot-lined neck provides a tight seal; the armholes and hem now have elastic binding. Reflective heat-transfer logos (front and back) and a reflective center-back zippered pocket keep you visible.<br><br><b>Details:</b><ul> <li>""Light, slightly transparent, tough, triple-ripstop nylon soft shell on torso and shoulders; breathable recycled polyester stretch-woven fabric on back; vest is treated with a Deluge DWR (durable water repellent) finish for weather protection""</li> <li>Elastic binding at armholes and hem for a good fit</li> <li>Reflective zippered pocket on back</li> <li>Reflective heat-transfer logos (front and back)</li> <li>Can be worn over baselayers and light midlayers</li></ul><br><br><b>Fabric: </b>Body: 1.1-oz 15-denier 100% nylon with 50-denier triple-ripstop yarns. Back panel: 3.5-oz 75-denier stretch woven 91% all-recycled polyester/9% spandex. Vest  has Deluge DWR finish<br><br><b>Weight: </b>(77 g 2.7 oz)<br><br>Made in Vietnam.",1,1,0.37782976044066396,-0.18060031406795038,-0.106259617510411,-0.18373825155397325,0.028864568946054436,0.05636800734913244,0.08832375137296536,-0.014570474806918584,0.13463529458108275,0.042890276940822834
211,"R2 jkt - A modern mountain staple, the adaptable R2 Jacket serves as a stand-alone outer layer when you're on the go or as a superb insulating layer under a shell. The stretchy polyester knit uses variable-length fibers to optimize insulation and compressibility while affording outstanding breathability, warmth, moisture-management and minimal weight. Stretchy R1 fabric (made with 60% recycled polyester) inside the collar and cuffs enhances skin comfort, and the pliable R2 body fabric means you'll move easily. With an easy-to-use front zipper, glued-in zippered pockets (one chest and two handwarmers) and forward-set shoulder seams for pack-wearing comfort. Recyclable through the Common Threads Recycling Program.<br><br><b>Details:</b><ul> <li>""Highly technical R2 fabric is light, stretchy and compressible, with great breathability""</li> <li>""Insulating long fibers alternate with dense, supportive short fibers to optimize insulation and reduce bulk""</li> <li>Directional knit wicks moisture and speeds dry time</li> <li>Collar and chin flap lined with R1 fabric (made with recycled polyester) for next-to-skin comfort</li> <li>Low-bulk R1 fabric on cuff</li> <li>Pockets: zippered handwarmers and one chest; all welded and trimmed with Supplex to reduce snags</li> <li>Shoulder seams set forward for pack-wearing comfort</li></ul><br><br><b>Fabric: </b>R2 shell: 7.4-oz Polartec Thermal Pro 100% polyester (40% recycled) fleece. R1 panels: 6.5-oz Polartec Power Dry 93% polyester (60% recycled)/7% spandex. Recyclable through the Common Threads Recycling Program<br><br><b>Weight: </b>365 g (12.9 oz)<br><br>Made in Colombia.",-1,1,0.29855657276891484,-0.11118357554297376,0.12479306833960929,-0.058816372710391335,-0.05564127740811649,-0.14085608179863027,0.09643689925393571,0.012525551974980533,-0.01549101284728385,-0.005691505253007269
212,"Rain shadow jkt - Staying inside isn't the only way to stay dry - enjoy the trails in all conditions with fully seam-sealed waterproof/breathable protection. The Rain Shadow is made from a packable, lightweight and tear-resistant 2.5-layer 100% nylon fabric with a waterproof/breathable H2No barrier and a Deluge DWR (durable water repellent) finish. On the inside, a raised pattern diffuses and channels moisture away from skin, aids in hassle-free layering, and enhances long-term durability. Updated with microfleece lining on the neck and chin, waterproof handwarmer pockets (no longer mesh-lined) with zipper garages, and external zippers that are now water-resistant (without storm flaps). Also features a roll-down, 2-way-adjustable, helmet-compatible hood, a 2-way center-front zipper, self-fabric cuff tabs and a drawcord hem.<br><br><b>Details:</b><ul> <li>""2.5-layer tear-resistant fabric with a waterproof/breathable H2No barrier and a Deluge DWR (durable water repellent) finish; highly engineered interior surface texture channels moisture away from skin, protects the waterproof barrier from abrasion and slides easily over layers""</li> <li>""Roll-down, 2-way-adjustable hood with a laminated visor for improved hood structure and visibility in poor conditions""</li> <li>""All zippers (center-front, handwarmer pockets, and pit zips) all feature a water resistant coating to keep you dry without extra storm flaps and hook-and-loop closures""</li> <li>Microfleece-lined neck and chin for comfort and enhanced protection of barrier</li> <li>Waterproof handwarmer pockets- without mesh lining</li> <li>Updated custom zipper pulls</li></ul><br><br><b>Fabric: </b>""2.5-layer, 2.5-oz 100% nylon with a waterproof/breathable H2No barrier and Deluge DWR finish""<br><br><b>Weight: </b>(323 g 11.2 oz)<br><br>Made in Vietnam.",1,1,0.38945595000909183,-0.24484606440220702,-0.1637207032674774,-0.30156410376357556,0.0809256196129954,-0.1985139980207966,-0.006101112847419097,-0.31040665518331234,0.08253976995841024,0.09170912230813363
213,"Rock guide pants - Our Rock Guides are made of a soft, stretch-woven nylon tough enough to withstand the sharp crystalline scrambling of Joshua Tree. They have the proven performance of our Guide line but in a lighter fabric, more contemporary styling and, this season, a more streamlined fit. Articulated knees and a gusseted crotch allow effortless high-stepping and stemming. The pants have an athletic cut that includes forward-angled side seams and straight legs with easy-to-roll-up cuffs that stay in place through footwork-intensive routes. The button waist has a zip fly, belt loops, and a brushed interior for next-to-skin comfort. Well-thought-out pocketing includes two front drop-ins; one zippered on right thigh; and two zippered below the back yoke. Inseam (size 8) is 32"". Recyclable through the Common Threads Recycling Program.<br><br><b>Details:</b><ul> <li>""Lightweight, stretch-woven nylon; separated zip waist (not pull-on)""</li> <li>""Zip fly and button closure; Pockets: 2 front drop-in, zippered right thigh""</li> <li>Back zippered pockets below yoke</li> <li>Forward-angled side seams</li> <li>Gusseted crotch</li> <li>Regular rise</li> <li>""Inseam (size 8) is 32""""""</li></ul><br><br><b>Fabric: </b>4.5-oz 96-denier 96% stretch-woven nylon/4% spandex with Deluge DWR (durable water repellent) finish. Recyclable through the Common Threads Recycling Program<br><br><b>Weight: </b>(317 g 11 oz)<br><br>Made in Thailand.",1,1,0.3490756064012003,-0.18127824957770583,-0.1577664605490692,0.0813183543500396,0.04558331054448879,0.10629133746707851,-0.09433581900789785,-0.12223638409572081,-0.1392160567518303,-0.11263186156920574
214,"Rock guide shorts - Tough, abrasion-resistant Rock Guides are known to withstand butt-slide descents of the Joshua Tree classic, Clean and Jerk. Made of a technical stretch-woven nylon that's soft on the skin and dries quickly, the shorts have a zip fly, gusseted crotch, front drop-in pockets, a single zippered thigh pocket and rear security pockets. Regular rise; inseam (size 8) is 9"". Recyclable through the Common Threads Recycling Program.<br><br><b>Details:</b><ul> <li>""Lightweight, stretch-woven nylon; separated zip waist (not pull-on)""</li> <li>""Zip fly and button closure; Pockets: 2 front drop-in, zippered on right thigh""</li> <li>Back zippered pockets below yoke</li> <li>Forward-angled side seams</li> <li>Gusseted crotch</li> <li>Regular rise</li> <li>""Inseam (size 8) is 9""""""</li></ul><br><br><b>Fabric: </b>4.5-oz 96-denier 96% stretch-woven nylon/4% spandex with Deluge DWR (durable water repellent) finish. Recyclable through the Common Threads Recycling Program<br><br><b>Weight: </b>(225 g 7.8 oz)<br><br>Made in Thailand.",1,1,0.378265008014587,-0.18649194913723052,-0.19989602059191627,0.11716800634948388,0.041502624299158956,0.13232985579311377,-0.14630709428099098,-0.04961902066370706,-0.13181367511455191,-0.11656443335504865
215,"Serenity tights - long - Soft and stretchy for unrestricted mobility on the mat, our Serenity Tights are fitted close at the waist and through the hips and contour to a slight flare at the ankles. The adjustable waist rolls up or down and hides a mini key pocket. Made from an 8.6-oz 85% organic cotton/15% spandex knit. Inseam (size M) is 33"".<br><br><b>Details:</b><ul> <li>""Soft, organic cotton for comfort and breathability, spandex for mobility""</li> <li>Adjustable waist rolls up or down</li> <li>On-seam stealth mini key-pocket at waist</li> <li>""Slim, contoured leg fit; slight flare at hem""</li> <li>Regular rise</li> <li>""Inseam is 33""""""</li></ul><br><br><b>Fabric: </b>8.6-oz 85% organic cotton/15% spandex knit<br><br><b>Weight: </b>320 g (11.3 oz)<br><br>Made in Thailand.",-1,4,0.25781240109494863,0.041569752022896665,-0.06565166988170346,0.26230911534882334,-0.0015699588313007498,0.0004654111588926448,0.16346480547385958,-0.06061881046602576,-0.030027607109543122,-0.03064508566797705
216,"Simple guide jkt - Skin-in by headlamp, summit by noon, finish with some late-day cragging - our newest and lightest stretch-woven soft-shell jacket breathes, protects, and keeps pace throughout. The highly breathable and wind-resistant double-weave blend of 91% all-recycled polyester/9% spandex, with a Deluge DWR (durable water repellent) finish, moves with you, moves moisture, and stays as durable as you are. Details: microfleece-lined neck and wind flap, zippered and handwarmer pockets, elasticized cuffs and a drawcord hem. Recyclable through the Common Threads Recycling Program.<br><br><b>Details:</b><ul> <li>Highly breathable and wind-resistant stretch-woven soft-shell fabric with Deluge DWR (durable water repellent) finish</li> <li>Microfleece-lined neck and wind flap for next-to-skin comfort</li> <li>Zippered handwarmer pockets</li> <li>Elasticized cuffs</li> <li>Drawcord hem</li></ul><br><br><b>Fabric: </b>6.2-oz 91% all-recycled polyester/9% spandex double weave with Deluge DWR finish. Recyclable through the Common Threads Recycling Program<br><br><b>Weight: </b>(372 g 12.9 oz)<br><br>Made in Thailand.",1,1,0.4000089404077438,-0.21052560033823794,-0.14816598581837345,-0.18634592113040183,0.06670873252237634,-0.0935783623573909,0.07284389353264611,-0.17309499875743473,0.05435666567317028,0.020926612319622805
217,"Simple guide pants - A trip to Patagonia and one pair of pants: Our Simple Guides deal with burly approaches, burlier conditions and coarse granite without a whimper. The double-weave blend of 91% all-recycled polyester/9% spandex, with a Deluge DWR (durable water repellent) finish, stretches with your every stride, stays durable while remaining lightweight, moves sweat, breathes, and resists weather. Updated styling includes straight lower legs, a partially elasticized waistband with a zippered fly. Other features include articulated knees and a gusseted crotch to help you stay limber, and DWR (durable water repellent) treated reverse-coil zippers on the pockets: two front, one thigh and one rear hip. Recyclable through the Common Threads Recycling Program.<br><br><b>Details:</b><ul> <li>""Lightweight stretch-woven fabric (100% recycled) wicks moisture, breathes and dries quickly while resisting weather and abrasion""</li> <li>Updated fit and styling</li> <li>""Separating, partially elasticized waistband with zippered fly with DWR (durable water repellent) finish""</li> <li>""Pockets: handwarmers, cargo, and back - all with DWR-treated reverse-coil zippers""</li> <li>Articulated knees for full mobility</li></ul><br><br><b>Fabric: </b>6.2-oz 91% all-recycled polyester/9% spandex double weave with DelugeDWR (durable water repellent) finish. Recyclable through the Common Threads Recycling Program<br><br><b>Weight: </b>(346 g 12 oz)<br><br>Made in Thailand.",1,1,0.3787212677614257,-0.2236929240394896,-0.17691851272738904,-0.025622041118157655,0.09991878153602338,0.07996331116659289,-0.07031091609677056,-0.1337981216101953,-0.09977980448570539,-0.0885951411926057
218,"Sleeveless a/c shirt - As cooling but more structured than a summer tank or camisole, this feminine shirt is made from our lightest-weight organic cotton. A/C fabric has an open weave that keeps the air circulating and, since it's already crinkled, refuses to wrinkle. The yarn-dyed plaids have a quiet, open geometry. The full-length button placket with delicate binding and coconut buttons lets you wear the shirt alone or layered. Recyclable through the Common Threads Recycling Program.<br><br><b>Details:</b><ul> <li>Easy-care fabric is light and airy</li> <li>Princess seaming for shaping</li> <li>Delicate collar</li> <li>Full-length button placket with feminine binding and coconut buttons</li></ul><br><br><b>Fabric: </b>3.2-oz 100% organic cotton yarn-dyed plain weave. Recyclable through the Common Threads Recycling Program<br><br><b>Weight: </b>(124 g 4.3 oz)<br><br>Made in Thailand.",-1,1,0.19085807801039179,0.15853473137680454,0.011481066796456559,0.12399483127156498,-0.03656406984139723,-0.10493652831438163,0.09281384016265368,0.008929522722614104,0.11343206114981792,0.06756090409077643
219,"Solid adour btm - Adours feature a scooped, low-rise front (lined) and medium coverage in back. Our improved fabric blend is made of 82% nylon/18% spandex.<br><br><b>Details:</b><ul> <li>Medium coverage</li> <li>Lined front</li> <li>Slightly scooping front</li> <li>Low rise</li> <li>Improved fabric</li></ul><br><br><b>Fabric: </b>5.6-oz 82% nylon/18% spandex<br><br><b>Weight: </b>(43 g 1.5 oz)<br><br>Made in USA.",3,7,0.1322152587569369,-0.03425811634534098,-0.010539788639716496,0.09960253621278814,0.038652612981257564,0.254218316810403,0.30024668124093024,-0.11482011218310932,-0.060850142636390964,-0.023571323549824632
220,"Solid betina btm - Our fullest coverage bottoms, the Betina fits highest across the hips with a slightly scooped, lined front. Made from a hard-wearing blend of 82% nylon/18% spandex.<br><br><b>Details:</b><ul> <li>Fullest coverage bottom</li> <li>""Fits highest across hips, full front and back coverage""</li> <li>Regular rise</li> <li>Improved fabric</li></ul><br><br><b>Fabric: </b>5.6-oz 82% nylon/18% spandex<br><br><b>Weight: </b>(49 g 1.7 oz)<br><br>Made in USA.",3,7,0.14088589925458173,-0.03745251966191466,-0.013276275830519282,0.11644020461216055,0.02532507702341554,0.26402902446819204,0.31201580804363366,-0.12028503062233567,-0.05231068569796215,-0.015864032444664663
221,"Solid bibiana 1 piece - The sporty Bibiana One-Piece has racer-style shoulder straps with a keyhole back. It has a shelf bra with sewn-in soft pads, full back coverage and a lined front. Made from a blend of 82% nylon/18% spandex.<br><br><b>Details:</b><ul> <li>T-back racer style</li> <li>Lined front</li> <li>Shelf bra with sewn-in soft cups</li> <li>Full back coverage</li> <li>Improved fabric</li></ul><br><br><b>Fabric: </b>5.6-oz 82% nylon/18% spandex<br><br><b>Weight: </b>(129 g 4.5 oz)<br><br>Made in USA.",11,7,0.1356465979605169,-0.00874492682574355,0.02210490409484221,0.0647442645885456,0.021399622248842544,0.1993764277733338,0.3206583532230859,-0.0018246072165699647,-0.04915858155620236,-0.027862665782865937
222,Solid bibiana top - The athletic Bibiana Top's racerback style won't impede shoulder blade movement when paddling or swimming. It has a lined front and an elastic underbust band for secure support. The low-cut front prevents water wash. With removable side-entry soft cups. Made from a blend of 82% nylon/18% spandex.<br><br><b>Details:</b><ul> <li>Racerback style</li> <li>Lined front</li> <li>Elastic underbust band for support</li> <li>Removable side-entry soft cups</li> <li>Improved fabric</li></ul><br><br><b>Fabric: </b>5.6-oz 82% nylon/18% spandex<br><br><b>Weight: </b>(51 g 1.8 oz)<br><br>Made in USA.,11,7,0.15527295475419142,-0.018132462557412632,0.00817569526959389,0.07585132027791167,0.05089189440271713,0.19278399932214507,0.24378324168224338,-0.015846492264665227,-0.05364643680378391,-0.034075336100306705
223,"Solimar pants - In case your travel plans coincide with biting flies or the cloudless clarity of a high-pressure - we've got you covered. Our lightest weight summer pant is made of a soft, stretch nylon with sun protection (30 UPF) and a DWR (durable water repellent) finish. Shaped and well-structured, the pants have a zip fly with button closure, waistband with belt loops, welted front patch pockets and a right thigh mini drop-in pocket. A capri length option secures with button fasteners. Straight legs and a regular rise. Inseam (size 8) is 32"". Recyclable through the Common Threads Recycling Program.<br><br><b>Details:</b><ul> <li>Lightweight stretch fabric with 30-UPF sun protection and DWR (durable water repellent) finish; waistband with belt loops</li> <li>Zip fly with button closure</li> <li>Patch front pockets with welt openings; mini drop-in pocket on right thigh</li> <li>Straight leg; back seaming and dart for shaping</li> <li>Legs fasten with button for capri length</li> <li>Regular rise</li> <li>""Inseam (size 8) is 32""""""</li></ul><br><br><b>Fabric: </b>3-oz 93% nylon/7% spandex with 30-UPF sun protection. Recyclable through the Common Threads Recycling Program<br><br><b>Weight: </b>(181 g 6.3 oz)<br><br>Made in Vietnam.",1,1,0.3678184686934809,-0.18486515572444046,-0.14876814744624192,0.17407737992716762,-0.077519479236604,0.2844366284363322,-0.20605242394857695,-0.07686393100339896,0.029556689297853066,-0.0019393090882964775
224,"Solimar shorts - Horny toads and other professional heat regulators seek shade. Let our new Solimar Shorts provide yours. Made of a tightly woven (30 UPF) lightweight stretch nylon with a DWR (durable water repellent) finish, the shorts are cut longer but can be rolled up and secured with button fasteners. They have two front patch pockets with welted openings and a single thigh mini drop-in pocket. Backside seams and darts provide shaping and the straight legs have vented hems. Regular rise; inseam (size 8) is 15"". Recyclable through the Common Threads Recycling Program.<br><br><b>Details:</b><ul> <li>Lightweight stretch fabric with 30-UPF protection and DWR (durable water repellent) finish</li> <li>Waistband with belt loops</li> <li>Zip fly with button closure</li> <li>Patch front pockets with welt openings; mini drop-in pocket on right thigh</li> <li>Straight leg; back seaming and dart for shaping</li> <li>Regular rise</li> <li>""Inseam is 10""""""</li></ul><br><br><b>Fabric: </b>""3-oz 93% nylon/7% spandex, with 30-UPF sun protection. Recyclable through the Common Threads Recycling Program""<br><br><b>Weight: </b>(126 g 4.4 oz)<br><br>Made in Vietnam.",1,1,0.35382761257792994,-0.17732000786538632,-0.14410514777842168,0.14446923608481246,-0.058066733664976,0.2631747666561621,-0.17249708494892046,-0.04882963434455553,0.03942200264788553,-0.0022711445018423603
225,"S/s a/c shirt - Not even stifling Great Basin heat can overwhelm the born-to-chill A/C Shirt. A/C fabric is made of 100% organic cotton and has a crepe-like crinkle that allows the fabric to hover over skin, inviting the slightest breeze. Subtle yarn-dyed plaids are soft and soothing. Shaping seams give the shirt a contoured fit without sacrificing airflow; the full-length button placket with feminine binding and coconut buttons provide layering options. Recyclable through the Common Threads Recycling Program.<br><br><b>Details:</b><ul> <li>""Fabric is light, airy and easy to care for""</li> <li>Princess seaming for shaping</li> <li>Delicate collar</li> <li>Full-length button placket with feminine binding and coconut buttons</li></ul><br><br><b>Fabric: </b>3.2-oz 100% organic cotton yarn-dyed plain weave. Recyclable through the Common Threads Recycling Program<br><br><b>Weight: </b>(129 g 4.5 oz)<br><br>Made in Thailand.",-1,1,0.19533891870973624,0.1559611919563338,0.017209445495529618,0.1067766217905922,-0.03384933784413997,-0.0893865314956186,0.0832027383169077,0.010103447549360135,0.11178310148582733,0.057225011407334894
226,"S/s rashguard - The 30-UPF fabric of our Short-Sleeved Rashguard keeps the sun from sizzling your skin. With a slim neckband, seamless underarm gussets and set-in sleeves for chafe-free paddling. Made from a soft fabric blend of 84% all-recycled polyester/16% spandex in solid colors that match our swimwear and board shorts.<br><br><b>Details:</b><ul> <li>Stretchy all-recycled polyester/spandex fabric offers protection against chafing and sun</li> <li>30-UPF sun protection</li> <li>Mock neck and set-in short sleeves with seamless underarm gussets and flat-seam construction</li></ul><br><br><b>Fabric: </b>5.8-oz 84% all-recycled polyester/16% spandex<br><br><b>Weight: </b>(129 g 4.5 oz)<br><br>Made in USA.",7,6,0.2468005650864548,-0.04107198182456422,0.14143923384778298,0.0934581012339435,-0.24623883321158993,0.27565672452262,-0.021990965160985233,-0.007071653702943202,0.24633321425916693,0.15992603762379873
227,"S/s sol patrol shirt - A shirt impossible to insult, the Sol Patrol still looks crisp after weeks of road or backcountry travel. The easy drape and tapered, feminine fit discourage frump and fatigue, and the tightly woven polyester blocks UV rays (30 UPF) for the life of the shirt. It's exceptionally soft, lightweight and quick-drying, and has a hidden zippered chest pocket with hemostat flap. Recyclable through the Common Threads Recycling Program.<br><br><b>Details:</b><ul> <li>""Quick-drying polyester with tight weave is exceptionally soft and light, with 30-UPF rating for sun protection""</li> <li>Hidden zippered chest pocket</li> <li>Flattering princess seaming front and back and yoke detail</li> <li>Short sleeves</li> <li>Hemostat flap</li></ul><br><br><b>Fabric: </b>2.2-oz 100% polyester ripstop with 30-UPF sun protection. Recyclable through the Common Threads Recycling Program<br><br><b>Weight: </b>(124 g 4.3 oz)<br><br>Made in Vietnam.",0,1,0.251058981367146,-0.03315750482175041,0.01973334678244111,0.009516683305276523,-0.1871640252209931,0.07917375805551626,-0.1067621496982918,0.07097151808857208,0.23369057045779554,0.15833860139784467
228,"Sun shelter shirt - Chic and sensible, the Sun Shelter saves your skin for something more deserving than a tan. Fusing sun protection with feminine styling, the hip length Sun Shelter has delicate yoke detailing, a mandarin collar and slightly belled sleeves that stay put when rolled up. Made from a fine, yarn-dyed 57% all-recycled polyester/43% nylon fabric blend (with 40-UPF sun protection) that launders easily and dries overnight. Soft, lightweight and wrinkle resistant for carry-on packability. Recyclable through the Common Threads Recycling Program.<br><br><b>Details:</b><ul> <li>""Quick-drying recycled polyester/nylon blend is exceptionally soft and light, with 40-UPF rating for sun protection""</li> <li>""Mandarin collar, full front placket""</li> <li>Flattering yoke detail adds feminine appeal</li></ul><br><br><b>Fabric: </b>2.5-oz 57% all-recycled polyester/43% nylon with 40-UPF sun protection. Recyclable through the Common Threads Recycling Program<br><br><b>Weight: </b>(126 g 4.4 oz)<br><br>Made in Vietnam.",0,9,0.24732597520819935,-0.05867804064683985,0.099133958794185,0.060566647485798215,-0.2369612308301653,0.2328092536790586,-0.04234135380424793,0.017213472222098757,0.2974077145611108,0.19754561594769424
229,"Super cali shorts - Super Cali Shorts keep their cool during tough sand-to-summit clamberings. These longer-length shorts feature a wide, comfortable waistband, belt loops, and a zip fly that closes with two coconut buttons. With front slash pockets, low-slung rear patch pockets and a 16"" inseam, with 5"" adjustable cuffs. Made of 100% organic cotton poplin. Recyclable through the Common Threads Recycling Program.<br><br><b>Details:</b><ul> <li>Organic cotton poplin is garment-washed for softness</li> <li>Wide waistband with belt loops; zip fly with 2 coconut buttons</li> <li>Front slash pockets; low-slung rear patch pockets</li> <li>Low rise</li> <li>Updated styling details</li> <li>""Inseam is 16""""""</li></ul><br><br><b>Fabric: </b>3.8-oz 100% organic cotton poplin. Recyclable through the Common Threads Recycling Program<br><br><b>Weight: </b>(193 g 6.7 oz)<br><br>Made in Thailand.",-1,4,0.2421728067090157,0.01974612511644372,-0.1017086260964421,0.2499555820510213,0.02942222774802646,-0.03570610964945614,-0.09509298173046399,0.007684351623262077,-0.025944540850629857,-0.018685928449430702
230,"Synch vest - With the possible exception of duct tape, there is nothing more versatile than a fleece vest. This one provides color and core warmth without the bulk of a jacket, and is made from cushy 7.5-oz double-faced polyester fleece (85% recycled). With feminine lines, a double-fleece collar and zippered handwarmer pockets. Recyclable through the Common Threads Recycling Program.<br><br><b>Details:</b><ul> <li>""Soft, recycled and recyclable Synchilla fleece""</li> <li>Feminine contemporary styling</li> <li>Zippered handwarmer pockets</li> <li>Double fleece collar</li></ul><br><br><b>Fabric: </b>7.5-oz 100% polyester (85% recycled) double-faced fleece. Recyclable through the Common Threads Recycling Program<br><br><b>Weight: </b>229 g (8.1 oz)<br><br>Made in Mexico.",1,1,0.2066931543664398,-0.0702191854525161,-0.012972291602691378,-0.05246474570181954,-0.03494580012405632,-0.24509377756191392,0.0987607182901544,0.08761997317428033,0.06340397422210077,0.06379929334863231
231,"Tranquila capri leggings - Even in the crux you'll keep your cool in skin-soothing Tranquila Capris. Made of a soft 85% organic cotton/15% spandex blend, the leggings have a flat, wide waistband and a snug, contoured fit. Wear them layered or solo in the climbing gym or yoga studio. Low rise. Inseam (size M) is 20"".<br><br><b>Details:</b><ul> <li>""Soft, organic cotton for comfort and breathability, spandex for mobility""</li> <li>""Wide, flat, shaped waistband sits snug on hips""</li> <li>""Contoured, formfitting capri-length leg; banded cuff below knee""</li> <li>Low rise</li> <li>""Inseam (size M) is 20""""""</li></ul><br><br><b>Fabric: </b>8.6-oz 85% organic cotton knit/15% spandex<br><br><b>Weight: </b>(225 g 7.8 oz)<br><br>Made in Thailand.",-1,4,0.2283601936815007,0.06079075427412271,-0.0051572436729958515,0.26154284780599224,0.011837778061923415,0.013310614140767677,0.12778503108107991,-0.09391441250095257,-0.049277766012340275,-0.04103036640164357
232,"Traverse jkt - The sun has set, the air is cold, and three rugged miles lie between you and a warm car. Good motivation to zip up the lightweight Traverse and pick up your pace. This highly breathable soft shell is made from a fast-drying 93% all-recycled polyester/7% spandex fabric with 4-way stretch; a Deluge DWR (durable water repellent) finish protects against wet weather. Jacket features include: a mesh-lined, zip-through stand-up collar with zipper garage; a full zip with wind flap; elastic-banded cuffs; a drawcord waist and hem; and a slight drop tail. With two zippered handwarmer pockets and a zippered pocket on the left bicep that has an MP3 cord pass-through. Reflective logos (front and back) and graphics at the cuffs keep you visible. Recyclable through the Common Threads Recycling Program.<br><br><b>Details:</b><ul> <li>Fast-drying stretch-woven polyester soft shell is durable and delivers 4-way stretch; Deluge DWR (durable water repellent) finish for weather protection</li> <li>Mesh-lined zip-through stand-up collar; full zip with wind flap and zipper garage</li> <li>Zippered handwarmer pockets and a zip pocket at left bicep with interior MP3 cord pass-through</li> <li>Elastic-banded cuffs</li> <li>Drawcord hem</li> <li>Slight drop tail</li> <li>Reflective logos front chest and center back</li></ul><br><br><b>Fabric: </b>4.7-oz 70-denier 93% all-recycled polyester/7% spandex with 4-way mechanical stretch and a Deluge DWR finish. Recyclable through the Common Threads Recycling Program<br><br><b>Weight: </b>(259 g 9 oz)<br><br>Made in Vietnam.",1,1,0.42848367455243,-0.2368319625156618,-0.10197426272013652,-0.14361679129979055,0.0031039863151011496,-0.1004367420135949,-0.020768146751003042,-0.07975062539925783,0.07704121448732154,0.05277915655675235
233,"Undercover cami - Morph from water-logged sea creature back to land dweller effortlessly with the easy-wearing Undercover Cami. Made from an active-minded, stretchy 95% organic cotton/5% spandex blend that maintains its shape; the built-in shelf bra supports and contours while spaghetti-style straps won't dig into your skin. With hidden seams for a clean, smooth look. Recyclable through the Common Threads Recycling Program.<br><br><b>Details:</b><ul> <li>""Pre-washed, stretchy organic cotton""</li> <li>Cleanly finished scoop neckline</li> <li>360-degree shelf bra; straps have encased elastic for comfort</li></ul><br><br><b>Fabric: </b>6.2-oz 95% organic cotton/5% spandex. Recyclable through the Common Threads Recycling Program<br><br><b>Weight: </b>(126 g 4.4 oz)<br><br>Made in Turkey.",11,7,0.20114373150441883,0.07588643457040474,0.011648843598295091,0.18453235162003492,0.03688322454247729,-0.006485929933677502,0.20755586192150588,0.024665643793526836,0.00014519763013497777,-0.004144750564401937
234,"Vitaliti dress - The ocean has had its way with you. Your salted, sun-scorched body begs for mercy. Let this soft, slip-on dress comfort you. Sturdy, wrinkle-resistant Vitaliti fabric blends 61% organic cotton/30% all-recycled polyester/9% spandex for a natural and easy drape. We added princess seams and a curved yoke this season for a more contoured fit and sophisticated styling. The active-friendly dress has a built-in shelf bra and falls just below the knee; length, from strap to hem (size M), is 38"". Recyclable through the Common Threads Recycling Program.<br><br><b>Details:</b><ul> <li>Plaited organic cotton and polyester stretch fabric is naturally wrinkle resistant</li> <li>""Updated styling, same great fit""</li> <li>Curved yoke and contoured seaming on front and back</li> <li>Built-in shelf bra</li> <li>Hem falls below the knee</li></ul><br><br><b>Fabric: </b>8.4-oz 61% organic cotton/30% all-recycled polyester/9% spandex. Recyclable through the Common Threads Recycling Program<br><br><b>Weight: </b>(294 g 10.2 oz)<br><br>Made in Thailand.",1,1,0.24543641323937318,0.0464248010103545,0.0002854091904451404,0.2310376511047441,0.010200421623932898,-0.056349787849205704,0.231857538469698,-0.02170069985461569,0.06016078357724209,0.042284173541640414
235,"Vitaliti skirt - After a long day at the sharp end of a rope, shake the granite dust out of your hair and slip into this soft, stretchy skirt. Vitaliti fabric is a sturdy blend of 55% organic cotton/35% all-recycled polyester/10% spandex that drapes beautifully. The skirt has a wide, asymmetrical waist, faux wrap styling and a slightly flared silhouette. Length, from waist to hem (size M), is 24"". Recyclable through the Common Threads Recycling Program.<br><br><b>Details:</b><ul> <li>Plaited organic cotton/polyester stretch fabric is naturally wrinkle resistant</li> <li>""Wide, flat, flattering asymmetrical waist""</li> <li>Faux-wrap styling; flared silhouette</li> <li>""Length 24"""" from waist to hem; falls below the knee""</li></ul><br><br><b>Fabric: </b>5.7-oz 55% organic cotton/35% all-recycled polyester/10% spandex. Recyclable through the Common Threads Recycling Program<br><br><b>Weight: </b>(207 g 7.2 oz)<br><br>Made in Thailand.",1,4,0.21419892387977962,0.05652510803705088,-0.028432782551149345,0.25191186200720406,0.021831695524313577,-0.04978216564220185,0.17267942865786465,-0.04284098753875752,0.028434753708499422,0.017938016147141835
236,"Vitaliti tank - Whether it's sea spray, river water or sweat, the things we love to do get us wet. Vitaliti fabric puts that water to work by cooling the skin as it wicks moisture away from the body. Made of a quick-drying, naturally wrinkle-resistant blend (55% organic cotton/35% all-recycled polyester/10% spandex), the high-neck tank fuses modesty with mobility. Recyclable through the Common Threads Recycling Program.<br><br><b>Details:</b><ul> <li>Plaited organic cotton/all-recycled polyester stretch fabric is naturally wrinkle resistant</li> <li>Self binding at neck and armholes</li></ul><br><br><b>Fabric: </b>5.7-oz 55% organic cotton/35% all-recycled polyester/10% spandex. Recyclable through the Common Threads Recycling Program<br><br><b>Weight: </b>99 g (3.5 oz)<br><br>Made in Thailand.",1,1,0.28547121605189696,0.06484920572214634,0.030928138944858415,0.1675944185671424,0.05897380894507855,-0.10357247194859981,0.1666274255655721,-0.01589055996896729,0.08386201024858865,0.06479769532913568
237,"Wheat t-shirt - Feeding urban and agrarian sensibilities, the Wheat T-Shirt fuses iconic grain with abstract symmetry. Artwork by Nashville artist Mary Helt is printed on ringspun organic cotton with PVC- and phthalate-free inks. The lightweight tee's Anika fit features a longer torso that's form-fitting, shorter sleeves and wide, deep neckline. Taped shoulder seams prevent chafing. Recyclable through the Common Threads Recycling Program.<br><br><b>Details:</b><ul> <li>Ringspun yarns for a softer hand</li> <li>Taped shoulder seams</li> <li>Screen-print inks are PVC- and phthalate-free</li></ul><br><br><b>Fabric: </b>4.4-oz 100% organic cotton. Recyclable through the Common Threads Recycling Program<br><br><b>Weight: </b>(112 g 3.9 oz)<br><br>Made in USA.",5,2,0.2999269655267438,0.5491912105109108,-0.041307849803928764,-0.13096349571768007,-0.008965003075170789,0.07777851303707048,-0.06232573248605596,0.0005904580689169354,-0.009492941979306398,-0.043193022739251796
238,"Wyoming climbing poster - Max Factor, 5.11c. Vedauwoo, Wyoming. For 30 years we've paid tribute to human adventures both near and far with a collection of photographs that speak to the passion, joy and beauty of lives spent outside. These photos have appeared exclusively on our Web site, in our catalog and on the walls of our retail stores and specialty outdoor clothiers around the world. And now we are excited to make select photos available to you as posters. We hope they brighten up your space and inspire you to get outside.<br><br><b>Details:</b><ul> <li>Dimensions: 24 x 36</li> <li>Photo by Jim Thornburg ?2009 Patagonia</li></ul><br><br><b>Fabric: </b>Printed with soy inks on 100% recycled paper<br><br>Printed in USA.",6,10,0.045580736749733376,0.08263093461955447,-0.01556430995413099,-0.05048382914679869,0.01422193243342853,0.07620812690276085,-0.016716166018395658,0.03049235322321464,-0.5238958784753348,0.7262436490281039
239,"Yosemite essence t-shirt - Artist Phyllis Shafer's gorgeous rendering of our native heritage infuses the Yosemite Essence T-Shirt. Printed on 100% organic cotton that's ringspun for a soft hand, the tee has taped shoulder seams for durability. Double stitched at sleeves and hem; coverstitched at neck and armholes for a clean finish. Recyclable through the Common Threads Recycling Program.  Fabric<br><br><b>Details:</b><ul> <li>Ringspun yarns for a softer hand</li> <li>Taped shoulder seams</li> <li>Screen-print inks are PVC- and phthalate-free</li></ul><br><br><b>Fabric: </b>5.4-oz 100% organic cotton. Recyclable through the Common Threads Recycling Program<br><br><b>Weight: </b>(199 g 6.9 oz)<br><br>Made in USA.",5,2,0.286892181260851,0.500812576328261,-0.044290637465595716,-0.1314656254008549,0.003170765163264338,0.0197932945406861,-0.008387858324846129,0.010695263688444614,0.018435436482209543,-0.025847575756504745
240,Print bayonne btm - The low-rise Bayonne Bottoms have adjustable side ties and minimal seat coverage - less than all of our other styles. Lined front. Made from a blend of 82% nylon/18% spandex.<br><br><b>Details:</b><ul> <li>Least coverage</li> <li>Lined front</li> <li>Adjustable side-tie closures</li> <li>Low rise</li> <li>Improved fabric</li></ul><br><br><b>Fabric: </b>5.6-oz 82% nylon/18% spandex<br><br><b>Weight: </b>(43 g 1.5 oz)<br><br>Made in USA.,3,7,0.16419848534380654,-0.027845034124539904,-0.04891218205899031,0.09518843950599859,0.0404569104943565,0.24815346332095856,0.2770911072913705,-0.10225689450877368,-0.08911291857475334,-0.028958726645436604
241,Print bibiana tankini - The Bibiana Tankini's racerback style won't impede shoulder blade movement and has a 360-degree shelf bra for secure support. Full-length coverage gives extra sun and rash protection. Made from a blend of 82% nylon/18% spandex.<br><br><b>Details:</b><ul> <li>Racerback style</li> <li>360-degree shelf bra</li> <li>Full length coverage</li> <li>Improved fabric</li></ul><br><br><b>Fabric: </b>5.6-oz 82% nylon/18% spandex<br><br><b>Weight: </b>(89 g 3.1 oz)<br><br>Made in USA.,11,7,0.13036324603661947,0.001730272682128294,0.02313050349048387,0.08210687663970984,-0.017683784777941393,0.2328799375306353,0.25728544692563354,-0.04170122573739063,0.009692542210841596,0.024603616960731652
242,Print bibiana top - The athletic Bibiana Top's racerback style won't impede shoulder blade movement when paddling or swimming. It has a lined front and an elastic underbust band for secure support. The low-cut front prevents water wash. With removable side-entry soft cups. Made from a blend of 82% nylon/18% spandex.<br><br><b>Details:</b><ul> <li>Racerback style</li> <li>Lined front</li> <li>Elastic underbust band for support</li> <li>Removable side-entry soft cups</li> <li>Improved fabric</li></ul><br><br><b>Fabric: </b>5.6-oz 82% nylon/18% spandex<br><br><b>Weight: </b>(51 g 1.8 oz)<br><br>Made in USA.,11,7,0.16226919817610344,0.001942387831031484,0.006132351593034274,0.06386689404302831,0.05106846939830745,0.1949213644486777,0.23817487190311265,-0.016994034253588045,-0.06128077670463051,-0.027794177401025716
243,"Print boucau halter top - The Boucau has soft ties at the neck and back that adjust for a personalized fit. A wide underbust band offers ample support; contouring darts add shape. With removable soft pads and a smooth lining for a clean look. Made from a blend of 82% nylon/18% spandex.<br><br><b>Details:</b><ul> <li>Soft ties around neck and back</li> <li>Lined front</li> <li>""Wide, elastic supportive band under bust""</li> <li>Contouring darts add shape</li> <li>""Removable, side-entry soft cups""</li> <li>Improved fabric</li></ul><br><br><b>Fabric: </b>5.6-oz 82% nylon/18% spandex<br><br><b>Weight: </b>(57 g 2 oz)<br><br>Made in USA.",11,7,0.18045727784391905,0.02890715146219314,0.011967912729805609,0.0839238983570634,0.018674912255454153,0.16207269573610972,0.26227338901731095,-0.031625492371664746,-0.049763705559418024,-0.022290651372748178
244,"Print kupala top - Our fixed triangle bikini top, the Kupala, has adjustable crossover ties that cinch down and keep it all together under pressure. Small pleats add shaping. The lined front has removable soft pads. Made from a durable blend of 82% nylon/18% spandex.<br><br><b>Details:</b><ul> <li>Fixed triangle swim top with adjustable ties that crossover at back</li> <li>Lined front</li> <li>Center pleats add shape</li> <li>""Removable, side-entry soft cups""</li></ul><br><br><b>Fabric: </b>5.6-oz 82% nylon/18% spandex<br><br><b>Weight: </b>(57 g 2 oz)<br><br>Made in USA.",11,7,0.13704941849983363,0.0011630157380030268,-0.03557046750114976,0.03699463705037333,0.02983106242896474,0.1538722632539907,0.20804911625391784,0.003758566562661377,-0.04863545758653991,-0.02002233659204943
245,"Runshade t-shirt - Out in the backcountry or anyplace that moves you, our comfortable-wearing Runshade T-Shirt keeps pace. Its lightweight, breathable 100% polyester jersey (updated for better durability) wicks moisture, provides 30-UPF sun protection, and dries quickly. The collar fit is now more relaxed with less bulk, but it still protects your neck from the sun, and the updated raglan sleeves with side panels reduce seam chafing from your hydration pack straps. A reflective heat-transfer logo keeps you visible. Recyclable through the Common Threads Recycling Program.<br><br><b>Details:</b><ul> <li>""Moisture-wicking, Runshade fabric throughout is super soft and provides 30-UPF sun protection""</li> <li>Relaxed crew collar provides good sun coverage without being restrictive</li> <li>Raglan sleeves and side panels keep seams out of the way of pack straps</li> <li>Reflective heat-transfer logo</li></ul><br><br><b>Fabric: </b>4.3-oz 100% polyester jersey. Recyclable through the Common Threads Recycling Program<br><br><b>Weight: </b>(109 g 3.8 oz)<br><br>Made in Vietnam.",0,9,0.2886296978535795,-0.05977124739174438,0.18984142136758017,-0.0421160648014459,-0.24512610807627783,0.13783099444132083,0.0024672047705038003,0.09054136746891604,0.3433499865714021,0.21276346696199386
246,"Serenity capris - For travelers committed to a carry-on lifestyle, these athletic capris have grace and style that go beyond the yoga studio. The Serenity's motion-friendly blend of organic cotton and spandex (85%/15%) has substantial give and excellent breathability. A wide, self-fabric waistband rolls up or down and has a stealth on-seam key pocket; the contoured side seams eliminate chafe; and the legs flare slightly at the hem. With a mini on-seam key pocket at the waist. Inseam (size M) is 19"".<br><br><b>Details:</b><ul> <li>""Soft, organic cotton for comfort and breathability, spandex for mobility""</li> <li>Adjustable waist rolls up or down</li> <li>On-seam stealth mini key-pocket at waist</li> <li>""Slim, contoured leg fit; slight flare at hem""</li> <li>Regular rise</li> <li>""Inseam (size M) is 19""""""</li></ul><br><br><b>Fabric: </b>8.6-oz 85% organic cotton/15% spandex knit<br><br><b>Weight: </b>(253 g 8.8 oz)<br><br>Made in Thailand.",-1,1,0.2686146355062214,0.030417111424432076,-0.06200514655862308,0.25895259836853135,-0.004571601630801367,0.02517631381777731,0.12264842265409592,-0.03868435875792214,-0.07602102656047698,-0.06876310925741504
247,"Serenity tights - Soft and stretchy for unrestricted mobility on the mat, our Serenity Tights are fitted close at the waist and through the hips and contour to a slight flare at the ankles. The adjustable waist rolls up or down and hides a mini key pocket. Made from an 8.6-oz 85% organic cotton/15% spandex knit. Inseam (size M) is 31"".<br><br><b>Details:</b><ul> <li>""Soft, organic cotton for comfort and breathability, spandex for mobility""</li> <li>Adjustable waist rolls up or down</li> <li>On-seam stealth mini key-pocket at waist</li> <li>""Slim, contoured leg fit; slight flare at hem""</li> <li>Regular rise</li> <li>""Inseam is 31""""""</li></ul><br><br><b>Fabric: </b>8.6-oz 85% organic cotton/15% spandex knit<br><br><b>Weight: </b>303 g (10.7 oz)<br><br>Made in Thailand.",-1,4,0.25420460502984255,0.041064004943264204,-0.06581160726584902,0.2570627447696157,0.00034748254873041883,0.0020835010984708254,0.1686793204646832,-0.06175356317619719,-0.03190131202128181,-0.03282598118334065
248,"Simply organic polo - Like Trumpeter Swans, the Simply Organic Polo relishes a down-to-earth, graceful lifestyle. Made from 100% organic cotton jersey, this polo has natural stretch and classic styling that includes a 4-button placket and chest pocket. Notched, self-fabric cuffs lend durability; straight hem has side vents. Recyclable through the Common Threads Recycling Program.<br><br><b>Details:</b><ul> <li>Organic cotton jersey</li> <li>4-button placket; notched self-fabric cuffs</li> <li>Chest pocket</li> <li>Straight hem with side vents</li></ul><br><br><b>Fabric: </b>4.5-oz 100% organic cotton jersey. Recyclable through the Common Threads Recycling Program<br><br><b>Weight: </b>153 g (5.4 oz)<br><br>Made in Thailand.",5,1,0.24806319979845448,0.14367132713564645,-0.04315069702501164,0.23013204312854266,0.005804394973409904,-0.21577992171023067,0.061034518481055004,-0.011165243928628887,0.07567019637861018,0.05623396418140175
249,"Simply organic tank - Summer tanks take a beating; freshen up last year's crop with the Simply Organic Tank, now available in prints and solids. Wear the tank day or night, alone or layered, all year long. The organic cotton jersey has a natural stretch; the feminine scoop with a mini-placket and pearl buttons zest up the front. Recyclable through the Common Threads Recycling Program.<br><br><b>Details:</b><ul> <li>Organic cotton jersey</li> <li>4-button placket; binding around neck and sleeves</li> <li>Straight hem with side vents</li></ul><br><br><b>Fabric: </b>4.5-oz 100% organic cotton jersey. Recyclable through the Common Threads Recycling Program<br><br><b>Weight: </b>(109 g 3.8 oz)<br><br>Made in Thailand.",5,4,0.22540064180504876,0.19904159027528504,0.008972494405503054,0.248730040757968,-0.033683330230971385,-0.18359307342438036,0.15141433352318134,-0.027176961819967156,0.02390336587462152,0.10428497162656368
250,"Simply organic tee - The Simply Organic Tee survives tough scrapes year after year, making it a perennial favorite. Made from soft organic cotton, the shirt layers beautifully and has form-flattering features like feminine crewneck styling and cap sleeves cut on the bias for great fit - all of which set it apart from the standard T-shirt crowd. Recyclable through the Common Threads Recycling Program.<br><br><b>Details:</b><ul> <li>Organic cotton jersey</li> <li>Bias-cut for drape and contouring</li> <li>Overlock stitching at neck and arm holes for added appeal</li></ul><br><br><b>Fabric: </b>4.5-oz 100% organic cotton jersey. Recyclable through the Common Threads Recycling Program<br><br><b>Weight: </b>(115 g 4 oz)<br><br>Made in Thailand.",5,2,0.2440664254466277,0.25684211899695947,-0.011231726450927996,0.20949747902258695,-0.04763949900217843,-0.1955618112764332,0.09691250901172917,-0.004683434500205544,0.0589906218519947,0.07319712849464197
251,"Simply organic top - When Spring's first blossoms cover the hills, venture out in the lively Simply Organic Top.  The scoop-necked shirt is made from 100% organic cotton jersey and is bias cut for drape and contouring. Its three-quarter-length sleeves have cuff vents for mobility; overlock stitching at neck and arm holes add appeal. Recyclable through the Common Threads Recycling Program.<br><br><b>Details:</b><ul> <li>Organic cotton jersey</li> <li>Bias-cut for drape and contouring</li> <li>Overlock stitching at neck and arm holes for added appeal</li> <li>3/4-length sleeves with cuff vent for mobility</li></ul><br><br><b>Fabric: </b>4.5-oz 100% organic cotton jersey. Recyclable through the Common Threads Recycling Program<br><br><b>Weight: </b>144 g (5.1 oz)<br><br>Made in Thailand.",5,1,0.2265806090688243,0.18190732806614468,-0.006363570043523479,0.20589488570664802,-0.04652833571602984,-0.17303200987037554,0.14500903926244446,-0.02975182183176039,0.09057389263001207,0.06386114481075819
252,"Solid boucau halter top - The Boucau has soft ties at the neck and back that adjust for a personalized fit. A wide underbust band offers ample support; contouring darts add shape. With removable soft pads and a smooth lining for a clean look. Made from a blend of 82% nylon/18% spandex.<br><br><b>Details:</b><ul> <li>Soft ties around neck and back</li> <li>Lined front</li> <li>""Wide, elastic supportive band under bust""</li> <li>Contouring darts add shape</li> <li>""Removable, side-entry soft cups""</li> <li>Improved fabric</li></ul><br><br><b>Fabric: </b>5.6-oz 82% nylon/18% spandex<br><br><b>Weight: </b>(57 g 2 oz)<br><br>Made in USA.",11,7,0.1731826202741024,0.008228328335895775,0.014024953297132416,0.09606286831264146,0.01866554065163365,0.16004288940265934,0.2678480027510037,-0.030369648884271145,-0.042011543931479024,-0.02874124091786509
253,"Solid kupala top - Our fixed triangle bikini top, the Kupala, has adjustable crossover ties that cinch down and keep it all together under pressure. Small pleats add shaping. The lined front has removable soft pads. Made from a durable blend of 82% nylon/18% spandex.<br><br><b>Details:</b><ul> <li>Fixed triangle swim top with adjustable ties that crossover at back</li> <li>Lined front</li> <li>Center pleats add shape</li> <li>""Removable, side-entry soft cups""</li></ul><br><br><b>Fabric: </b>5.6-oz 82% nylon/18% spandex<br><br><b>Weight: </b>(57 g 2 oz)<br><br>Made in USA.",11,7,0.1300319231971247,-0.019312783082220966,-0.033259243300691445,0.04936039513702389,0.029761156720919325,0.15189441595075875,0.21390903423499752,0.004817977531330151,-0.04090939306195391,-0.026469562747659808
254,"Solid paries btm - The boy-short-style Paries Bottoms fit low and straight across the hips. With wide sides for comfort, a lined front and full seat coverage. Made from our improved fabric blend of 82% nylon/18% spandex.<br><br><b>Details:</b><ul> <li>Boy-short style</li> <li>Lined front</li> <li>Fits low and straight across hips</li> <li>Updated waist styling</li> <li>Medium coverage in front; full back coverage</li> <li>Improved fabric</li></ul><br><br><b>Fabric: </b>5.6-oz 82% nylon/18% spandex<br><br><b>Weight: </b>(54 g 1.9 oz)<br><br>Made in USA.",3,7,0.17479068027708666,-0.03950868873695017,-0.029009583821779775,0.16549347578425244,0.04224366102012355,0.2632431020763052,0.28720015543730953,-0.12483134942581664,-0.061941582711841754,-0.02511680238156261
255,"Solid sunamee btm - Stay-put Sunamees fit straight across the hips, with full coverage in back. Lined front. Made from a formfitting blend of 82% nylon/18% spandex.<br><br><b>Details:</b><ul> <li>Full coverage</li> <li>Lined front</li> <li>Fits straight across hips</li> <li>Regular rise</li> <li>Improved fabric</li></ul><br><br><b>Fabric: </b>5.6-oz 82% nylon/18% spandex<br><br><b>Weight: </b>(43 g 1.5 oz)<br><br>Made in USA.",3,7,0.14636787264521436,-0.04619805193142768,-0.023198474784872292,0.12812922601105206,0.04423140488498681,0.2708048017788395,0.3035734904136343,-0.1302985794653031,-0.06149760477693197,-0.023789733057022776
256,"Solimar skirt - The Solimar is a brief and sassy wrap skirt with built-in shorts; just enough skirt for school, just enough short for recess. The ultralight, tightly woven nylon stretch fabric blocks UV rays (30 UPF) and has a DWR (durable water repellent) finish to repel water. The shorts have an interior center-front zip while the skirt wraps over with button closures - one on the inside and one on the outside. The cleanly finished skirt has welted front patch pockets and a thigh mini drop-in pocket. Waist-to-hem length is 16"" (size 8); built-in shorts inseam is 3"". Recyclable through the Common Threads Recycling Program.<br><br><b>Details:</b><ul> <li>Lightweight stretch fabric with 30-UPF sun protection and DWR (durable water repellent) finish</li> <li>Wrap skirt with built-in shorts</li> <li>Shorts have zip fly with slide closure; skirt wraps closed with 2 buttons</li> <li>Patch front pockets with welt openings; mini drop-in pocket on right thigh</li> <li>Back dart for shaping</li> <li>""Length 16"""" from waist to hem; shorts 3"""" inseam""</li></ul><br><br><b>Fabric: </b>3-oz 93% nylon/7% spandex with 30-UPF sun protection. Recyclable through the Common Threads Recycling Program<br><br><b>Weight: </b>(222 g 7.7 oz)<br><br>Made in Vietnam.",1,1,0.26670513394301876,-0.12564585235421843,-0.11446845499891159,0.14845656438679725,-0.0543068392484285,0.17484129912418514,-0.10222989064788726,-0.01723553509324935,0.030485834657829163,0.02620536009925265
257,"Sol patrol shirt - Go ahead. Go bone fishing. Ride your horse across the Red Desert. Live like a Gila monster, but wear this shirt so you don't end up looking like one. The Sol Patrol's lustrous, quick-drying and exceptionally soft polyester is woven extra-tightly to block out UV rays (30-UPF rating). The princess seaming and yoke detail add a feminine touch with a fit that offers plenty of room for active casting and rein retrieval. Cleanly styled, the sleeves roll up and fasten with hidden snaps, shirt tabs secure with snaps, and the concealed chest pocket zips closed. With a hemostat flap. Recyclable through the Common Threads Recycling Program.<br><br><b>Details:</b><ul> <li>""Quick-drying polyester with tight weave is exceptionally soft and light, with 30-UPF rating for sun protection""</li> <li>Hidden zippered chest pocket</li> <li>Flattering princess seaming and yoke detail</li> <li>Roll-up sleeve with fastener</li> <li>Hemostat flap</li></ul><br><br><b>Fabric: </b>2.2-oz 100% polyester ripstop with 30-UPF sun protection. Recyclable through the Common Threads Recycling Program<br><br><b>Weight: </b>(152 g 5.3 oz)<br><br>Made in Vietnam.",0,1,0.24289363195641597,-0.03070821036891738,0.026489844037479487,0.008182107332752283,-0.16794987339847334,0.0867105643252515,-0.07162497180209515,0.03339641123695791,0.22844537193067554,0.1414530017086324
258,"Sport top - The loose, performance fit of the Women's Sport Top won't hike up or become annoyingly shifty during long-distance trail mileage. The extra-long, seamless racerback tank has a looser silhouette that increases airflow and eliminates hem migration. A comfortable built-in sports bra manages high impact activities; nylon/spandex (94%/6%) fabric blend provides moisture-wicking performance.<br><br><b>Details:</b><ul> <li>Supersoft nylon/spandex blend for next-to-skin comfort</li> <li>Seamless construction</li> <li>360-degree built-in sports bra</li> <li>""Perfect length for pairing with running shorts, yoga pants or everyday styles""</li></ul><br><br><b>Fabric: </b>Tank: 9.5-oz 94% nylon/6% spandex. Built-in sports bra: 9.5-oz 94% nylon/6% spandex. Both with moisture-wicking performance<br><br><b>Weight: </b>144 g (5.1 oz)<br><br>Made in Israel.",11,7,0.17054150548502303,-0.05252032084452237,0.06069249542707985,0.12351836887107165,0.007723805581836866,0.16741855913006537,0.204323718270083,-0.036501201315445105,-0.022052007603387817,-0.02358241069765599
259,"Meridian board shorts - The stretchy Meridian Board Shorts accommodate floaters and drop-knee bottom-turns the globe over. The wide waistband has a snap fly with tie closure, and the 93% polyester (100% recycled)/7% spandex blend won't snag, chafe or bunch up during long paddles beyond the kelp forest. A back security pocket with key loop and zip closure means van keys and hunks of wax won't get lost in the spin cycle. Inseam (size 8) is 6"". Recyclable through the Common Threads Recycling Program.<br><br><b>Details:</b><ul> <li>Stretch-woven all-recycled polyester and spandex fabric for maximum mobility and comfort</li> <li>Snap fly with flat tie closure for secure fit</li> <li>Zippered welted pocket on hem with drain hole and key loop</li> <li>Low rise</li> <li>""Inseam is 6""""""</li></ul><br><br><b>Fabric: </b>5.4-oz 93% all-recycled polyester/7% spandex. Recyclable through the Common Threads Recycling Program<br><br><b>Weight: </b>(135 g 4.7 oz)<br><br>Made in Vietnam.",1,1,0.2612215920439905,-0.109239533840838,-0.07656952627393415,0.16660244044226946,0.01042246734062098,0.14945953179592997,-0.021947020391484724,-0.0254707073548044,-0.05777802907404336,-0.05888430697900003
260,"Merino 1 crew - Our lightest merino layer, this silky-soft yet highly durable jersey-knit is made with 63% merino wool spun around an all-recycled polyester (37%) core. Super-comfortable on its own in warm temperatures or beneath layers in cooler ones, it offers great technical performance: naturally resisting odor, moving moisture away from the skin and improving dry times, regulating body temperature, and maintaining a consistent stretch. The neck - with a smooth self-fabric binding - invites ventilation but still covers a bra. We slow-wash our merino for next-to-skin softness. Machine-wash cold; lay flat to dry. Recyclable through the Common Threads Recycling Program.<br><br><b>Details:</b><ul> <li>""Slow-washed merino wool resists odor naturally, insulates even when wet, is durable, stretches and provides superior performance and softness""</li> <li>16.5 micron-gauge yarn and jersey-knit construction for luxurious hand</li> <li>""All-recycled polyester core wicks moisture, while wool next to skin controls odor""</li> <li>Softly scooped neckline ventilates while still covering bra</li> <li>Self-fabric neck binding for comfort</li> <li>Straight hem</li> <li>""Machine-wash cold, lay flat to dry""</li></ul><br><br><b>Fabric: </b>3.2-oz (108-g) 63% 16.5 micron chlorine-free merino wool/37% all-recycled polyester. Recyclable through the Common Threads Recycling Program<br><br><b>Weight: </b>(95 g 3.3 oz)<br><br>Made in USA.",8,3,0.307021830663306,-0.04024515927832629,0.6287602950661925,0.043837055348008344,0.5615038872581044,-0.014451508870728103,-0.11344928794491357,-0.011269961082357397,0.07855638020789062,0.054962916067344506
261,"Print paries btm - Styled like a boy short, our Paries Bottoms fit low and straight across the hips, with medium coverage in front and full coverage in back. Lined front. Made from our improved fabric blend of 82% nylon/18% spandex.<br><br><b>Details:</b><ul> <li>Boy-short style</li> <li>Lined front</li> <li>Fits low and straight across hips</li> <li>Updated waist styling</li> <li>Medium coverage in front; full back coverage</li> <li>Improved fabric</li></ul><br><br><b>Fabric: </b>5.6-oz 82% nylon/18% spandex<br><br><b>Weight: </b>(54 g 1.9 oz)<br><br>Made in USA.",3,7,0.16575066737874697,-0.01529151650348178,-0.029206306214399697,0.13661799041162334,0.03599310272471577,0.26068670821354994,0.28962187287231483,-0.12558896198616337,-0.06286729879042377,-0.011861024242434546
262,"Print sunamee btm - Stay-put Sunamees fit straight across the hips, with full coverage in back. Lined front. Made from a formfitting blend of 82% nylon/18% spandex.<br><br><b>Details:</b><ul> <li>Full coverage</li> <li>Lined front</li> <li>Fits straight across hips</li> <li>Regular rise</li> <li>Improved fabric</li></ul><br><br><b>Fabric: </b>5.6-oz 82% nylon/18% spandex<br><br><b>Weight: </b>(43 g 1.5 oz)<br><br>Made in USA.",3,7,0.15744430686699398,-0.016304276345649436,-0.02662511038100809,0.11096837165181597,0.04462231005739802,0.27573657526327683,0.2967999451169505,-0.13346254798035095,-0.0733301654260531,-0.01432226236029828
263,"R1 full-zip jkt - It stretches, breathes, wicks and warms - no wonder so many serious trail and mountain athletes use and abuse our R1. And now it's even more versatile, with a full-zip front making it easier to use for everything from a midlayer in winter to a lightweight jacket on early spring mornings and alpine summer evenings. The high/low interior grid polyester enhances compressibility, airflow, insulation and dry time, and the jersey microfiber face allows smooth layering. Two zippered handwarmer pockets sit above the harness line and have glued-in (no seams) internal mesh pocket bags. Recyclable through the Common Threads Recycling Program.<br><br><b>Details:</b><ul> <li>""Versatile R1 fleece provides excellent stretch, warmth, wicking and breathability in a variety of temperatures""</li> <li>""High/low interior grid-structure enhances compressibility, airflow and dry time""</li> <li>Jersey microfiber face allows nonbinding layering</li> <li>Center-front zipper</li> <li>Handwarmer pockets</li></ul><br><br><b>Fabric: </b>R1: 6.5-oz Polartec Power Dry 93% polyester (60% recycled)/7% spandex. Recyclable through the Common Threads Recycling Program<br><br><b>Weight: </b>317 g (11.2 oz)<br><br>Made in Colombia.",0,1,0.3011607828628574,-0.15167510134932471,0.06819005649443312,-0.06823647588507165,-0.042202611899139056,-0.19164981531735736,0.13115828935805593,-0.0009145243834372481,-0.12850206064117745,-0.07571727651734803
264,"R1 p/o - Here's to trails that circle the globe and to never-ending hand cracks. And here's to staying mobile, comfortable and warm with the R1 Pullover's high/low grid polyester that stretches, breathes, moves moisture, and insulates. Sized to accommodate light underlayers, it works as a stand-alone top or as a light midlayer. Recyclable through the Common Threads Recycling Program.<br><br><b>Details:</b><ul> <li>""Recycled polyester R1 fabric provides excellent stretch, warmth, wicking and breathability in a variety of temperatures, whether worn as lightweight insulation or a thermal baselayer""</li> <li>Lightweight yarns wick moisture</li> <li>Outer microfiber yarns speed evaporation</li> <li>Interior grid enhances compressibility and airflow</li> <li>""Jersey microfiber face for low-friction, nonbinding layering""</li></ul><br><br><b>Fabric: </b>R1: 6.5-oz Polartec Power Dry 93% polyester (60% recycled)/7% spandex. Recyclable through the Common Threads Recycling Program<br><br><b>Weight: </b>257 g (9.1 oz)<br><br>Made in Colombia.",0,1,0.2335629942395723,-0.06340557248606295,0.1509128324986917,-0.052990318901580395,-0.044866466937731074,-0.09129325883965808,0.12918276461357928,-0.012009151024360811,-0.08719604725335284,-0.06680410040127008
265,"Merino 1 t-shirt - So soft it's worth lingering in, our lightest merino layer is made with 63% merino wool spun around an all-recycled polyester (37%) core. Super-comfortable on its own in warm temperatures or beneath layers in cooler ones, this silky yet highly durable jersey-knit offers great technical performance: naturally resisting odor, moving moisture away from the skin and improving dry times, regulating body temperature, and maintaining a consistent stretch. The neck - with a smooth self-fabric binding - invites ventilation but still covers a bra. We slow-wash our merino for next-to-skin softness. Machine-wash cold; lay flat to dry. Recyclable through the Common Threads Recycling Program.<br><br><b>Details:</b><ul> <li>""Slow-washed merino wool resists odor naturally, insulates even when wet, is durable, stretches and provides superior performance and softness""</li> <li>16.5 micron-gauge yarn and jersey-knit construction for luxurious hand</li> <li>""All-recycled polyester core wicks moisture, while wool next to skin controls odor""</li> <li>Softly scooped neckline ventilates while still covering bra</li> <li>Self-fabric neck binding for comfort</li> <li>Straight hem</li> <li>""Machine-wash cold, lay flat to dry""</li></ul><br><br><b>Fabric: </b>3.2-oz (108-g) 63% 16.5 micron chlorine-free merino wool/37% all-recycled polyester. Recyclable through the Common Threads Recycling Program<br><br><b>Weight: </b>73 g (2.6 oz)<br><br>Made in USA.",8,3,0.31039791571021624,-0.029495027871568713,0.622918064853052,0.03956003720631348,0.5590938115149343,-0.012602258117331448,-0.11419979669611624,-0.009157311017929277,0.08263404812911819,0.05564306602265172
266,"Merino 2 bottoms - Thankfully dry and warm when your forward progress is stop-and-go, these lightweight bottoms are made for an active lifestyle in warm to cool weather. Our most versatile merino layer, Merino 2 is made with 73% merino wool spun around an all-recycled polyester (27%) core for a luxurious hand, an improved dry time and enduring strength. Inherently soft and comfortable, merino naturally resists odor, moves moisture away from the skin, regulates body temperature, and stretches. A brushed-elastic waistband and offset inseams stay skin-friendly throughout a full day of active use. We slow-wash our merino for next-to-skin softness. Machine-wash cold; lay flat to dry. Recyclable through the Common Threads Recycling Program.<br><br><b>Details:</b><ul> <li>""Slow-washed merino wool resists odor naturally, insulates even when wet, is durable and stretches, provides superior performance and softness""</li> <li>18.5 micron-gauge yarn and jersey-knit construction for luxurious hand</li> <li>""All-recycled polyester core wicks moisture, while wool next to skin controls odor""</li> <li>Brushed elastic waistband and offset inseam for next-to-skin comfort</li> <li>""Machine-wash cold, lay flat to dry""</li></ul><br><br><b>Fabric: </b>4.85-oz (165-g) 73% chlorine-free merino wool/27% all-recycled polyester. Recyclable through the Common Threads Recycling Program<br><br><b>Weight: </b>(135 g 4.7 oz)<br><br>Made in USA.",8,3,0.2919201509882035,-0.04252959109422685,0.6031915712861533,0.04131320883285631,0.5906233663675409,-0.004689490072409723,-0.170779405651869,-0.0056272598237910275,0.0400643210612395,0.022234329989082445
267,"Storm light jkt - An emerging classic, inspired by the original Storm Jacket and holding true to timeless traits: It's waterproof, breathable and comfortable. Built for warm-weather use and engineered to be recycled at the end of its days, the Storm Light keeps you dry and in motion - from lowland treks to high-mountain passes. Full waterproof/breathable protection combines with a hanging mesh and taffeta liner for a soft, pliable, comfortable feel. Storm flaps cover the pit zips, the three external zippered pockets and the center-front 2-way zipper. Other details include a soft chamois chin guard, a 2-way-adjustable hood that rolls down into the microfleece-lined collar, an internal drop-in pocket and a drawcord hem. Cuffs secure with self-fabric tabs. Recyclable through the Common Threads Recycling Program.<br><br><b>Details:</b><ul> <li>2-layer polyester fabric with a waterproof/breathable H2No barrier and a hanging mesh-and-taffeta liner for greater comfort</li> <li>2-way-adjustable and stowable hood</li> <li>Soft chamois chin guard</li> <li>""Storm flaps on center-front zipper, pit zips, and external pocket zippers""</li> <li>""Pockets: two handwarmers with storm flaps; one forearm pocket, one internal drop-in""</li> <li>Cuffs secure with self-fabric tab</li> <li>Drawcord hem</li></ul><br><br><b>Fabric: </b>""Shell: 2-layer, 75-denier 3.8-oz 100% polyester laminate with a waterproof/breathable H2No barrier and Deluge DWR (durable water repellent) finish. Shell lining: 2.9-oz 100% all-recycled polyester mesh. Hood lining: 2.3-oz 50-denier 100%  all-recycled polyester taffeta. Collar lining and chin flap: 5.5-oz 100% polyester brushed jersey. Recyclable through the Common Threads Recycling Program""<br><br><b>Weight: </b>(652 g 22.6 oz)<br><br>Made in China.",1,1,0.3484138567213447,-0.2113682488194368,-0.11648736420636019,-0.23832933109687748,0.03403090357283548,-0.2136639550520994,0.009377825265927777,-0.14831508318997688,0.09807956297108109,0.10500037945329005
268,"Stretch ascent jkt - Simple, stretchy, lightweight and waterproof. Made for alpine climbs where the realities include sideways-blowing sleet, our Stretch Ascent Jacket provides full stormproof protection and extraordinary breathability. The stretch-woven polyester (100% recycled) and waterproof/breathable barrier combine in a pliable 2.5-layer fabric package that enables your most limber moves. The roll-down, helmet-compatible hood adjusts in three ways with an easy-to-use single-pull system. A water-resistant, coated center-front zipper remains easy to open and close, the water-resistant external pocket zippers have zipper garages, and the third pocket is an internal drop-in. Cuffs secure with self-fabric tabs, and the hem's drawcord routes through the pockets. The hood's structured visor improves visibility in poor conditions. Recyclable through the Common Threads Recycling Program.<br><br><b>Details:</b><ul> <li>""Waterproof/breathable H2No, 2.5-layer stretch-woven shell""</li> <li>""Helmet-compatible, roll-down, single-pull 3-way-adjustable hood with laminated visor""</li> <li>Front zipper offers extreme water resistance and easy zipping</li> <li>""Pockets: two PU-coated zippered handwarmers with zipper garages, one internal drop-in""</li> <li>Cuffs secure with self-fabric hook-and-loop cuff closures</li> <li>Hem drawcord routed through pockets</li></ul><br><br><b>Fabric: </b>""2.5-layer, 50-denier 4.1-oz 100% all-recycled stretch-woven polyester with a waterproof/breathable H2No barrier and Deluge DWR (durable water repellent) finish. Recyclable through the Common Threads Recycling Program""<br><br><b>Weight: </b>439 g (15.5 oz)<br><br>Made in Vietnam.",1,1,0.3626312697586444,-0.22978700790046586,-0.1583871326508434,-0.22913293664476028,0.057506401111228726,-0.1731820935483977,-0.03137870220024478,-0.18619445282580596,0.036914484004030954,0.04201401436005335
269,"Merino 2 t-shirt - Our most versatile merino baselayer blends into your daily life like cream into coffee. This lightweight, highly livable tee is made from 73% merino wool spun around an all-recycled (27%) polyester core for a luxurious hand, an improved dry time and enduring strength. Inherently soft and comfortable, merino naturally resists odor, moves moisture away from the skin, regulates body temperature, and stretches. Raglan sleeves merge fluidly with the collar to avoid pack straps; side seams roll backward to eliminate chafing. With self-fabric collar binding for comfort. We slow-wash our merino for next-to-skin softness. Machine-wash cold; lay flat to dry. Recyclable through the Common Threads Recycling Program.<br><br><b>Details:</b><ul> <li>""Slow-washed merino wool resists odor naturally, insulates even when wet, is durable and stretches, provides superior performance and softness""</li> <li>18.5 micron-gauge yarn and jersey-knit construction for luxurious hand</li> <li>""All-recycled polyester core wicks moisture, while wool next to skin controls odor""</li> <li>Self fabric collar binding for comfort</li> <li>Raglan sleeves merge fluidly with collar out of the way of pack straps</li> <li>Side seams roll to the back to eliminate irritation</li> <li>""Machine-wash cold, lay flat to dry""</li></ul><br><br><b>Fabric: </b>4.85-oz (165-g) 73% chlorine-free merino wool/27% all-recycled polyester. Recyclable through the Common Threads Recycling Program<br><br><b>Weight: </b>(103 g 3.6 oz)<br><br>Made in USA.",8,3,0.30328049775995086,-0.02877670395940049,0.5905331805080296,0.009783249313275708,0.49751490695867673,-0.01874279804482058,-0.14626534716170686,0.057653038983821216,0.1046182052469762,0.07455139777006328
270,"Merino 3 pants - These luxuriously soft pants have a silhouette like falling water and move gracefully from yoga to sharing a plate of penne puttanesca. They feature a smooth, double-layer self-fabric waistband that drops at the center-front to reduce bulk, a rear yoke for a flattering fit, and straight legs with forward-rolling side seams. Our go-to full-coverage wool layer, Merino 3 is made with 6.9-oz 100% merino wool that has an extra-fine-gauge yarn for softness and a jersey-knit construction for durability. Merino naturally resists odor, moves moisture away from the skin, regulates body temperature, and stretches to accommodate your every move. We slow-wash ours for next-to-skin softness. Machine-wash cold; lay flat to dry. Recyclable through the Common Threads Recycling Program.<br><br><b>Details:</b><ul> <li>""Slow-washed merino wool resists odor naturally, insulates even when wet, is exceptionally durable and stretches - providing superior performance  and softness""</li> <li>Fine 18.5 micron gauge yarn and jersey-knit construction for luxurious hand</li> <li>""Double-layer wide self fabric waistband, with internal elastic drops at center front, reduces waist bulk and provides good back coverage""</li> <li>Back yoke for flattering fit</li> <li>Straight leg silhouette</li> <li>Side seams roll to the front</li> <li>""Machine-wash cold, lay flat to dry""</li></ul><br><br><b>Fabric: </b>6.9-oz (230-g) 100% chlorine-free merino wool. Recyclable through the Common Threads Recycling Program<br><br><b>Weight: </b>(279 g 9.7 oz)<br><br>Made in USA.",8,5,0.3038571449604093,-0.04514772745713385,0.4598758027871347,0.07610470469371838,0.5195589981247057,0.03801952463250359,-0.12002002357751741,-0.04604621726193127,0.03738450584754019,0.02124846442999164
271,"Morning glory dress - When onshore winds blow out your morning session, pull this irrepressible dress out of your pack and head to town. Made from a skin-soothing jersey knit (86% nylon/14% spandex), the Morning Glory keeps its shape. With an empire waist and back ties for infinite adjustability. Falls below the knee.<br><br><b>Details:</b><ul> <li>""Stretchy, soft, synthetic jersey knit; wicks moisture and dries fast; brushed interior""</li> <li>Halter-style with smooth neckband for comfort and mobility; empire waist; ties in back</li> <li>Below-knee length</li></ul><br><br><b>Fabric: </b>7-oz 86% nylon/14% spandex smooth-faced jersey knit with moisture-wicking performance<br><br><b>Weight: </b>314 g (11.1 oz)<br><br>Made in Colombia.",1,7,0.19235620725368496,-0.056562090677157256,0.11472010967980453,0.1133000634661226,0.0020644996569288625,0.05132754470707827,0.24591893148802302,-0.08508075415059879,-0.07922729852567625,-0.057776539981079005
272,"Morning glory skirt - You can stand still and win a dance contest in this spirited 3-panel skirt. The soft, stretchy blend (92% nylon/8% spandex) moves on a whim and has a natural, playful drape. Pair it with a tank for a twirl around town or slip it on over yoga tights after class. The self-fabric waistband folds up or down. A flared hem and mid-calf length (28"" from waist to hem, size M) add a feminine silhouette.<br><br><b>Details:</b><ul> <li>""Ultrastretchy, soft, synthetic jersey knit; wicks moisture and dries fast; brushed interior""</li> <li>Self-fabric fold-over waistband rolls up or down; simple pull-on design</li> <li>""Length waist to hem (size M) is 28""""""</li></ul><br><br><b>Fabric: </b>6-oz 92% nylon/8% spandex smooth-faced jersey knit with moisture-wicking performance. Recyclable through the Common Threads Recycling Program<br><br><b>Weight: </b>320 g (11.3 oz)<br><br>Made in Mexico.",1,7,0.21850400215862864,-0.060848826128647705,0.11860708422296048,0.12645800364333434,-0.038016744204990564,0.05880166149256256,0.22671650555074782,-0.08892227229592593,-0.0742394747502417,-0.05192242707785767
273,"Morning glory tights - This everyday essential features a clean-cut design in a stretch knit with excellent shape retention. The soft, substantial nylon blend (86% nylon/14% spandex) flows lightly over skin and dries quickly after a humid hike or passing squall. We've added topstitch detailing and a more contoured fit this season. The wide, low-rise waist provides chafe-free comfort. Inseam (size M) is 32"".<br><br><b>Details:</b><ul> <li>""Substantial, ultra-stretchy and soft synthetic knit with excellent shape retention; wicks moisture and dries fast""</li> <li>""Flattering, wide, flat waistband""</li> <li>""Curved back-yoke detailing and asymmetric side seams, contoured fit through thigh, slight flare at hem""</li> <li>Flat-seam construction is soft against skin</li> <li>Low rise</li> <li>""Inseam (size M) is 32""""""</li></ul><br><br><b>Fabric: </b>7-oz 86% nylon/14% spandex smooth-faced jersey knit with moisture-wicking performance<br><br><b>Weight: </b>(271 g 9.4 oz)<br><br>Made in Colombia.",1,1,0.2656799444377142,-0.04300001726467305,0.130926523313199,0.14815259675127018,0.0144576214169031,0.16184445603154307,0.21317848747973545,-0.06868019949939702,-0.09864755828740691,-0.09287783515273298
274,"Torrentshell jkt - Tropical rain forests share at least one thing with the Patagonia Ice Cap: wet weather. For trekking and hiking in drenching conditions, our new Torrentshell provides 2.5-layer waterproof/breathable protection that's durable, lightweight and without frills. The jacket stuffs into one of two zippered handwarmer pockets (and has a clip-in loop); the hood fits snugly over a helmet, rolls down, stows away, and has a laminated visor; and the center zipper has exterior and interior storm flaps. With pit zips for added ventilation, a microfleece-lined neck and chin and a drawcord hem.<br><br><b>Details:</b><ul> <li>2.5-layer fabric with waterproof/breathable H2No barrier and Deluge DWR (durable water repellent) finish; laminated visor</li> <li>2-way-adjustable hood rolls down and stows; microfleece-lined neck and chin for comfort and enhanced protection of barrier</li> <li>Center zipper has exterior and interior storm flaps to keep water out; pit zips with storm flaps and DWR-treated zippers for wet-weather protection</li> <li>Self-fabric hook-and-loop cuff closures</li> <li>Handwarmer pockets</li> <li>Drawcord hem</li> <li>Packs into zippered self-storage pocket</li></ul><br><br><b>Fabric: </b>""2.5-layer, 2.6-oz 50-denier nylon ripstop with a waterproof/breathable H2No barrier and a Deluge DWR finish""<br><br><b>Weight: </b>(314 g 10.9 oz)<br><br>Made in China.",1,1,0.35486112122765,-0.23634263606787004,-0.15222266910779464,-0.2848708010592403,0.051198632203169336,-0.203272168668422,-0.03045126852623699,-0.27866831268639325,0.08648518215255953,0.10484358583144686
275,"Torrentshell pants - They're lightweight, waterproof and breathable: Our new Torrentshell Pants keep you singing in the rain when the thunderstorms boom. The simple pull-on style has an elastic drawcorded waistband, articulated knees and three zippered pockets (two handwarmer, one back hip). The zippered lower legs have adjustable hook-and-loop cuffs, and the pants stuff into the back pocket (with carabiner clip-in loop).<br><br><b>Details:</b><ul> <li>2.5-layer fabric with waterproof/breathable H2No barrier and Deluge DWR (durable water repellent) finish</li> <li>Elasticized self-fabric waistband with internal drawcord - pulls on for easy use</li> <li>""Pockets: secure zippered handwarmers, secure zippered back pocket - all with DWR-treated zippers and storm flaps""</li> <li>Articulated knees</li> <li>""Adjustable, self-fabric hook-and-loop closure at ankle with flapped, DWR-treated zipper to the knee""</li> <li>Pants stow in back pocket</li></ul><br><br><b>Fabric: </b>""2.5-layer, 2.6-oz 50-denier 100% nylon ripstop with a waterproof/breathable H2No barrier and a Deluge DWR finish""<br><br><b>Weight: </b>(233 g 8.1 oz)<br><br>Made in China.",1,1,0.38845506438678257,-0.26191381247243206,-0.2617185730306172,-0.15723676715959248,0.10476540430087798,-0.07402992544617139,-0.11527652492480714,-0.24751419046961082,-0.055750691777525604,-0.03675834677610169
276,"Trampoli t-shirt - Take your commute to higher ground with the Trampoli T-Shirt. Artist Nikki McClure's take on creative transportation is printed on organic cotton (100%) using PVC- and phthalate-free inks. The slightly-shaped tee has an athletic, classic boy fit and features a traditional crew neck. Taped shoulder seams and ringspun fabric yarns lend a soft finish. The lightweight tee is recyclable through the Common Threads Recycling Program.<br><br><b>Details:</b><ul> <li>Ringspun yarns for a softer hand</li> <li>Taped shoulder seams</li> <li>Screen-print inks are PVC- and phthalate-free</li></ul><br><br><b>Fabric: </b>4.4-oz 100% organic cotton. Recyclable through the Common Threads Recycling Program<br><br><b>Weight: </b>(112 g 3.9 oz)<br><br>Made in USA.",5,2,0.3193606498009791,0.5759302743716369,-0.048675273640640886,-0.16668521977796472,0.009839246858815036,0.07080647553747277,-0.012417127918412882,-0.013547416036966119,-0.01177977064126563,-0.057800172779114416
277,"Cap 4 zip neck - Keep your furnace stoked when temperatures nose-dive in our warmest synthetic baselayer. Capilene 4 features a smooth jersey face that slips easily beneath layers and an interior grid that traps precious warmth, wicks perspiration, and breathes. Stretchy and compressible, with a snug-fitting collar and a deep zipper with zipper garage and draft flap to help block cold. Raglan sleeves won't chafe beneath pack straps. Made from 5.3-oz Polartec Power Dry 93% polyester (50% recycled)/7% spandex, with Gladiodor natural odor control for the garment. Recyclable through the Common Threads Recycling Program.<br><br><b>Details:</b><ul> <li>""Our warmest baselayer fabric, Capilene 4 offers great stretch, breathability and compressibility""</li> <li>""Interior grid wicks moisture, trims bulk and provides warmth""</li> <li>Smooth jersey face slides easily beneath layers</li> <li>Zip-neck for easy climate control is backed by draft flap and zipper garage</li> <li>Raglan sleeve seams won't chafe beneath straps</li> <li>Drop-tail hem</li></ul><br><br><b>Fabric: </b>""5.3-oz Polartec Power Dry 93% polyester (50% recycled)/7% spandex, with Gladiodor natural odor control for the garment. Recyclable through the Common Threads Recycling Program""<br><br><b>Weight: </b>(175 g 6.1 oz)<br><br>Made in Costa Rica.",0,3,0.3018230403480921,-0.110350690709984,0.36207022256736576,-0.06633296876184261,-0.24292982390662282,-0.22108983135893967,0.058377498007062364,0.02598483980938735,-0.20444609156346918,-0.1222995029643557
278,"Corinne dress - After a day of Rivermouth's glassy offshore, slide on the Corinne Dress for shrimp tacos at the harbor. Featuring a deep V-neck with wide straps, the dress has an effortless drape, and is made from stretchy, quick-dry fabric (86% nylon/14% spandex) for an active disposition. A supportive double bodice with flattering shirred detail uplifts; front panel inset helps with contouring. Hem falls above the knee.<br><br><b>Details:</b><ul> <li>""Stretchy, soft, synthetic jersey knit""</li> <li>Wide straps and flattering V-front detail</li> <li>Supportive double bodice with shirring for shaping</li> <li>Front panel inset for contouring</li> <li>Hem falls above the knee</li></ul><br><br><b>Fabric: </b>7-oz 86% nylon/14% spandex smooth-faced jersey knit with moisture-wicking performance<br><br><b>Weight: </b>(311 g 10.8 oz)<br><br>Made in Colombia.",1,7,0.16989585124825468,-0.03203222583604997,0.07117316975586746,0.12296565987308783,0.010977488139645863,0.05199969247862503,0.24967790913822843,-0.008980647866872492,-0.05057515329718265,-0.03895486861949071
279,"Cotton fleece hoody - When Central Coast nights turn on the chill factor, layer up with the soft and stretchy Cotton Fleece Hoody. Made of 95% organic cotton fleece with a touch of stretch (5% spandex), the lightweight jacket is cut long and pairs nicely with jeans or a dress. The full front zipper, contoured hood and handwarmer pockets preserve warmth. A wide, 4"" rib at the hem and cuffs helps maintain the streamlined  fit. Recyclable through the Common Threads Recycling Program.<br><br><b>Details:</b><ul> <li>Made from cozy soft cotton fleece with stretch</li> <li>Contoured hood for warmth</li> <li>Full front zipper and handwarmer pockets</li> <li>""Wide 4"""" rib at hem and cuffs""</li></ul><br><br><b>Fabric: </b>7.6-oz 95% organic cotton fleece/5% spandex. Recyclable through the Common Threads Recycling Program<br><br><b>Weight: </b>(395 g 13.7 oz)<br><br>Made in Turkey.",1,1,0.27801344628462765,0.041367410650149254,-0.053824993174507736,0.12808460395502907,-0.040686269285388474,-0.2993330300573181,0.13277235797700965,-0.045267694081046785,0.04454087335190292,0.060154019642693624
280,"Nano puff p/o - The most versatile piece of insulation we make, our Nano Puff is weather-resistant enough to wear as an insulated shell in a wet snowstorm, trim enough to pull on for chilly rock pitches (and still see your footholds), and warm enough for light belay parka duty on quick alpine dashes. The wind-blocking, moisture-shedding DWR (durable water repellent) finished, 100% recycled polyester shell also glides effortlessly, whether worn as an outer or midlayer. Low-bulk, hydrophobic, highly compressible PrimaLoft One (60-g) traps heat with remarkable efficiency, even when wet. Stuffs into its own chest pocket (with carabiner clip-in loop). Elasticized cuffs and hem seal out wind and trap warmth. Recyclable through the Common Threads Recycling Program.<br><br><b>Details:</b><ul> <li>Versatile 60-gram PrimaLoft One polyester insulation provides excellent warmth and compressibility</li> <li>Ultralight face fabric sheds water with a DWR (durable water repellent) treatment and blocks wind</li> <li>Deep center-front zipper allows for easy ventilation</li> <li>Stuffs into a self-storage left chest pocket</li> <li>Elasticized cuff and hem seal out wind and trap warmth</li></ul><br><br><b>Fabric: </b>Shell and lining: 1-oz 15-denier 100% all-recycled polyester with a DWR (durable water repellent) finish. Insulation: 60-g PrimaLoft One. Recyclable through the Common Threads Recycling Program<br><br><b>Weight: </b>232 g (8.2 oz)<br><br>Made in Vietnam.",1,1,0.2628903581667576,-0.15991990567403494,-0.05253197845131385,-0.1521098207381188,0.00963084329693904,-0.10208940656210871,0.022521224039065074,-0.0015295637548551919,-0.030887947003401774,-0.03337125339897871
281,"Nine trails jkt - The Nine Trails Jacket is for women whose idea of entertainment has everything to do with lung-busting mountain passes, and nothing to do with reality TV shows. Made from lightweight, wind-resistant 15-denier 100% nylon, it's treated with a Deluge DWR (durable water repellent) finish to shed light rain. Its exceptionally breathable stretch-woven back and underarm panels (91% all-recycled polyester/9% spandex) vent excess heat. The high-rise tricot-lined neck, revised wrists (now with improved elastic-style cuffs that are easily pushed up) and drawcord at the hem seal out chilly weather. The jacket stashes into its own internal chest pocket. Reflective heat-transfer logos (front and back) keep you visible.<br><br><b>Details:</b><ul> <li>""Light, slightly transparent, tough, triple-ripstop nylon soft shell on torso, arms and shoulders, and breathable recycled polyester stretch-woven fabric on back and underarms; jacket has Deluge DWR (durable water repellent) finish for weather protection""</li> <li>Jacket stuffs into internal chest pocket</li> <li>Improved fit on lower sleeve and soft-shell fabric removed - sleeves are easily pushed up over forearms</li> <li>Drawcord at hem keeps wind out</li> <li>Reflective heat-transfer logos (front and back)</li> <li>Can be worn over baselayers and light midlayers</li></ul><br><br><b>Fabric: </b>Body: 1.1-oz 15-denier 100% nylon with 50-denier triple-ripstop. Back and underarm panels: 3.5-oz 75-denier stretch woven 91% all-recycled polyester/9% spandex. Jacket has Deluge DWR finish<br><br><b>Weight: </b>(112 g 3.9 oz)<br><br>Made in Vietnam.",1,1,0.3774321207359823,-0.1855483976462255,-0.08883260225041689,-0.17342342062857624,-0.016534268091448,0.01613136562358105,0.11053237170961899,-0.055643553188985326,0.1307742042565113,0.05608085910009791
282,"Down sweater vest - Impossible to confuse with the sweater vests found at golf courses and bingo parlors, ours comes packed with ultra-toasty 800-fill down that traps heat in alpine conditions. It has a minimalist design that practically floats, and is so compact it stuffs into its own mesh-lined internal pocket (with carabiner clip-in loop). The innovative, superlight polyester shell (100% recycled) provides wind and water protection as well as a high tear-strength; quilted baffles stabilize the down. With zippered handwarmer pockets and a drawcord hem.<br><br><b>Details:</b><ul> <li>""Superlight, windproof and water-resistant shell has high tear-strength""</li> <li>Quilted construction stabilizes premium 800-fill-power goose down insulation</li> <li>""Pockets: zippered handwarmers and one internal, zippered stretch-mesh that doubles as a stuff sack; with carabiner clip-in loop""</li> <li>Elastic binding at armholes</li> <li>Drawcord hem</li></ul><br><br><b>Fabric: </b>Shell and lining: 1.4-oz 22-denier 100% all-recycled polyester with Deluge DWR (durable water repellent) finish. Insulation: 800-fill-power premium European goose down<br><br><b>Weight: </b>206 g (7.3 oz)<br><br>Made in China.",1,1,0.227640609371798,-0.15373671935070324,-0.1085776702638582,-0.15830177836882006,0.043412999499106465,-0.0802315284095613,0.03198748032409757,0.0760366435344752,0.012525064133146106,-0.005690401668891496
283,"Drift shirt - All epic tales of the West begin with a drifter - many were women in search of big skies and a freer life. The Drift Shirt's feminine, high-plains styling includes a delicate collar and a front placket and patch pockets with snaps. The shirt's all-recycled polyester/organic cotton (65%/35%) open-weave fabric is durable and stays cool under pressure. Contouring front and back princess seams; slits at cuffs and hem for venting. Recyclable through the Common Threads Recycling Program.<br><br><b>Details:</b><ul> <li>""Feminine, open-weave fabric construction""</li> <li>Durable organic cotton/all-recycled polyester blend</li> <li>""Delicate collar, front placket with snaps""</li> <li>Princess seaming front and back for contoured fit</li> <li>Front patch pockets with snap closures</li> <li>Slits at cuffs and hem for venting</li></ul><br><br><b>Fabric: </b>2.8-oz 65% all-recycled polyester/35% organic cotton. Recyclable through the Common Threads Recycling Program<br><br><b>Weight: </b>150 g (5.3 oz)<br><br>Made in Thailand.",-1,1,0.2604323433417114,0.09921236092854263,-0.061862993406439096,0.1365352420912909,-0.030554614677356724,-0.10750639392152418,0.015026357822792895,0.006774310560440625,0.10963357349461791,0.07779051563496174
284,"Duway skirt - Everyone knows it's what's inside that counts. Beneath this silky, sanded 100% polyester skirt (40% recycled) is a built-in pair of shorts. The travel-friendly fabric is treated with a DWR (durable water repellent) finish that drapes gracefully, dries quickly, and resists wrinkles. Updated fit this season, with a center-back shaping dart and flattering hip seams, the skirt has a more classic, feminine fit. Zippered side vents allow mobility. With a discreet front zip pocket and a waist-to-hem length of 17"" (size 8). Built-in shorts inseam is 3"". Recyclable through the Common Threads Recycling Program.<br><br><b>Details:</b><ul> <li>Sanded 100% polyester microfiber with DWR (durable water repellent) finish</li> <li>""Slight styling update, same great fit""</li> <li>""Flattering seams at hip, and shaping dart at center back""</li> <li>Front security pocket on right seam</li> <li>Zippered side vents for increased mobility</li> <li>""Built-in 3"""" shorts for modesty""</li> <li>""Length 17"""" from waist to hem""</li></ul><br><br><b>Fabric: </b>4.1-oz 100% polyester (40% recycled) microfiber with DWR finish. Recyclable through the Common Threads Recycling Program<br><br><b>Weight: </b>(178 g 6.2 oz)<br><br>Made in Vietnam.",1,1,0.30175913661777815,-0.14160408491667845,-0.10920840497820303,0.07626177773095698,0.027031448171645857,0.04222408741007192,0.04503079700654457,-0.030780563394733493,-0.015051243426425038,-0.023789482680477737
285,"Ester top - Throw on the Ester Top for a quick surf check - its low-maintenance style makes it a favorite summer go-to blouse. Made of light and airy organic cotton, the sleeveless top's V-neck styling and open hem cool things down. Seam detailing at the neck and hem lend feminine flair; side seam pockets stash tide charts. The versatile hip length gives you options. Recyclable through the Common Threads Recycling Program.<br><br><b>Details:</b><ul> <li>Light and airy organic cotton lawn</li> <li>""V-neck, sleeveless top""</li> <li>Seam detailing at neck and hem</li> <li>Pockets on side seams</li></ul><br><br><b>Fabric: </b>2.2-oz 100% organic cotton. Recyclable through the Common Threads Recycling Program<br><br><b>Weight: </b>(95 g 3.3 oz)<br><br>Made in Thailand.",-1,4,0.19772165749759887,0.11013916554024222,-0.038800104938941773,0.20149547287336472,-0.032609386747584554,-0.12967788947511097,0.11039179340164981,0.0020347435313552934,0.058332516839259,0.049310122449603984
286,"Freedom to roam t-shirt - Global warming and habitat destruction have made the need for animals to migrate between shifting habitats urgent - the difference between migrating and remaining within fixed boundaries is the difference between life and extinction. The Freedom to Roam initiative strives to connect North America's critical habitats to ensure the survival of large mammals. Five dollars from the sale of each shirt will go to the cause. Original artwork by Jay Ryan. Made of supersoft, 100% organic-cotton jersey and recyclable through the Common Threads Recycling Program.<br><br><b>Details:</b><ul> <li>Ringspun yarns for a softer hand</li> <li>Taped shoulder seams</li> <li>Screen-print inks are PVC- and phthalate-free</li></ul><br><br><b>Fabric: </b>4.4-oz 100% organic cotton. Recyclable through the Common Threads Recycling Program<br><br><b>Weight: </b>(112 g 3.9 oz)<br><br>Made in USA.",-1,2,0.15152436388008403,0.2829226098437914,-0.0306175596029294,-0.046201342332932986,0.006643370861077875,0.01120864828320944,-0.007889334235384581,0.006616950986518182,-0.003915715732969155,-0.013227755238631117
287,"Girona board shorts - Evoking the Spanish province they were named for, the Girona Board Shorts were born to skin dive and paddle the clear Mediterranean waters of the Costa Brava. The additional length of the Girona boardies provides extra protection from sun, chafe and salt rash. A snap fly with flat tie closure offers a secure fit; the zippered, welted thigh pocket has a drain hole and key loop. Inseam (size 8) is 12"". Made from a strong and stretchy blend of 93% polyester (100% recycled)/7% spandex. Recyclable through the Common Threads Recycling Program.<br><br><b>Details:</b><ul> <li>Stretch-woven recycled polyester and spandex fabric for maximum mobility and comfort</li> <li>Snap fly with flat tie closure for secure fit</li> <li>Zippered welted pocket on hem with drain hole and key loop</li> <li>Low rise</li> <li>""Inseam is 12""""""</li></ul><br><br><b>Fabric: </b>5.4-oz 93% all-recycled polyester/7% spandex. Recyclable through the Common Threads Recycling Program<br><br><b>Weight: </b>(173 g 6 oz)<br><br>Made in Vietnam.",1,1,0.2604266774536578,-0.11756826353402929,-0.04712724438404933,0.12729999524989496,-0.02219888148284842,0.18038494776820982,-0.027588639397961665,-0.02246761015778633,-0.004422026037345007,-0.018991645044704353
288,"North coast t-shirt - The North Coast T-Shirt speaks of days secluded from all but conversations with waves and crows. Cut paper artist Nikki McClure's work appears on a canvas of supersoft organic cotton. The slightly-shaped tee has an athletic, classic boy fit and features a traditional crew neck. Taped shoulder seams and ringspun fabric yarns add comfort. Recyclable through the Common Threads Recycling Program.<br><br><b>Details:</b><ul> <li>Ringspun yarns for a softer hand</li> <li>Taped shoulder seams</li> <li>Screen-print inks are PVC- and phthalate-free</li></ul><br><br><b>Fabric: </b>4.4-oz 100% organic cotton. Recyclable through the Common Threads Recycling Program<br><br><b>Weight: </b>(112 g 3.9 oz)<br><br>Made in USA.",5,2,0.2776620603946108,0.4957004038953791,-0.036015938629812325,-0.08243814721247532,0.00806688281554834,0.03477704276810754,-0.012987489102452076,0.0027425618364567135,-0.04090129952965407,-0.0006850145778219725
289,"Owlin around t-shirt - The Owlin' Around T-Shirt is a wise choice for flights of fancy that take you out on a limb. Artist Jason Stowell's design is printed on 100% ringspun organic cotton using PVC- and phthalate-free inks. The lightweight shirt's Anika fit features a longer torso that's form-fitting, shorter sleeves and wide, deep neckline. Taped shoulder seams are extra soft. Recyclable through the Common Threads Recycling Program.<br><br><b>Details:</b><ul> <li>Ringspun yarns for a softer hand</li> <li>Taped shoulder seams</li> <li>Screen-print inks are PVC- and phthalate-free</li></ul><br><br><b>Fabric: </b>4.4-oz 100% organic cotton. Recyclable through the Common Threads Recycling Program<br><br><b>Weight: </b>(112 g 3.9 oz)<br><br>Made in USA.",5,2,0.3243976229368907,0.5707132168272341,-0.04544617336252685,-0.13767833959634768,-0.01173775028440473,0.07563285897251094,-0.06007960035641464,0.005588050304549241,0.002475683218971888,-0.04674805155057311
290,"Pinback top - Release your inner locomotion with the action-inspired Pinback. The open-back design lets you move unchecked; soft straps tie at the neck for unlimited adjustability and a dynamic fit. A cool blend of 90% organic cotton/10% spandex glides lightly on skin, stretches with each move, and supports without hindering mobility. A hidden empire-line fabric band adds support; the full-length cut protects your torso. Recyclable through the Common Threads Recycling Program.<br><br><b>Details:</b><ul> <li>Features a blend of organic cotton and spandex; airy and lightweight for total mobility without sacrificing support</li> <li>Crossover V-neck design is flattering and increases mobility; open back allows dynamic motion; empire-line fabric band adds support</li> <li>Full-length design provides midtorso coverage</li></ul><br><br><b>Fabric: </b>6.2-oz 90% organic cotton jersey/10% spandex. Recyclable through the Common Threads Recycling Program<br><br><b>Weight: </b>(103 g 3.6 oz)<br><br>Made in Thailand.",-1,7,0.22980643209057147,0.06578198432258385,0.014473556129251006,0.19290215167782923,-0.01299907896230514,0.024608086433952552,0.26069436338893803,-0.02133511760324123,-0.00874481122193097,0.005943183770128927
291,"Print adour btm - Adours have a slightly scooped, low-rise front (lined) and medium coverage in back. Our improved fabric blend is made of 82% nylon/18% spandex.<br><br><b>Details:</b><ul> <li>Medium coverage</li> <li>Lined front</li> <li>Slightly scooping front</li> <li>Low rise</li> <li>Improved fabric</li></ul><br><br><b>Fabric: </b>5.6-oz 82% nylon/18% spandex<br><br><b>Weight: </b>(43 g 1.5 oz)<br><br>Made in USA.",3,7,0.1360656272145204,-0.008029694327861603,-0.014860151474343927,0.08493355529138,0.0371364158941926,0.2529772136996139,0.2925724030666631,-0.11715238507414259,-0.0664557008455556,-0.012405515929175574
292,"Hotline top - As your mind embraces the challenge of that sinister-looking hand crack, give your limbs freedom to flow in the supersoft Hotline Top, made from an airy combination of 90% organic cotton and 10% stretchy spandex. With a cleanly finished scoop neck, spaghetti-style straps that stay put, and the steadfast support of a brushed-elastic internal shelf bra. Long enough in the torso to provide full coverage with low-rise styles. Recyclable through the Common Threads Recycling Program.<br><br><b>Details:</b><ul> <li>Fabric combination is airy and light for maximum mobility and support</li> <li>Cleanly finished seams with thin shoulder straps</li> <li>Internal shelf bra with brushed elastic for support</li> <li>Hip length</li></ul><br><br><b>Fabric: </b>6.2-oz 90% organic cotton/10% spandex. Recyclable through the Common Threads Recycling Program<br><br><b>Weight: </b>(144 g 5 oz)<br><br>Made in Thailand.",-1,7,0.20509521008176884,0.04352365974256556,0.0032075430611375948,0.150622712653886,-0.007983194752789325,0.04469730049897212,0.25329639074577837,0.005859676237728755,-0.02633581712976262,-0.023670010389964226
293,"Houdini full-zip jkt - Now you see it, now you don't. Just like the sun on blustery days, our ultralight, ultrapackable Houdini can shed fickle weather and then disappear when the skies clear - yet it's breathable enough to keep on as you crank through the next squall. The textured triple-ripstop nylon fabric proves surprisingly tough, while the Deluge DWR (durable water repellent) finish wards off flurries six pitches from the deck. The lower-volume hood snugs around the face and head three-dimensionally with a single-pull system. The jacket stuffs into its own out-of-the-way pocket, which has a secure zipper closure and a burly-strong carabiner clip-in loop. With a drawcord hem.  <br><br><b>Details:</b><ul> <li>""Highly breathable, incredibly light textured soft-shell fabric has a strong, triple ripstop pattern and a subtle, slightly transparent appearance; Deluge DWR (durable water repellent) finish""</li> <li>DWR-coated center-front zipper</li> <li>""Zippered exterior chest pocket doubles as a stuff sack, with a reinforced carabiner clip loop""</li> <li>Hood opening and field-of-vision adjustment in one pull</li> <li>""Elastic cuffs, drawcord hem""</li> <li>May be worn over baselayers and light midlayers</li> <li>Reflective heat-transfer logo</li></ul><br><br><b>Fabric: </b>1-oz 15-denier 100% nylon ripstop with Deluge DWR finish. Recyclable through the Common Threads Recycling Program<br><br><b>Weight: </b>(115 g 4 oz)<br><br>Made in China.",1,1,0.30688327368679763,-0.19265808810900104,-0.16073768528867402,-0.1690357664349732,0.020309550919932154,-0.04798675076449546,-0.013195080072822853,-0.0697767910771465,0.06107413149224895,0.0330595412288576
294,"Inga shortie - Short boards and short shorts liven up any shore break. The Inga Shortie is made from soft, sturdy organic cotton canvas, and with a 2"" inseam, they're about the shortest shorts we make. Slim-fitting, five-pocket jean styling and topstitching keep it simple. Other details include a low-rise shaped waistband, belt loops, zip fly and button closure. Recyclable through the Common Threads Recycling Program.<br><br><b>Details:</b><ul> <li>""Soft, sturdy organic cotton canvas""</li> <li>Shaped waistband with belt loops; zip fly with logo shank button closure</li> <li>Five-pocket-jean styling and topstitching</li> <li>Low rise</li> <li>""Inseam is 2""""""</li></ul><br><br><b>Fabric: </b>8.7-oz 100% organic cotton canvas. Recyclable through the Common Threads Recycling Program<br><br><b>Weight: </b>(242 g 8.4 oz)<br><br>Made in Thailand.",1,4,0.24891412179582317,0.06284265861646798,-0.15265950736542921,0.34915073814478326,0.011187196877087965,-0.05171521514812003,-0.1383020999314323,0.002049815061542022,-0.06494339141175302,-0.03454072375032041
295,"Vasana top - The stretchy, sleeveless Vasana offers more shoulder coverage than a tank but still meets the far-reaching demands of the next granite ledge or overhead bin. The slightly cut shoulders are flattering and functional. Made of a 90% organic cotton/10% spandex blend with delicate yoke detail and princess seams for a contoured, hip-length fit. Recyclable through the Common Threads Recycling Program.<br><br><b>Details:</b><ul> <li>Fabric combination is airy and light for maximum mobility and support</li> <li>Versatile sleeveless top with feminine yoke detail</li> <li>Princess seaming front and back for shaping and contouring</li> <li>Hip length</li></ul><br><br><b>Fabric: </b>6.2-oz 90% organic cotton/10% spandex. Recyclable through the Common Threads Recycling Program<br><br><b>Weight: </b>167 g (5.9 oz)<br><br>Made in Thailand.",-1,7,0.1687233121215187,0.07926970222455391,-0.01893847007643661,0.1864767210503425,-0.006669576636875052,0.011786037303794043,0.22958286891549853,-0.02225828666123554,0.009636635303401656,0.02569595240617214
296,"Versatili-tee - At the top of the T-shirt food chain, the Versatili-Tee has satin-stitch finishing and a sensuous drape that humbles the competition. The plaited blend of organic cotton and Tencel has a soft hand and natural stretch. Recyclable through the Common Threads Recycling Program.<br><br><b>Details:</b><ul> <li>Plaited organic cotton and Tencel fabric is soft and comfy</li> <li>Crew neck</li></ul><br><br><b>Fabric: </b>5.5-oz 62% organic cotton/38% Tencel plaited jersey. Recyclable through the Common Threads Recycling Program<br><br><b>Weight: </b>(126 g 4.4 oz)<br><br>Made in Thailand.",5,4,0.19477127942287503,0.19200269490808575,-0.011400127514316136,0.19645292282375296,-0.024355161297549627,-0.1620648331054412,0.1665127472547802,-0.028096859091194266,0.08843197679998954,0.05007190389448661
297,"Versatiliti cardi - A summer-weight cardigan for the woman who studies abroad one month; crags, surfs and lives out of her car the next. This versatile, low-maintenance sweater is made from a soft 62% organic cotton/38% Tencel plaited jersey that places the moisture-wicking Tencel next to the skin. Wear it layered or solo. Recyclable through the Common Threads Recycling Program.<br><br><b>Details:</b><ul> <li>Plaited organic cotton and Tencel fabric is soft and comfy</li> <li>Summer-weight cardigan sweater to layer over or under</li> <li>""Small, feminine buttons down center front""</li> <li>Hip length</li></ul><br><br><b>Fabric: </b>5.5-oz 62% organic cotton/38% Tencel plaited jersey. Recyclable through the Common Threads Recycling Program<br><br><b>Weight: </b>(184 g 6.4 oz)<br><br>Made in Thailand.",5,7,0.17835923172641335,0.11501867174398067,0.0071807977303165235,0.2076424848636038,-0.011010293154150972,-0.17750381767143505,0.21579093065456,-0.03133592594405283,0.08369391966134976,0.06912133949434766
298,Versatiliti tank - Vivid colors and delicate details enliven this season's crop of Versatiliti Tanks. Made of a lightweight blend of 62% organic cotton/38% Tencel that line-dries over night. It has a flattering V-neck and slightly gathered shoulders with a center back seam for a contoured fit. Recyclable through the Common Threads Recycling Program.<br><br><b>Details:</b><ul> <li>Plaited organic cotton/Tencel fabric is soft and comfy</li> <li>Flattering V-neck</li> <li>Delicate gathers at shoulder seam for drape</li></ul><br><br><b>Fabric: </b>5.5-oz 62% organic cotton/38% Tencel plaited jersey. Recyclable through the Common Threads Recycling Program<br><br><b>Weight: </b>(112 g 3.9 oz)<br><br>Made in Thailand.,5,7,0.1922953952710385,0.16200740866351468,-0.022054811851018468,0.23123104525508445,-0.0067615320246009105,-0.1647752038960243,0.2611297144168515,-0.015471482476601928,0.09828844673486516,0.0691996712098699
299,"Active boy shorts - We've worn these versatile, feminine boy shorts as on-the-fly bathing suit bottoms, to Bikram yoga class, as sleepwear - their functionality is limitless. Low-rise Active Boy Shorts are tube-constructed to eliminate chafing side seams, and their soft, technical fabric breathes and wicks moisture to keep you comfortable and dry. We've shortened the flat waistband in front for a fit that won't roll or bind; stretchy shaped openings at legs are newly redesigned with less fabric to minimize bunching. Solids and prints: 4.6-oz 93% nylon/7% spandex.<br><br><b>Details:</b><ul> <li>""Ultrasoft, lightweight fabric with stretch and moisture management""</li> <li>Seamless construction</li> <li>""Waistband and shaped leg openings lie flat, won't roll or bind for well deserved comfort and mobility""</li></ul><br><br><b>Fabric: </b>""4.6-oz 93% nylon/7% spandex, with moisture-wicking performance""<br><br><b>Weight: </b>(31 g 1.1 oz)<br><br>Made in Israel.",-1,1,0.22336883152308265,-0.03989055832158992,0.08096017077881876,0.12698197276758613,0.024848255418340237,0.2018010074545416,0.10474815980613113,-0.06974828468681929,-0.08222629247618737,-0.0634516540559617
300,"Active briefs - Whether you're beating the heat in Bali or skinning up your favorite cirque, these ultrasoft, lightweight briefs provide exceptional stretch and moisture-management for keeping you comfortable and dry. They also glide easily beneath layers. A seamless waistband lies flat and won't roll or bind; newly redesigned single-sided leg binding stays put and is low-profile. With a breathable mini-rib crotch. Solids and prints: 4.6-oz 96% nylon/4% spandex. Stripes: 5.6-oz 93% polyester (58% recycled)/7% spandex.<br><br><b>Details:</b><ul> <li>""Ultrasoft, lightweight fabric with stretch and moisture management""</li> <li>""Seamless waistband lies flat, won't roll or bind, breathable mini-rib crotch, soft, single-sided binding at leg openings wont chafe or creep""</li></ul><br><br><b>Fabric: </b>Solids and prints: 4.6-oz 96% nylon/4% spandex. Stripes: 5.6-oz 94% polyester (58% recycled)/7% spandex. All with moisture-wicking performance<br><br><b>Weight: </b>(28 g 1 oz)<br><br>Made in Israel.",0,1,0.24195862254465347,-0.05420720969373093,0.12343889733683697,0.048552333172958234,-0.00451352150074624,0.14034148808338745,0.10602427784271373,-0.09540673452249232,-0.07553159408187754,-0.043355002025160336
301,"Active classic cami - Worn under a dry top or as a base layer when topping 14,000 feet; the form-fitting Active Classic Cami will toe the line on any expedition. The 360-degree built-in shelf bra and adjustable shoulder straps won't slip or dig into your skin. The tank's supersoft nylon/spandex fabric blend (94%/6%) and seamless tube construction prevent chafing. Longer torso coverage pairs well with low-rise styles.<br><br><b>Details:</b><ul> <li>Supersoft nylon/spandex blend for next-to-skin comfort</li> <li>Seamless construction</li> <li>""360-degree shelf bra with adjustable, nonslip shoulder straps""</li> <li>""Appropriate length for pairing with low-rise style pants, shorts or skirts""</li></ul><br><br><b>Fabric: </b>4.6-oz 94% nylon/6% spandex with moisture-wicking performance<br><br><b>Weight: </b>(72 g 2.5 oz)<br><br>Made in Israel.",11,7,0.22007766403727022,-0.02991811919280103,0.04413681714759962,0.1261728758584498,0.030225722301514376,0.2095781887163266,0.2700763481095541,-0.007461351816573882,-0.051855758473216745,-0.04693863211220039
302,"All-time shell - Since rain is recycled we figure raincoats should be recyclable too. This one is. Made of 100% recycled polyester, the All-Time is equipped with all the technical features that keep you dry in a downpour: a waterproof/breathable H2No barrier with a Deluge DWR (durable water repellent) finish, removable 2-way-adjustable hood, microfleece-lined collar, snap cuffs, 2-way front zip with storm flap and snaps, drawcord hem, water-resistant zippered handwarmer pockets and a vertical internal pocket. The below-hip-length shell has contoured styling for a feminine fit. Recyclable through the Common Threads Recycling Program. <br><br><b>Details:</b><ul> <li>2.5-layer all-recycled-polyester shell repels rain and blocks wind</li> <li>""Removable, 2-way-adjustable hood""</li> <li>2-way front zip with double storm-flap and snaps</li> <li>Collar lined in cozy microfleece for next-to-skin comfort</li> <li>Water-repellent handwarmer pockets have invisible zippers; vertical mesh-lined internal pocket</li> <li>""Snap cuffs, drawcord hem""</li> <li>Just-below-hip length</li></ul><br><br><b>Fabric: </b>""2.5-layer, 4.2-oz 100% all-recycled polyester with a waterproof/breathable H2No barrier and Deluge DWR (durable water repellent) finish. Recyclable through the Common Threads Recycling Program""<br><br><b>Weight: </b>(447 g 15.5 oz)<br><br>Made in China.",1,1,0.3959908516783562,-0.25150468414561644,-0.18263090770342902,-0.19531046050228063,0.053682930474539266,-0.1652255449709816,0.006852045334109619,-0.18667339225164967,0.06530204037724623,0.06604230513114921
303,"All-wear capris - Capris are more discreet than shorts, cooler than pants and more festive than either. Made from a rugged but supple, lightweight 100% organic cotton canvas, that's available in solids and plaids, All-Wears have a flat front and a low-rise waistband shaped for a feminine fit. With two slanted front pockets and two welted rear pockets. Vented hem. The 17"" inseam (size 8) hits below the knee. Recyclable through the Common Threads Recycling Program.<br><br><b>Details:</b><ul> <li>Organic cotton canvas</li> <li>Zip fly with double-button closure on shaped waistband</li> <li>Slanted front pockets and welted back pockets</li> <li>Regular rise</li> <li>""Inseam (size 8) is 17""""""</li></ul><br><br><b>Fabric: </b>5.2-oz 100% organic cotton canvas. Recyclable through the Common Threads Recycling Program<br><br><b>Weight: </b>(256 g 8.9 oz)<br><br>Made in Thailand.",1,4,0.30895997821257715,0.05717528322599808,-0.17148697504587107,0.42089004440903105,0.014833416930891966,-0.07124228721814906,-0.17365806667046738,0.033983267755739704,-0.09454879352367304,-0.05403554590461745
304,"All weather capris - Worthy of your best Downward Facing Dog, comfortable on the journey from produce aisle to hatchback, and breathable enough for running and riding - All-Weather Capris suit today's multi-tasking lifestyle. They have a knit fabric (86% polyester/14% spandex) that's fitted through the hips and thighs, then straight to just below the knee. A flat, flattering low-rise waistband uses minimal elastic for greater comfort. The gusseted crotch makes movement easy; a crossover security pocket at the right hip holds keys, an ID card or lip balm. Inseam (size M) is 18"" and hits just below the knee. A reflective heat-transfer logo and graphics keep you visible.<br><br><b>Details:</b><ul> <li>""Supple, durable, knit fabric that's highly breathable""</li> <li>""Flat, flattering low-rise waistband uses minimal elastic for greater comfort""</li> <li>Crossover security pocket at right hip</li> <li>Fitted through hip and thigh; straight leg</li> <li>Reflective heat-transfer logo and graphics</li> <li>""18"""" inseam; hits just below the knee""</li></ul><br><br><b>Fabric: </b>8.4-oz 86% polyester/14% spandex<br><br><b>Weight: </b>(204 g 7.1 oz)<br><br>Made in Vietnam.",1,1,0.2717698836567281,-0.1137169087100512,-0.0065969653407862055,0.0894729878247062,0.008287727175516185,0.11800172151582498,0.09754857073526539,-0.08992289221565399,-0.024594742766559853,-0.04565084450293964
305,"Inter-continental pants - reg - You'll like the flattering drape of these lightweight pants made from a stretch-woven blend of 52% nylon/48% polyester. The fabric recovers quickly from prolonged sittings and has a DWR (durable water repellent) finish that sheds water. For extra versatility, the legs roll up to a capri length and fasten with snap closures. With two front slant pockets and one back security pocket. Regular rise; inseam (size 8) is 31"". Recyclable through the Common Threads Recycyling Program.<br><br><b>Details:</b><ul> <li>""Mechanical stretch-woven fabric with DWR (durable water repellent) finish; 1"""" waistband (with belt loops)""</li> <li>Zip fly with button closure</li> <li>Quarter-top front pockets; zippered welted back pockets</li> <li>Forward-angled side seams</li> <li>Legs fasten with self-fabric tab and snap for capri length</li> <li>Regular rise</li> <li>""Inseam is 31""""""</li></ul><br><br><b>Fabric: </b>4.5-oz 52% nylon/48% polyester with DWR finish. Recyclable through the Common Threads Recycling Program<br><br><b>Weight: </b>274 g (9.7 oz)<br><br>Made in Vietnam.",1,1,0.34269443937806654,-0.19426679686442175,-0.21223702355091825,0.0847297944113974,0.06613126908040702,0.14349697112382032,-0.12602692087279604,-0.048233031608999985,-0.07967271155214915,-0.08863185063529312
306,"Inter-continental shorts - If you time an ascent of Irene's Arete right, you'll get back in time for a dip in Jenny Lake and your Inter-Continental Shorts will be dry by the time you get to Dornan's Bar. The soft, durable 52% nylon/48% polyester blend has a DWR (durable water repellent) finish that resists wrinkles and dries quickly. The seamless waistband is pack-friendly; hems are wide. With two front pockets and two rear security pockets. Inseam (size 8) is 11"". Recyclable through the Common Threads Recycling Program.<br><br><b>Details:</b><ul> <li>Mechanical stretch-woven fabric with DWR (durable water repellent) finish</li> <li>""1"""" waistband (with belt loops); zip fly with button closure""</li> <li>Quarter-top front pockets; zippered welted back pockets</li> <li>Forward-angled side seams</li> <li>Regular rise</li> <li>""Inseam is 11""""""</li></ul><br><br><b>Fabric: </b>4.5-oz 52% nylon/48% polyester with DWR (durable water repellent) finish. Recyclable through the Common Threads Recycling Program<br><br><b>Weight: </b>(210 g 7.3 oz)<br><br>Made in Vietnam.",1,1,0.36839511261656666,-0.20557356371296664,-0.18113510674995245,0.054634506920431425,0.08151381687639846,0.1478524671081395,-0.16258132664478434,0.012852525767067063,-0.08044198657620302,-0.09488481512734298
307,"Island hemp dress - The soft hand of the Island Hemp Dress is a welcome reprieve after a day of bumping through the saw-toothed rocks of Meat Grinder. Made from a summer-weight blend of organic cotton and hemp (45%/55%), the slim-fitting dress is bias cut with flattering seaming at the hip for contouring and mobility. With a lined bodice, bra-friendly contrast straps and back button closure; hem falls below the knee. Recyclable through the Common Threads Recycling Program.<br><br><b>Details:</b><ul> <li>Summer-weight blend of organic cotton and hemp</li> <li>Bias-cut to ensure drape and contouring</li> <li>""Lined bodice, contrast strap detail, back button closure""</li> <li>Flattering seaming at hip for mobility</li> <li>Hem falls below knee</li></ul><br><br><b>Fabric: </b>4-oz 55% hemp/45% organic cotton plain weave. Recyclable through the Common Threads Recycling Program<br><br><b>Weight: </b>(204 g 7.1 oz)<br><br>Made in China.",1,4,0.15506246312052913,0.07092919831776612,-0.0449411233133709,0.21206859627308175,0.014624319168643525,-0.05196734990154146,0.18767143567338676,-0.015042276974612809,-0.00489408668234387,0.004434867403867454
308,"Alpine wind jkt - On high ridges, steep ice and anything alpine, this jacket serves as a true ""best of all worlds"" staple. It excels as a stand-alone shell for blustery rock climbs, cool-weather trail runs and high-output ski tours. And then, when conditions have you ice and alpine climbing, it functions as a lightly insulated windshirt on the approach, as well as a frictionless midlayer when it's time to bundle up and tie-in. The polyester ripstop shell with a Deluge DWR (durable water repellent) treatment sheds snow and blocks wind, while the smooth, lightly brushed hanging mesh liner wicks moisture, dries fast, and doesn't bind to your baselayers. Superlight stretch-woven underarm panels enhance breathability and allow for unimpaired arm motion, and the two hand pockets close with zippers. A drawcord hem, elastic cuffs, a heat-transfer reflective logo and a regular-coil, center-front zipper with DWR finish round out the features. Updated this season for an improved fit. Recyclable through the Common Threads Recycling Program.<br><br><b>Details:</b><ul> <li>""Lightweight, breathable polyester ripstop fabric with a Deluge DWR (durable water repellent) finish; slightly brushed polyester-mesh liner wicks moisture and dries fast""</li> <li>""Stretch-woven underarm panels provide breathability, stretch for unimpeded range of motion""</li> <li>Center-front zipper has DWR finish</li> <li>Elastic cuffs</li> <li>Zippered handwarmer pockets</li> <li>Drawcord hem</li> <li>Reflective heat-transfer logo</li></ul><br><br><b>Fabric: </b>Shell: 1.3-oz 20-denier 100% polyester ripstop. Panels: 4.6-oz 75-denier 90% all-recycled polyester/10% spandex. Shell and panels have Deluge DWR (durable water repellent) finish. Lining: 100% polyester brushed tricot mesh. Recyclable through the Common Threads Recycling Program<br><br><b>Weight: </b>(274 g 9.5 oz)<br><br>Made in China.",1,1,0.40056229133339094,-0.23777738705035104,-0.06282480541615783,-0.21416047503413624,0.0003816041725884426,-0.054281975257890594,0.046429901698088104,-0.046461077999424304,0.026959579286284868,0.009173620418625319
309,"Aravis 1/4 zip - For corn skiing and other transition-season endeavors, the Aravis 1/4-Zip provides breathable warmth that's great for layering. Made from dense, lightweight fleece that's easy-care and soft, the jacket has distinctive Capilene 3 trim at the neck, pockets, cuffs and hem. A 1/4-zip front zipper and stand-up collar regulate warmth; the zippered sleeve security pocket holds essentials. Recyclable through the Common Threads Recycling Program.<br><br><b>Details:</b><ul> <li>Made of cozy soft polyester fleece</li> <li>1/4-zip front zipper with stand up collar for warmth</li> <li>""Capilene 3 fabric trims neck, cuffs and hem""</li> <li>Zippered sleeve security pocket</li></ul><br><br><b>Fabric: </b>5.9-oz 100% polyester brushed double-sided fleece. Recyclable through the Common Threads Recycling Program<br><br><b>Weight: </b>(279 g 9.7 oz)<br><br>Made in Vietnam.",1,1,0.28343811416612064,-0.1105387050102385,0.017298974563336258,-0.040903933033228174,-0.12204074971702872,-0.2484227406442449,-0.0005083656716213621,0.07722492857333374,0.004143505728554799,0.0242180683882237
310,"Astrid top - The delicately feminine Astrid Top is a refreshing change from the heavy-lipped poundings of a big south swell. Made from our lightest weight blend of organic cotton and Tencel jersey (55%/45%) fabric, the short-sleeved top has a gathered scoop neck for a flattering fit and drape. The ultrasoft shirt falls at the hip. Recyclable through the Common Threads Recycling Program.<br><br><b>Details:</b><ul> <li>Our lightest weight organic cotton and Tencel blend</li> <li>Short-sleeved top with flattering scoop neck</li> <li>Gathers at neck for fit and drape</li> <li>Hip length</li></ul><br><br><b>Fabric: </b>4-oz 55% organic cotton/45% Tencel jersey. Recyclable through the Common Threads Recycling Program<br><br><b>Weight: </b>(109 g 3.8 oz)<br><br>Made in Thailand.",5,4,0.22101372914708553,0.14944946643493737,-0.006640803539058585,0.2836869352765599,-0.04311744231670139,-0.11584236221799706,0.24183726275907963,-0.03773265489229261,0.1054094611501461,0.07938374098964236
311,"Astrid wrap - A casual, elegant wrap to layer over your favorite dress - or to throw on over a tee and jeans. The short-sleeved Astrid Wrap is made of our lightest weight organic cotton/Tencel (55%/45%) fabric. It has an open, front shawl collar with a tie-off hem and gathers at the sleeves and yoke for a very feminine silhouette. Hip length. Recyclable through the Common Threads Recycling Program.<br><br><b>Details:</b><ul> <li>Our lightest weight organic cotton and Tencel blend</li> <li>Short-sleeved wrap top for lightweight layering</li> <li>Gathers at sleeve and yoke for feminine appeal</li> <li>""Soft shawl collar, no front closure""</li> <li>Hip length</li></ul><br><br><b>Fabric: </b>4-oz 55% organic cotton/45% Tencel jersey. Recyclable through the Common Threads Recycling Program<br><br><b>Weight: </b>(222 g 7.7 oz)<br><br>Made in Thailand.",5,4,0.19877522041419812,0.09140126766862225,0.0012179510887399736,0.241943227745939,-0.042131804226398305,-0.12851713576519297,0.13572322753782073,-0.010416606859102855,0.09932510191162908,0.0785606919321884
312,"Baggies shorts - A loyal partner in grime, Baggies love slurping through mud on the Little Colorado and chimneying Thunder River's caverns as much as you do. Made from tough, lightweight Supplex nylon, they're treated with a DWR (durable water repellent) finish that sloughs off rivers, oceans, lakes and downpours. The wide back yoke defines a casual and flattering fit. With quick-draining, partially mesh-lined back pockets. Inseam (size M) is 5"". Recyclable through the Common Threads Recycling Program<br><br><b>Details:</b><ul> <li>Made from nylon for durability</li> <li>Brushed elastic waistband with drawcord</li> <li>Pockets lined with polyester mesh for drainage</li> <li>Regular rise</li> <li>""Inseam (size M) is 5""""""</li></ul><br><br><b>Fabric: </b>4.2-oz 100% Supplex nylon with DWR (durable water repellent) finish. Recyclable through the Common Threads Recycling Program<br><br><b>Weight: </b>(138 g 4.8 oz)<br><br>Made in Costa Rica.",1,1,0.26357989783143565,-0.1577532992468419,-0.14581252161244862,-0.0028029530799848906,0.04850057779834382,0.14278451673768167,-0.007739816322214988,0.022384167962522475,-0.0968272006577788,-0.07462021904670586
313,"Kamala dress - Like the lotus flower it's named for, the Kamala Dress is an aquatic-lifestyle perennial. Flowing organic cotton/Tencel (55%/45%) fabric provides lightweight softness and a smooth drape. A flattering V-neck front with a crossover twist and shirring detail under the bust add a feminine flair. Bra-friendly straps and a doubled bodice keep things discreet. The A-line hem falls above the knee. Recyclable through the Common Threads Recycling Program.<br><br><b>Details:</b><ul> <li>Soft-handed jersey knit with smooth drape</li> <li>Flattering V-neck front with crossover twist</li> <li>Doubled bodice; bra-friendly straps</li> <li>""Shirring under bust, beautiful drape""</li> <li>A-line hem falls above the knee</li></ul><br><br><b>Fabric: </b>4.8-oz 55% organic cotton/45% Tencel. Recyclable   through the Common Threads Recycling Program<br><br><b>Weight: </b>(259 g 9 oz)<br><br>Made in Thailand.",1,7,0.17365728837317504,0.06603737881247077,0.023962680420489896,0.17601407450280399,0.021460238071340065,-0.07886393975373,0.2705623689202865,-0.005193943978328269,0.00831669992596441,0.009569623530455113
314,"Kamala skirt - Worn as a skirt or a dress, the Kamala Skirt adapts to whatever watering hole you encounter. Lightweight organic cotton/Tencel (55%/45%) fabric has a smooth, breeze-catching drape. Worn as a skirt, the wide cinched, shirred waistband adjusts with side ties on one side and has an A-line shape that falls below the knee. As a dress, the doubled waistband converts to a bandeau-style bodice that ties behind the neck with an above-the-knee hem. Waist-to-hem length is 30"". Recyclable through the Common Threads Recycling Program.<br><br><b>Details:</b><ul> <li>Soft-handed jersey knit with smooth drape</li> <li>""Snug, wide, cinched waistband; adjustable on right side with ties""</li> <li>""A-line shape skirt, below the knee length""</li> <li>Skirt's doubled waistband becomes bandeau-style bodice for dress; and ties behind the neck</li></ul><br><br><b>Fabric: </b>4.8-oz 55% organic cotton/45% Tencel. Recyclable through the Common Threads Recycling Program<br><br><b>Weight: </b>(219 g 7.6 oz)<br><br>Made in Thailand.",1,7,0.18238068983303907,0.031560392827999245,-0.02363383215839857,0.20846753201989798,0.009782340882545355,-0.014264847964492034,0.2190674279429381,-0.08044583024014122,-0.04803970445324816,-0.02732419929192751
315,"Kite town t-shirt - Artist Chris Del Moro transforms wind into fun with the whimsical Kite Town T-Shirt. Printed on lightweight, 100% organic cotton using PVC- and phthalate-free inks, the tee has taped shoulder seams that are soft next-to-skin. The shirt's Anika fit features a longer torso that's form-fitting, shorter sleeves and wide, deep neckline. Recyclable through the Common Threads Recycling Program.<br><br><b>Details:</b><ul> <li>Ringspun yarns for a softer hand</li> <li>Taped shoulder seams</li> <li>Screen-print inks are PVC- and phthalate-free</li></ul><br><br><b>Fabric: </b>4.4-oz 100% organic cotton. Recyclable through the Common Threads Recycling Program<br><br><b>Weight: </b>(112 g 3.9 oz)<br><br>Made in USA.",5,2,0.30312787195543794,0.5145992011742943,-0.030836236335295423,-0.12458080760453066,-0.00884056760108231,0.055171907574069035,-0.04867467261648353,-0.004919346168193742,0.007482650019714316,-0.03922285477305041
316,"Barely bra (a/b) - Featherweight yet supportive, our Barely Bra wicks moisture and breathes to keep you cool. The slender, nonslip straps adjust in the back; an underbust band provides gentle support. Lace-like texture is integral to the fabric. Made from a blend of 90% polyester (76% recycled)/6% spandex/4% nylon. Pairs with our Barely Bikini. .<br><br><b>Details:</b><ul> <li>Petal-soft and featherweight fabric blend manages moisture and breathes to keep you cool</li> <li>Seamless construction</li> <li>Underbust band offers gentle support</li> <li>V-front with slender straps that adjust in back and won't slip</li> <li>Lace-like texture is integral to fabric</li> <li>Pairs with our Women's Barely Bra and Barely Everyday Bra</li></ul><br><br><b>Fabric: </b>4.6-oz 90% polyester (76% recycled)/6% spandex/4% nylon<br><br><b>Weight: </b>(25 g 0.9 oz)<br><br>Made in Israel.",-1,7,0.1112761426153369,-0.03832007997843482,0.0639150413478887,0.05872938880117202,0.016437318401599347,0.11451617418621715,0.24569231974816166,0.01666070464799206,-0.0015734861596590967,-0.008440860838284402
317,"Barely everyday bra (b/c) - The flattering Barely Everyday Bra rolls with whatever the day dishes up. The bra's comfortable, pull-on racerback style has comfortable straps that won't dig. Underbust contour seams provide a supportive, defining fit; lined cups for discretion. Quick-dry, recycled fabric is ideal for on-the-road sink baths. Recyclable through the Common Threads Recycling Program.<br><br><b>Details:</b><ul> <li>Petal-soft and lightweight recycled-polyester/spandex blend manages moisture and breathes to keep you cool</li> <li>Underbust panel offers B/C support</li> <li>Slender straps meet at a racerback and don't slip</li> <li>Lace-like texture is integral to fabric</li> <li>Pairs with our Women's Barely Bra and Women's Barely Everyday Bra</li></ul><br><br><b>Fabric: </b>4.6-oz 85% polyester (76% recycled)/15% spandex<br><br><b>Weight: </b>(51 g 1.8 oz)<br><br>Made in Israel.",-1,7,0.12146932829450142,-0.037233571539339774,0.06399655519673125,0.07106223960924914,0.018154196673167037,0.09365505316555986,0.2528581665833681,0.024071308857742717,-0.0030885693054231306,-0.006015339237892972
318,"Barely hipster - The Barely Hipster's form-fitting construction has a soft, lace-like texture that breathes through tough spots. Featherweight recycled polyester/spandex (94%/6%) fabric blend wicks moisture and dries quickly, making it well-suited for hot or cold climates. Recyclable through the Common Threads Recycling Program.<br><br><b>Details:</b><ul> <li>Soft and featherweight recycled-polyester/spandex blend manages moisture and  breathes to keep you cool</li> <li>Seamless construction</li> <li>Lace-like texture is integral to fabric</li> <li>Pairs with our Women's Barely Bra and Women's Barely Everyday Bra</li></ul><br><br><b>Fabric: </b>""4.6-oz 94% polyester (73% recycled)/6% spandex, with a moisture-wicking finish. Recyclable through the Common Threads Recycling Program""<br><br><b>Weight: </b>(23 g 0.8 oz)<br><br>Made in Israel.",-1,7,0.13547232898066494,-0.04016941747417461,0.07532415530905387,0.05211782654229799,0.002918398496699504,0.08536100587102649,0.1995192948806089,-0.012523341156400154,0.012886167965321176,-0.002080048172956817
319,"Symmetry w16 poster - Bill Serantoni ice climbs Fearful Symmetry in Alberta Canada. For 30 years we've paid tribute to human adventures both near and far with a collection of photographs that speak to the passion, joy and beauty of lives spent outside. These photos have appeared exclusively on our Web site, in our catalog and on the walls of our retail stores and specialty outdoor clothiers around the world. And now we are excited to make select photos available to you as posters. We hope they brighten up your space and inspire you to get outside.<br><br><b>Details:</b><ul> <li>""Dimensions: 36"""" x 24""""""</li> <li>Photo by Cory Richards</li></ul><br><br><b>Fabric: </b>Printed with soy inks on recycled paper that contains 50% post-consumer waste<br><br>Printed in USA.",6,10,0.04563655256752767,0.07773093762084106,-0.014863319041536293,-0.05141452022653977,0.012829129434945118,0.07434298976556071,-0.016240842044062984,0.026180626511484728,-0.5156922043116013,0.7167608286906729
320,"Synch snap-t - A perennial staple, the Snap-T pullover keeps us toasty in Central Coast sundowners and well-ventilated while digging out Montana snowbanks. Made to exceptionally high standards from thick, cozy double-faced polyester fleece (86% recycled), it has Y-Joint sleeves, a taped placket and an on-seam snap chest pocket. Recyclable through the Common Threads Recycling Program.<br><br><b>Details:</b><ul> <li>4-snap placket reinforced with Supplex nylon</li> <li>Y-Joint sleeves</li> <li>Snap chest pocket</li> <li>Nylon/spandex cuffs</li></ul><br><br><b>Fabric: </b>10.6-oz 100% polyester (86% recycled) fleece. Recyclable through the Common Threads Recycling Program<br><br><b>Weight: </b>535 g (18.9 oz)<br><br>Made in Colombia.",0,1,0.18211287260441558,-0.06067936512465822,-0.036777867760987605,-0.005301106430616238,-0.038959954168033745,-0.031307580978309144,0.04464991358604267,0.023032722842922067,0.05501474138537229,0.034262688597817434
321,"Synch vest - When a shirt isn't enough and a jacket is too much, this versatile core-warmer keeps you comfortable without restricting movement. Layer it when chasing spring corn, or wear it alone on cool desert nights. Durable, lightweight double-faced polyester fleece (85% recycled) is just enough to keep the chill out. With zippered handwarmer pockets and elasticized armholes and hem. Recyclable through the Common Threads Recycling Program.<br><br><b>Details:</b><ul> <li>""Soft, recycled double-sided polyester fleece""</li> <li>Zippered handwarmer pockets</li> <li>Simplified trim</li> <li>Elasticized armholes and hem at waist</li></ul><br><br><b>Fabric: </b>7.5-oz 100% polyester (85% recycled) double-faced fleece. Recyclable through the Common Threads Recycling Program<br><br><b>Weight: </b>266 g (9.4 oz)<br><br>Made in Mexico.",1,1,0.24173842166022136,-0.08166577937628744,-0.018992642580784598,-0.05540065706872595,-0.018072055762813854,-0.19406981210072038,0.06027779520894231,0.05207713172028597,0.03152085135760502,0.028483236246341227
322,"Tarpon t-shirt - Channel the determination of the Silver King wearing the Tarpon T-Shirt, which features the work of Florida Keys-based artist Tim Borski. The shirt's made from durable 100% organic cotton and screen-printed using PVC- and phthalate-free inks for a tee that's easier on the environment. Taped shoulder seams and ringspun fabric yarns are soft next-to-skin. Recyclable through the Common Threads Recycling Program.<br><br><b>Details:</b><ul> <li>Ringspun yarns for a softer hand</li> <li>Taped shoulder seams</li> <li>Screen-print inks are PVC- and phthalate-free</li></ul><br><br><b>Fabric: </b>5.4-oz 100% organic cotton. Recyclable through the Common Threads Recycling Program<br><br><b>Weight: </b>(199 g 6.9 oz)<br><br>Made in USA.",5,2,0.33602335915773834,0.6228767584796946,-0.04748558664504458,-0.1951720558315865,0.016986287767976768,0.07499771564194371,-0.05121787711799347,-0.009278289078422357,-0.013804050358182256,-0.05958003601106275
323,"Vitaliti vee - The stretch and refined drape of Vitaliti fabric puts this T-shirt in a class of its own. The soft blend of 55% organic cotton/35% all-recycled polyester/10% spandex is naturally ventilating, wrinkle-resistant and retains its charm on extended trips in irritable conditions. Recyclable through the Common Threads Recycling Program.<br><br><b>Details:</b><ul> <li>Plaited organic cotton and all-recycled-polyester stretch fabric is naturally wrinkle resistant</li> <li>V-neck with self-fabric trim; straight hem</li></ul><br><br><b>Fabric: </b>5.7-oz 55% organic cotton/35% all-recycled polyester/10% spandex. Recyclable through the Common Threads Recycling Program<br><br><b>Weight: </b>(129 g 4.5 oz)<br><br>Made in Thailand.",1,1,0.2679772937134658,0.11647010833134325,-0.004894466801665376,0.19884378776266787,0.03476365688886341,-0.12570776856402863,0.16109670284349506,-0.03269042736394751,0.10441448639697257,0.06328817295698992
324,"Vitalti pants - Soft and stretchy Vitaliti pants make the trip easier no matter how you get there or where you stay. Made of a 55% organic cotton/35% all-recycled polyester/10% spandex blend, the pants retain their shape and have a refinement that goes beyond public transportation. A flat elastic waist and a curved back yoke that wraps into forward side seams create an improved, flattering fit. A stealth zippered side pocket on the right thigh holds essentials. Inseam (size M) is 32"". Recyclable through the Common Threads Recycling Program.<br><br><b>Details:</b><ul> <li>Plaited organic cotton and polyester stretch fabric is naturally wrinkle resistant</li> <li>""Flattering, flat-elastic waistband""</li> <li>Curved back-yoke wraps into forward side seams</li> <li>Stealth zippered pocket on right thigh</li> <li>Regular rise</li> <li>""Inseam (size M) is 32""""""</li></ul><br><br><b>Fabric: </b>5.7-oz 55% organic cotton/35% all-recycled polyester/10% spandex. Recyclable through the Common Threads Recycling Program<br><br><b>Weight: </b>(377 g 13.1 oz)<br><br>Made in Thailand.",1,1,0.31376330619088544,0.012970732609694951,-0.06750698151306747,0.25708217726299026,0.034097662135002954,-0.010191183655121696,0.05227385311163919,-0.028956578489948398,-0.031160306515388966,-0.03659878061966191
325,"Wavefarer board shorts - Wavefarers won't bunch up during a long paddle, and they have a quick dry-time - in case you're lucky enough to wear 'em all day. A snap fly and flat tie closure keep the shorts secure. Made of 4.3-oz nylon, they feature angled side seams and a back yoke with shaping darts that refine the roomy fit; topstitching adds durability. The welted side pocket with key loop has a button closure and a mesh liner for drainage. Inseam (size 8) is 4"". Recyclable through the Common Threads Recycling Program.<br><br><b>Details:</b><ul> <li>""Nylon fabric is lightweight, durable and quick-drying""</li> <li>Snap fly with flat tie closure for secure fit</li> <li>Contoured yoke waistband</li> <li>""Set-in side pocket has key loop, button closure and mesh liner for drainage""</li> <li>Low rise</li> <li>""Inseam is 4""""""</li> <li>Revised for a roomier fit</li></ul><br><br><b>Fabric: </b>4.3-oz 100% nylon with DWR (durable water repellent) finish. Recyclable through the Common Threads Recycling Program<br><br><b>Weight: </b>(121 g 4.2 oz)<br><br>Made in Thailand.",1,1,0.28023305331488674,-0.13014738221827768,-0.11689541388468111,0.11210305203658813,0.03891387007566179,0.17803330986046575,-0.07707248843111707,0.02130700084292161,-0.06869575283546292,-0.06878819065629725
326,"Thrift shorts - The unofficial short for those who wander around aimlessly, with no visible means of support. Made of a light-wearing blend of 65% all-recycled polyester/35% organic cotton in an open weave and puckered texture for maximum airflow. With two front slant pockets and one rear zippered pocket. Inseam (size 32) is 10"". Recyclable through the Common Threads Recycling Program.<br><br><b>Details:</b><ul> <li>Cool-wearing recycled polyester and organic cotton seersucker</li> <li>""Two slanted front pockets, one zippered rear pocket""</li> <li>""Inseam is 10""""""</li></ul><br><br><b>Fabric: </b>3.4-oz 65% all-recycled polyester/35% organic cotton seersucker. Recyclable through the Common Threads Recycling Program<br><br><b>Weight: </b>(207 g 7.2 oz)<br><br>Made in Thailand.",1,1,0.3152115101895201,0.04624643284393032,-0.10075463933463909,0.24724808960683503,-0.04121642813982525,-0.13894062714454275,-0.03961573329321934,0.09734589495715909,0.04650464771013003,0.02373261468664942
327,"Torrentshell jkt - Tropical rain forests share at least one thing with the Patagonia Ice Cap: wet weather. For trekking and hiking in drenching conditions, our new Torrentshell provides 2.5-layer waterproof/breathable protection that's durable, lightweight and without frills. The jacket stuffs into one of two zippered handwarmer pockets (and has a clip-in loop); the hood fits snugly over a helmet, rolls down, stows away, and has a laminated visor; and the center zipper has exterior and interior storm flaps. With pit zips for added ventilation, a microfleece-lined neck and chin and a drawcord hem.<br><br><b>Details:</b><ul> <li>2.5-layer fabric with waterproof/breathable H2No barrier and Deluge DWR  (durable water repellent) finish</li> <li>Laminated visor; 2-way-adjustable hood rolls down and stows</li> <li>Microfleece-lined neck and chin for comfort and enhanced protection of barrier; center zipper has exterior and interior storm flaps to keep water out</li> <li>Pit zips with storm flaps and DWR-treated zippers for wet-weather protection; self-fabric hook-and-loop cuff closures</li> <li>Handwarmer pockets</li> <li>Drawcord hem</li> <li>Packs into zippered self-storage pocket</li></ul><br><br><b>Fabric: </b>""2.5-layer, 2.6-oz 50-denier 100% nylon ripstop with a waterproof/breathable H2No barrier and a Deluge DWR finish""<br><br><b>Weight: </b>(331 g 11.5 oz)<br><br>Made in China.",1,1,0.35486112122765,-0.23634263606787004,-0.15222266910779464,-0.2848708010592403,0.051198632203169336,-0.203272168668422,-0.03045126852623699,-0.27866831268639325,0.08648518215255953,0.10484358583144686
328,"Borderless pants - The Borderless Pants won't hem you in on your quest for freedom. Adaptable to any frontier, these non-restrictive pants have 40-UPF sun protection and are made from a stretchy blend of 95% nylon (60% recycled)/5% spandex fabric that's moisture-wicking and quick-drying. A zip fly with double-snap closure keeps it simple; articulated knee patches keep it free-moving. Front and back stash pockets plus a zippered leg security carry fundamentals. Inseam (size 8) is 32"". Recyclable through the Common Threads Recycling Program.<br><br><b>Details:</b><ul> <li>""Stretch recycled nylon fabric combines wicking performance, mobility and good looks; zip fly with double-snap closure""</li> <li>Waistband with belt loops</li> <li>2 front patch pockets; 2 welted back pockets; zippered security patch pocket on right leg</li> <li>Articulated knee patches</li> <li>Regular rise</li> <li>""Inseam (size 8) is 32""""""</li></ul><br><br><b>Fabric: </b>4-oz 95% nylon (60% recycled)/5% spandex with DWR (durable water repellent) finish. Recyclable through the Common Threads Recycling Program<br><br><b>Weight: </b>260 g (9.2 oz)<br><br>Made in Vietnam.",1,1,0.366417592486043,-0.18464686160047597,-0.15622361035083707,0.15463535594979635,-0.022396011572938426,0.22589939040641083,-0.1480508888785474,-0.057031827456528815,-0.060870545340540656,-0.06832478008598075
329,"Borderless shorts - The Borderless Shorts prefer pushing the limits to staying in the lines; their stretchy, unrestrictive fabric makes them well-suited for out-there exploration. The quick-drying and water-resistant nylon/spandex fabric blend combines wicking performance and mobility, and offers 40-UPF sun protection. Zip fly with double snap closure won't slow you down; front and back pockets store essentials. Inseam (size 8) is 5"". Recyclable through the Common Threads Recycling Program.<br><br><b>Details:</b><ul> <li>""Stretchy recycled nylon fabric combines wicking performance, mobility and good looks""</li> <li>Zip fly with double snap closure</li> <li>Waistband with belt loops</li> <li>Front pockets; welted back pockets</li> <li>Regular rise</li> <li>""Inseam (size 8) is 5""""""</li></ul><br><br><b>Fabric: </b>4-oz 95% nylon (60% recycled)/5% spandex with DWR (durable water repellent) finish. Recyclable through the Common Threads Recycling Program<br><br><b>Weight: </b>(158 g 5.5 oz)<br><br>Made in Vietnam.",1,1,0.3573753731797647,-0.18701828027109876,-0.10962686392577212,0.15941720511837873,-0.032367539277714005,0.2666078797787257,-0.08297258702763079,-0.018774778505691602,-0.0339350320966635,-0.019616318243564194
330,"Borderless zip-off pants - Worn as capris on one side of the border and pants on the other, these versatile hybrids are practically bilingual. Made of a moisture-wicking a nylon/spandex fabric blend with built-in 40-UPF sun protection, they're lightweight and dry in a jiffy. With a zip fly and double-snap closure waistband, two front patch pockets, two welted, mesh-lined back pockets and a phone-fitting leg pocket. Articulated knee patches add mobility. Pants inseam (size 8) is 32""; capris, 18"". Recyclable through the Common Threads Recycling Program.<br><br><b>Details:</b><ul> <li>""Stretchy recycled nylon fabric combines wicking performance, mobility and good looks; zip fly with double-snap closure""</li> <li>Waistband with belt loops</li> <li>Front patch pockets; welted back pockets; zippered security patch pocket on right leg</li> <li>Articulated knee patches</li> <li>Zips off to capris</li> <li>Regular rise</li> <li>""Pants inseam (size 8) is 32""""; capris inseam (size 8) is 18""""""</li></ul><br><br><b>Fabric: </b>4-oz 95% nylon (60% recycled)/5% spandex with DWR (durable water repellent) finish. Recyclable through the Common Threads Recycling Program<br><br><b>Weight: </b>(320 g 11.1 oz)<br><br>Made in Vietnam.",1,1,0.361754876038683,-0.18858037039170789,-0.17399236704758936,0.19893537776349499,-0.01640450266528478,0.2074253876667547,-0.15690706141777905,-0.055315484842109054,-0.0881628719703244,-0.08363383379150034
331,"Traverse pants - Stride lightly from the Juan Tabo picnic area, save a little for climbing high into the Sandias along the Knife Edge, and then empty the tank down the leg-pounding La Luz Trail. For all-out days, Traverses prove as durable as you are. These highly breathable, wind-resistant soft-shell pants are made from a fast-drying 93% all-recycled polyester/7% spandex fabric with 4-way mechanical stretch for unrestricted movement. A Deluge DWR (durable water repellent) finish keeps wet weather out, and the cling-free fit is roomy but not sloppy. Features include: a double-stitched drawcord waistband with a brushed-elastic interior; two handwarmer pockets that are now drop-in (not zippered); a zippered back pocket and 4-panel construction with reinforced knees; a gusseted crotch for freedom of movement; straight legs that work with Nordic boots or running shoes that are now zippered at the cuff (slimmer and tapered when zipped shut; straight when open). A reflective logo on the back right hip and reflective zippers keep you visible. Recyclable through the Common Threads Recycling Program.<br><br><b>Details:</b><ul> <li>""Fast drying stretch-woven polyester soft shell is durable, soft and delivers 4-way stretch""</li> <li>Deluge DWR (durable water repellent) finish for weather protection</li> <li>Double-needle-stitched drawcord waistband with brushed-elastic interior</li> <li>4-panel construction with gusseted crotch and tapered leg for active fit</li> <li>Reflective hem zippers open up to create a straight leg silhouette to fit over running shoes</li> <li>Reflective logo on back hip (right side)</li></ul><br><br><b>Fabric: </b>4.7-oz 70-denier 93% all-recycled polyester/7% spandex with 4-way mechanical stretch and Deluge DWR finish. Recyclable through the Common Threads Recycling Program<br><br><b>Weight: </b>(311 g 10.8 oz)<br><br>Made in Vietnam.",1,1,0.407457476840913,-0.20666841392753618,-0.09399592998809132,-0.09266678169805762,0.008820699822044411,0.023247185661144414,-0.006378467685052462,-0.15396523389823955,-0.03933007974104456,-0.047494068776983034
332,"Traversing auguille d'entreves - Janine Patitucci navigates a summer traverse of the Aiguille dEntr?ves. Mount Blanc Massif, France. For 30 years we've paid tribute to human adventures both near and far with a collection of photographs that speak to the passion, joy and beauty of lives spent outside. These photos have appeared exclusively on our Web site, in our catalog and on the walls of our retail stores and specialty outdoor clothiers around the world. And now we are excited to make select photos available to you as posters. We hope they brighten up your space and inspire you to get outside.<br><br><b>Details:</b><ul> <li>""Dimensions: 36"""" x 24""""""</li> <li>Photo by Dan Patitucci,A`~}</li></ul><br><br><b>Fabric: </b>Printed on recycled paper with soy inks.<br><br>Printed in USA.",6,10,0.04680939129411737,0.07940040282262263,-0.01627653969908244,-0.04955272822783123,0.012969397629193087,0.0720656056115373,-0.01317948768135964,0.026568844426567824,-0.5019931330761095,0.6977037141016869
333,"Trout head t-shirt - The vibrant spirit of the trout is captured by the colorful, unique style of artist A.D. Maddox, seen here on the Trout Head T-Shirt. The tee is printed on a 100% organic cotton canvas, using inks that are PVC- and phthalate-free. Ringspun yarns and taped shoulder seams lend a soft hand. The shirt is Recyclable through the Common Threads Recycling Program.<br><br><b>Details:</b><ul> <li>Ringspun yarns for a softer hand</li> <li>Taped shoulder seams</li> <li>Screen-print inks are PVC- and phthalate-free</li></ul><br><br><b>Fabric: </b>5.4-oz 100% organic cotton. Recyclable through the Common Threads Recycling Program<br><br><b>Weight: </b>(199 g 6.9 oz)<br><br>Made in USA.",5,2,0.28912535987429505,0.580894137791454,-0.053103939224285815,-0.15141600775208708,0.013721692774538337,0.05704215805190269,-0.048875633696156696,-0.007778373690664684,-0.008685159005510427,-0.05090375556108942
334,"Live simply deer t-shirt - Adaptability is simply a matter of survival for the deer, who's at home in just about any habitat. The Live Simply Deer T-Shirt features original artwork by Geoff McFetridge, and is printed on lightweight, 100% organic cotton with inks that are PVC- and phthalate-free. The slightly-shaped tee has an athletic, classic boy fit and features a traditional crew neck. Ringspun fabric yarns and taped shoulder seams are soft next-to-skin. Recyclable through the Common Threads Recycling Program.<br><br><b>Details:</b><ul> <li>Ringspun yarns for a softer hand</li> <li>Taped shoulder seams</li> <li>Screen-print inks are PVC- and phthalate-free</li></ul><br><br><b>Fabric: </b>4.4-oz 100% organic cotton. Recyclable through the Common Threads Recycling Program<br><br><b>Weight: </b>(112 g 3.9 oz)<br><br>Made in USA.",5,2,0.29240270050451705,0.567250191018766,-0.034804294267362076,-0.15799532563901053,0.004368906557517668,0.06521177604389107,-0.014757884099480149,-0.031665053717270894,-0.01089268310971999,-0.06085212642920434
335,"Live simply guitar t-shirt - Live life unplugged. The lightweight tee is made from soft, ringspun 100% organic cotton fabric with artwork by Geoff McFetridge. The slightly-shaped tee has an athletic, classic boy fit and features a traditional crew neck. Taped shoulder seams and double stitched sleeves and hem provide durability; coverstitching at sleeve and neck add a clean finish. Recyclable through the Common Threads Recycling Program.<br><br><b>Details:</b><ul> <li>Ringspun yarns for a softer hand</li> <li>Taped shoulder seams</li> <li>Screen-print inks are PVC- and phthalate-free</li></ul><br><br><b>Fabric: </b>4.4-oz 100% organic cotton. Recyclable through the Common Threads Recycling Program<br><br><b>Weight: </b>(112 g 3.9 oz)<br><br>Made in USA.",5,2,0.3522107040259693,0.5453770771623591,-0.025997975574311986,-0.12443563497955643,-0.023454925913446067,0.027318856999943353,0.02149141730092115,0.010217430564982817,0.019308576768912396,-0.031439970617037793
336,"Live simply pelican t-shirt - Nest, surf thermals, fish or simply float - a pelican's day is easy to navigate. Original artwork by Geoff McFetridge graces the Live Simply Pelican T-Shirt, printed on  lightweight, 100% organic cotton. The slightly-shaped tee has an athletic, classic boy fit and features a traditional crew neck. Ringspun yarns and taped shoulder seams lend a soft hand. The shirt is recyclable through the Common Threads Recycling Program.<br><br><b>Details:</b><ul> <li>Ringspun yarns for a softer hand</li> <li>Taped shoulder seams</li> <li>Screen-print inks are PVC- and phthalate-free</li></ul><br><br><b>Fabric: </b>4.4-oz 100% organic cotton. Recyclable through the Common Threads Recycling Program<br><br><b>Weight: </b>(112 g 3.9 oz)<br><br>Made in USA.",5,2,0.268978421804042,0.4947605954067776,-0.03448568195395482,-0.12534129892364104,-0.004724856503107499,0.044389071244822095,0.0057541761289245045,-0.0059350991372056905,0.004279559097101126,-0.040338822714581835
337,"L/s gravi-tee - Gravity never felt lighter than from inside this soft organic cotton/Tencel tee. We added 5% spandex for the long reach and an original graphic on the back to beguile your belay. With a V-neck and hip length. Recyclable through the Common Threads Recycling Program.<br><br><b>Details:</b><ul> <li>""A blend of organic cotton and Tencel, with a touch of spandex for stretch and performance""</li> <li>V-neck long-sleeved top with screen graphic below back neckline</li> <li>Hip length</li></ul><br><br><b>Fabric: </b>6.1-oz 54% organic cotton/41% Tencel/5% spandex jersey. Recyclable through the Common Threads Recycling Program<br><br><b>Weight: </b>(204 g 7.1 oz)<br><br>Made in Thailand.",5,1,0.283294370517416,0.1929485779584749,0.002116629606605455,0.2694076924247689,-0.04672536264844968,-0.10011470263019301,0.25327889248079627,-0.07288449952423172,0.10354278838387623,0.06434956490720624
338,"Ultra hw mountaineering socks - Every weather window shuts eventually - some faster than others. These ultra-warm socks stymie the raw temps of skiing, ice climbing and mountaineering so you can keep moving when the barometer hits bottom. Tightly knit from a blend of 75% chlorine-free merino wool for warmth, they also have 12% nylon/10% polyester/3% spandex to balance durability and wicking performance. Soft, felted merino wool yarns throughout cushion, insulate, and last the lifetime of the sock; looped Lintoe construction adds additional comfort. Height is 10.5""  allowing for use under big boots.<br><br><b>Details:</b><ul> <li>Heavyweight wool blend insulates against extreme cold and provides excellent cushioning</li> <li>""Fabric content and strategic knit balances warmth, durability and wicking performance""</li> <li>""Soft, plush merino wool is chlorine-free, itch-free and maintains durability and cushioning for the lifetime of the socks""</li> <li>Looped Lintoe construction creates the smallest and flattest seam possible for ultimate toe comfort</li></ul><br><br><b>Fabric: </b>75% chlorine-free merino wool/12% nylon/10% polyester/3% spandex<br><br><b>Weight: </b>(152 g 5.3 oz)<br><br>Made in USA.",8,5,0.19832378314993987,-0.006168466191450297,0.2997623160493779,0.014079381196935265,0.3349057582177082,0.11241928041262722,0.027087131241244164,-0.00850069694754508,0.02428431654085487,-0.005935141050991345
339,"Ultra lw endurance ped socks - Socks for fiery days when even the shade feels scorched. These are our thinnest, lightest weight socks with minimal ankle coverage for turning on the boosters. Their channel-knit construction maximizes cushion while minimizing weight, increases airflow and dissipates excess heat. Other features include a looped Lintoe construction for a smooth, inconspicuous toe seam and the low-profile fit is cut higher in back for extra Achilles protection. Made from 30% nylon/28% Coolmax/27% chlorine-free merino wool/12% polyester/3% spandex. Height is 3"".<br><br><b>Details:</b><ul> <li>Ultra-lightweight wool blend strategically knit for excellent breathability and wicking</li> <li>""Full, channel-knit construction under the entire foot provides the most cushioning with the least bulk""</li> <li>Looped Lintoe construction creates the smallest and flattest seam possible for ultimate toe comfort</li> <li>Flex zones at toe for comfort and to prevent bunching</li></ul><br><br><b>Fabric: </b>30% nylon/28% Coolmax/27% chlorine-free merino wool/12% polyester/3% spandex<br><br><b>Weight: </b>(28 g 1 oz)<br><br>Made in USA.",8,5,0.20908224949281995,-0.04654418249225669,0.2449509915432709,0.03205732122917353,0.24803428422803347,0.16129455626074535,0.10350803300849329,-0.018437262310331902,0.03069246259910549,-0.0023849848205857323
340,"Cap 1 graphic t-shirt - An elegant union of graceful design and technical ability, our silky Capilene 1 Graphic T-shirt provides dry, cool comfort and sun protection. Made from our lightest-weight Capilene performance baselayer fabric (3.7-oz all-recycled polyester), this breathable, fast-drying shirt features a flattering V-neck with a brushed, folded-over elastic collar that's soft against the skin, raglan sleeves that reduce chafe under packs, a tuckable length and a feminine silhouette. Sublimated graphics won't impede breathability. With Gladiodor natural odor control for the garment and 15-UPF sun protection. Recyclable through the Common Threads Recycling Program.<br><br><b>Details:</b><ul> <li>Silky soft Capilene 1 is the lightest of our technical baselayer fabrics</li> <li>""Fast-drying, highly breathable and sleek, it provides 15-UPF sun protection and can be worn either on its own or under layers in cooler temps""</li> <li>V-neck vents excess heat</li> <li>""Brushed, fold-over elastic collar is soft against skin""</li> <li>Graphic elements sublimated into the fabric won't impede breathability or wicking performance</li> <li>Cut long enough to tuck in</li></ul><br><br><b>Fabric: </b>3.7-oz 100% recycled polyester with Gladiodor natural odor control for the garment and 15-UPF sun protection. Recyclable through the Common Threads Recycling Program<br><br><b>Weight: </b>(95 g 3.3 oz)<br><br>Made in USA.",0,3,0.33032529780953646,-0.04430526096160529,0.3916740908740508,-0.02084516308184323,-0.4227685268928699,0.07103719943561645,-0.11570351984924555,-0.022186735453181262,0.15272664953404058,0.11073725867981364
341,"Cap 1 scoop - This silky top is designed for desert runs and other fast-forward pursuits in hot temps. Made from our lightest-weight Capilene performance baselayer fabric, it wicks moisture, breathes, and provides sun protection. A slightly scooped neck with self-fabric binding is soft and pliable, and raglan-style sleeves won't chafe beneath pack straps. Made from 3.7-oz 100% all-recycled polyester, with Gladiodor natural odor control for the garment and 15-UPF sun protection. Tuckable length. Recyclable through the Common Threads Recycling Program.<br><br><b>Details:</b><ul> <li>Silky soft Capilene 1 is the lightest of our technical baselayer fabrics</li> <li>""Fast-drying, highly breathable and sleek, it provides 15-UPF sun protection and can be worn either on its own or under layers in cooler temps""</li> <li>Neck is slightly scooped with pliable self-fabric binding</li> <li>Raglan sleeves reduce chafe beneath pack straps</li> <li>Cut long enough to tuck in</li></ul><br><br><b>Fabric: </b>3.7-oz 100% recycled polyester with Gladiodor natural odor control for the garment and 15-UPF sun protection. Recyclable through the Common Threads Recycling Program<br><br><b>Weight: </b>(129 g 4.5 oz)<br><br>Made in USA.",0,3,0.3098897026903632,-0.08746245168442864,0.40380761230071743,-0.005746970572201557,-0.41020007271753905,0.08557339546759833,-0.0953462838831051,0.02537275487808247,0.10546008673226123,0.08987722271821713
342,"Riverwalker vest - When the caddis are coming off so thick you have to breathe carefully and the surface is boiling, you need quick, easy access to all your gear. The Riverwalker is our classic Mesh Vest updated with 20 years of design experience, putting everything you need right where you need it. Convenient, easy-to-use curved zippers provide superior access and a cleaner, more fly-line-friendly exterior. The Riverwalker now has dual closures (zipper and clasp) for a versatile fit as well as new, 100% nylon pockets. More features: polyester mesh body for breathability and low moisture retention, padded neck support, storage specifically designed for fly boxes, tippet and tools, integrated attachment points, a removable fly patch and a built-in rod holder and two D-rings on front, one on back. With two internal zippered pockets.<br><br><b>Details:</b><ul> <li>""Mesh and tough woven fabric combine for durability, comfort, breathability and low moisture retention; upper curved zipper panels maximize access""</li> <li>Multiple fly box; tippet tool and accessory pockets for on-the-water organization; padded neck support</li> <li>""Integrated attachment points, removable/stowable fly patch, built-in rod holder""</li> <li>Back zip storage capability</li> <li>Dual closures (zipper and clasp) allow for a customized fit</li> <li>Two Beastie D-rings on front one on back</li> <li>Large haul loop for hanging/carrying</li></ul><br><br><b>Fabric: </b>Body: 4.6-oz polyester mesh. Pockets: 4.3-oz 100% nylon with DWR (durable water repellent) finish. Collar: 3.8-oz 100% polyester<br><br><b>Weight: </b>(478 g 16.6 oz)<br><br>Made in China.",2,1,0.2622390019441921,-0.12992438047946425,-0.09471589483805917,-0.06129080382729385,0.04189079980683631,0.009510031241887217,0.07093482901665989,0.2130050563081904,-0.027969006975240046,-0.018285523203537934
343,"Rock guide pants - First and foremost, these lightweight, soft, stretch-woven nylon pants with 2-way stretch serve a primary purpose: climbing. They have articulated knees and a gusseted crotch to match body dynamics and a 2-way zippered fly for hassle-free relief while wearing a harness. The athletic (not baggy) cut includes straight lower legs with a wide hem, making for easy-to-roll-up cuffs that stay in place through footwork-intensive routes. The button waist has belt loops and a brushed interior for next-to-skin comfort. Pockets include two handwarmers, one rear zippered hip and one stitched-on zippered thigh. With 40-UPF sun protection. Inseam (size 32) is 32"". Recyclable through the Common Threads Recycling Program.<br><br><b>Details:</b><ul> <li>""Lightweight, stretch-woven nylon/spandex with Deluge DWR (durable water repellent) finish""</li> <li>Provides 40-UPF sun protection</li> <li>Zip fly with top snap</li> <li>Belt loops</li> <li>""Pockets: handwarmers, one rear zippered hip, stitched on zippered thigh""</li> <li>Gusseted crotch</li> <li>Articulated knees; wider hem ensures pants stay rolled up</li></ul><br><br><b>Fabric: </b>4.5-oz 96-denier 96% stretch-woven nylon/4% spandex with Deluge DWR finish. Recyclable through the Common Threads Recycling Program<br><br><b>Weight: </b>(302 g 10.5 oz)<br><br>Made in Vietnam.",1,1,0.4231396121167153,-0.21409045143111222,-0.1277050317867104,0.024365035413316884,-0.02413675771482711,0.22445251268785016,-0.10617076410141181,-0.1795079586650671,-0.019117901304561407,-0.04094209461252567
344,"Velocity visor - For going all-out on the trail or staying put on the beach, the Velocity Visor provides all-day sun protection for about the weight of your shoelaces. It shades the eyes and face from scorching rays or pounding rain but allows complete ventilation to keep your noodle from becoming al dente. Made from fast-drying 100% polyester, with a Coolmax headband to wick moisture and a dark underbill for glare. You can customize the fit with the elastic and buckle closure.<br><br><b>Details:</b><ul> <li>Adjustable rear buckle with elastic for snug fit</li> <li>Coolmax headband to wick moisture</li> <li>Dark underbill reduces glare</li></ul><br><br><b>Fabric: </b>3.2-oz 100% polyester<br><br><b>Weight: </b>(63 g 2.2 oz)<br><br>Made in China.",4,1,0.13149472315586358,-0.06635184473917712,0.05491903505454232,-0.004526078487643426,-0.046549076103903096,0.05266721456662173,0.014499245772546738,0.02199208220397038,0.0515116925993842,0.040976963356229974
345,"Versatiliti polo - Civilized, but ready for action, the Versatiliti Polo's rib-knit collar and wrinkle-resistant 62% organic cotton/38% Tencel plaited jersey still looks great even after a week stuffed in a backpack. Raglan sleeves and contrast tipping on the set-in chest pocket and the 3-button placket give it an old-school feel; the straight hem with side vents looks good tucked, or not.<br><br><b>Details:</b><ul> <li>""Environmentally conscious, travel-friendly lightweight organic cotton and Tencel is soft and comfy""</li> <li>Single set-in chest pocket with tipping</li> <li>Raglan sleeves</li></ul><br><br><b>Fabric: </b>5.5-oz 62% organic cotton/38% Tencel plaited jersey. Recyclable through the Common Threads Recycling Program<br><br><b>Weight: </b>(225 g 7.8 oz)<br><br>Made in Thailand.",5,1,0.21926626231113241,0.08774477853136545,0.016738666250963936,0.21154192057649085,-0.059551283364190424,-0.20182743172960066,0.13455661450702827,0.05152308906402989,0.13243780053162632,0.09710821670916754
346,"Versatiliti tee - A free-moving, breathable and famously resilient tee-shirt, the Versatiliti is designed for the perfect blend of town and country. Its soft 5.5-oz 62% organic cotton is combined with durable yet silky 38% Tencel plaited jersey. For play that's a little bit like work, and vice versa. Recyclable through the Common Threads Recycling Program.<br><br><b>Details:</b><ul> <li>""Environmentally conscious, travel-friendly lightweight organic cotton and Tencel is soft and comfy""</li> <li>Crew neck</li></ul><br><br><b>Fabric: </b>5.5-oz 62% organic cotton/38% Tencel plaited jersey. Recyclable through the Common Threads Recycling Program<br><br><b>Weight: </b>(190 g 6.6 oz)<br><br>Made in Thailand.",5,1,0.20982359799610742,0.18717513057970553,-0.006243123976390565,0.19337028091390407,-0.021238881609736394,-0.15610864378431685,0.15692004206508628,-0.017546516618595003,0.11076491935831406,0.06622896648390679
347,"Vintage logo pkt t-shirt - Keep it on the down-low with the classic Vintage Logo Pocket T-Shirt. Printed using PVC- and phthalate-free inks on organic cotton, the small pocket logo is as old-school as it gets. Taped shoulder seams and ringspun fabric yarns add softness. Recyclable through the Common Threads Recycling Program.<br><br><b>Details:</b><ul> <li>Ringspun yarns for a softer hand</li> <li>Taped shoulder seams</li> <li>Screen-print inks are PVC- and phthalate-free</li></ul><br><br><b>Fabric: </b>5.4-oz 100% organic cotton. Recyclable through the Common Threads Recycling Program<br><br><b>Weight: </b>(175 g 6.1 oz)<br><br>Made in USA.",5,2,0.35064075786982196,0.5764238724186393,-0.07405933462411372,-0.16329465903640558,0.01794061357794247,0.05942327019426991,-0.058848544251758776,0.020897290185345866,0.0006594187181169877,-0.049759196120455255
348,"Runshade t-shirt - There's a long trail ahead and you're out of gels - at least you'll be comfortable wearing this shirt, made from breathable 100% polyester jersey that wicks moisture, provides 30-UPF sun protection, and dries quickly. Improvements to the Runshade include a more durable fabric, a more relaxed collar fit, and raglan sleeves with side panels to reduce seam chafing from your hydration pack straps. A reflective heat-transfer logo keeps you visible. Recyclable through the Common Threads Recycling Program.<br><br><b>Details:</b><ul> <li>""Moisture-wicking, Runshade fabric throughout is super soft and provides 30-UPF sun protection""</li> <li>Relaxed crew collar provides good sun coverage without being restrictive</li> <li>Raglan sleeves and underarm panels keep seams out of the way of pack straps</li> <li>Reflective heat-transfer logo</li></ul><br><br><b>Fabric: </b>4.3-oz 100% polyester jersey. Recyclable through the Common Threads Recycling Program<br><br><b>Weight: </b>(150 g 5.2 oz)<br><br>Made in Vietnam.",0,9,0.28623538547572885,-0.06491335604658134,0.18697926783667565,-0.041135582960083746,-0.2402327610668362,0.1323422369169011,-0.006781229018660834,0.09517742834070567,0.33503444768072854,0.20614198388926128
349,"Shelled insulator pants - When the days get short and the water's only liquid because it's moving, our Shelled Insulators come into their own. Now made with fully bonded, 3-layer polyester soft-shell fabric that includes a windproof membrane and soft, grid-backed interior, these pants provide tough, water-resistant performance, full-stretch freedom and unparalleled coziness under waders. For increased convenience and a touch of civilization, we've also added belt loops and a zippered fly. Details include two front tricot-lined pockets, a zippered horizontal hip pocket, and gusseted cuffs with hook-and-loop adjustment for secure fit at the ankle.<br><br><b>Details:</b><ul> <li>3-layer stretch-woven polyester soft-shell fabric combines a tough water-resistant exterior backed with a windproof film laminate and soft grid-backed insulation on the inside</li> <li>Brushed tricot-lined constructed waist with belt loops</li> <li>Zippered fly</li> <li>""Two tricot-lined pockets in front, one tricot-lined hip pocket with horizontal zipper""</li> <li>Gusseted cuffs and hook-and-loop closure offer a secure fit at the ankle</li></ul><br><br><b>Fabric: </b>9.6-oz 70-denier 86% polyester/14% spandex bonded to a windproof membrane with Deluge DWR (durable water repellent) finish<br><br><b>Weight: </b>(559 g 19.4 oz)<br><br>Made in Colombia.",-1,1,0.30685050541039216,-0.16566021214539772,-0.1098687667074016,-0.05479315378874346,0.031135867661812346,-0.0007672762212804663,0.007359518027171424,-0.058763078970930145,-0.06355177262570423,-0.05013769353330978
350,"Shop pants - long - More at home under the truck than inside it, our Shop Pants are made from garment-washed 10-oz 100% organic cotton canvas that's tool-resistant yet breaks in easily. They have a shaped waist, jeans-style pocketing, steel rivets, double-fabric knees and reinforced ""mud flaps"" above the cuffs. Inseams (size 32): regular is 32"";  short is 30"" and long 34"". Recyclable through the Common Threads Recycling Program.<br><br><b>Details:</b><ul> <li>""Made from 10-oz year-round weight organic cotton canvas for a tough, yet skin-friendly feel""</li> <li>Waistband slightly lower in front for fit and mobility</li> <li>Zip fly with button closure</li> <li>5-pocket jeans styling</li> <li>Patch pockets on back</li> <li>Double-fabric knees; straight legs</li> <li>""Inseam length is 34""""""</li></ul><br><br><b>Fabric: </b>10-oz 100% organic cotton canvas. Recyclable through the Common Threads Recycling Program<br><br><b>Weight: </b>652 g (23 oz)<br><br>Made in Thailand.",1,4,0.3156151980689366,0.04916781661321864,-0.1710689940264286,0.40489695596566516,0.05722425798805359,-0.1850261595788029,-0.15799164634259327,-0.006986695822062589,-0.08380524530137605,-0.00706454272301345
351,"Rain shadow pants - Light enough to be an afterthought - until the downpour - our Rain Shadow Pants provide fully seam-sealed waterproof/breathable protection. They're made from packable, lightweight and tear-resistant 2.5-layer 100% nylon with a waterproof/breathable H2No barrier and a Deluge DWR (durable water repellent) finish. On the inside, a raised pattern diffuses and channels moisture away from the skin, aids in hassle-free layering, and enhances long-term durability. Features include a buttoned, zip-fly-separating waistband with partial elastic; a cleaner, more comfortable finish; anatomically contoured knees; and new fully separating side zips with snap closures at the ankle and waist. Gripper elastic cuffs.<br><br><b>Details:</b><ul> <li>2.5-layer tear-resistant fabric with a waterproof/breathable H2No barrier and Deluge DWR (durable water repellent) finish</li> <li>""Highly engineered interior surface texture channels moisture away from skin, protects the waterproof barrier from abrasion and slides easily over layers""</li> <li>""Updated, clean-finished separating waistband is partially elasticized and has a zip fly""</li> <li>Fully separating side-zips with snap closures at the ankle and waist</li> <li>Articulated knees</li> <li>Elastic cuff at the ankle</li></ul><br><br><b>Fabric: </b>""2.5-layer, 2.5-oz 100% nylon with a waterproof/breathable H2No barrier and Deluge DWR finish""<br><br><b>Weight: </b>(294 g 10.2 oz)<br><br>Made in Vietnam.",1,1,0.3250541234058551,-0.19806247547167316,-0.13761844783557556,-0.16499263487667226,0.08287823258313629,-0.06072894416891575,-0.07269427502530307,-0.3163456797644449,-0.0055801717838653,0.01037061982232433
352,"Rain shadow trench coat - This sleek, full-length waterproof raincoat works the city beat with the weather-protective skills we learned in the mountains. The surface fabric is a nicely textured ripstop nylon with a waterproof/breathable H2No barrier and a Deluge DWR (durable water repellent) finish. Princess seaming and deftly placed darts create a feminine contour. Packable and lightweight, with an adjustable, removable hood, a full snap-front placket with a 2-way zipper nestled inside a storm flap, adjustable cuffs and water-resistant zippered handwarmer pockets.<br><br><b>Details:</b><ul> <li>""2.5-layer tear-resistant fabric is packable and lightweight, interior surface texture channels moisture away from skin, protects the waterproof barrier from abrasion and slides easily over layers""</li> <li>""Adjustable, removable hood secures with hidden snaps""</li> <li>""Full front placket with snaps and 2-way zipper covered with storm flap, articulated elbows, two-position-snap cuffs""</li> <li>""Princess seaming and darts, front and back, for feminine shaping""</li></ul><br><br><b>Fabric: </b>""2.5-layer, 2.7-oz 50-denier 100% nylon ripstop with a waterproof/breathable H2No barrier and Deluge DWR (durable water repellent) finish""<br><br><b>Weight: </b>(346 g 12 oz)<br><br>Made in China.",1,1,0.31165885210692323,-0.20344014740534516,-0.1603696477664955,-0.21632989730040006,0.07034680288888759,-0.1338743048957617,0.006770339735587823,-0.23270731748602505,0.06205919084967362,0.06429257892703681
353,"Simple guide pants - A staple for rock, ice and mixed climbing, spring skiing and all things mountain, our revised soft-shell Simple Guide Pants deliver in every condition. They're our lightest stretch-woven alpine pant, and the polyester (100% recycled)/spandex double-weave blend stretches with your every stride, stays durable, moves sweat, breathes, and resists weather. Updated styling includes straight lower legs, a zippered fly and a partially elasticized waistband. Other features include articulated knees and a gusseted crotch to help you stay limber, and DWR (durable water repellent) treated reverse-coil zippers on the pockets: two front, one thigh and one rear hip. Recyclable through the Common Threads Recycling Program.<br><br><b>Details:</b><ul> <li>""Lightweight stretch-woven fabric (100% recycled) with a DWR (durable water repellent) finish, wicks moisture, breathes and dries quickly while resisting weather and abrasion""</li> <li>Updated fit and styling</li> <li>""Separating, partially elasticized waistband with zippered fly""</li> <li>""Pockets: handwarmers, cargo, and back - all with DWR-treated reverse-coil zippers""</li> <li>""Gusseted crotch, articulated knees for full mobility""</li></ul><br><br><b>Fabric: </b>6.2-oz 91% all-recycled polyester/9% spandex double weave with Deluge DWR (durable water repellent) finish. Recyclable through the Common Threads Recycling Program<br><br><b>Weight: </b>(354 g 12.3 oz)<br><br>Made in Thailand.",1,1,0.3803968470162738,-0.21905992575534713,-0.16014553670145487,-0.0036642965005052016,0.08464658400025592,0.08690926484839064,-0.08363193797977256,-0.15387943374803292,-0.11104688233952613,-0.1032923323231402
354,"Single shot - The Single Shot organizes your daily necessities with its thoughtful, efficient design. A simple flap with hook-and-loop closure accesses a main compartment that has a zippered mesh pocket; two organizer pockets (one with an internal security pocket) keep smaller gear at your fingertips. An easy-access document sleeve holds airline tickets, reading material or a notebook. The long, adjustable shoulder strap and top-mounted carry handle make the bag both comfortable and convenient to haul. Made from 150-denier all-recycled polyester double weave with a polyurethane coating and a DWR (durable water repellent) finish.<br><br><b>Details:</b><ul> <li>""Flap-accessed main compartment, with hook-and-loop closure, has large, zippered mesh pocket""</li> <li>Zippered organizer pocket with internal zippered security pocket</li> <li>Zippered organizer pocket on the side of bag has a detachable key chain</li> <li>Easy-access document sleeve</li> <li>""Long, adjustable shoulder strap""</li> <li>Top-mounted carry handle</li></ul><br><br><b>Fabric: </b>7.4-oz 150-denier 100% all-recycled polyester double weave. Lining: 3.3-oz 200-denier 100% polyester. Both with polyurethane coating and a DWR (durable water repellent)finish. Shoulder straps: 100% polyester 3-D spacer mesh<br><br><b>Weight: </b>(314 g 10.9 oz)<br><br>Made in Vietnam.",2,8,0.3341868957849091,-0.16542930837357428,-0.18447645614651786,-0.15558711127404518,0.06411465224760192,-0.03212603574415378,0.013407480425821598,0.4766499412448371,-0.03547382744076266,-0.057448800089080085
355,"Watermaster waders - king - Blackberries, barbwire, basalt...the fact is, we ask a lot of our waders - most importantly, that they keep us dry through all sorts of abuse. The new version of our Watermaster Waders accomplishes this on a number of fronts: First, our proprietary waterproof/breathable polyester microfiber fabric package with H2No Hydrostorm barrier is quantitatively more puncture resistant than the competition. Then, because wet is wet, whether it comes from inside or out, we use lighter, more breathable fabric up top and a tougher version below. Finally, and not to be overlooked, our innovative internal suspension system makes it easier than ever to, uh...relieve yourself without taking off jacket or vest. Something to consider in a driving rainstorm. It all adds up to an incredibly dry, durable and lightweight pair of waders. In other words, Watermasters. Field repair kit included.<br><br><b>Details:</b><ul> <li>Polyester microfiber shell with a proprietary waterproof/breathable H2No Hydrostorm barrier and Deluge DWR (durable water repellent) finish; Inside zippered main pocket (with piggyback mesh pocket and internal key/tool loop) flips out for quick access</li> <li>""Unique, waist-mounted suspender allows easy conversion from chest to waist height; TPU post and slot design on front and back of suspenders offers security when wading deep and for roll down, waist high comfort""</li> <li>Anatomically curved knees and modified Y-Joint crotch; inside leg seams are positioned away from wear zones</li> <li>""Specifically designed left and right legs and booties; built-in, heavyweight reinforcement fabric gravel guards with abrasion resistance scuff zones""</li> <li>""1 1/4"""" gripper elastic gravel guard cuffs; concealed stainless steel, locking boot hooks secure cuff to boot and avoid line catch""</li> <li>Stretch Wading Belt with a quick-release DuraFlex Stealth-V buckle provides smooth function and an easy adjustable fit</li> <li>Field repair kit included</li></ul><br><br><b>Fabric: </b>""Upper: 3-layer, 5.2-oz polyester microfiber twill shell with a proprietary waterproof/ breathable H2No Hydrostorm barrier and Deluge&#174; DWR (durable water repellent) finish. Lower torso and legs: 3-layer, 7-oz polyester microfiber reinforcement fabric with proprietary H2No Hydrostorm barrier and Deluge DWR finish. Gravel guards: 6.35-oz polyester microfiber with Deluge DWR finish. Booties: 3-mm neoprene with abrasion-resistant fabric soles""<br><br><b>Weight: </b>(1096 g 38 oz)<br><br>Made in China.",10,1,0.2964000022989698,-0.18655895156983715,-0.140832168811347,-0.1903136044467788,0.10365643327384702,-0.06561200056362874,0.03180957792997744,-0.19027031732187324,-0.00952913530072802,0.022983651137800324
356,"S/s a/c shirt - Life's heated moments: meeting the girlfriend's parents, the job interview, runouts on the Bachar/Yerian. Maintain your calm inside the A/C Shirt. It has a breezy 100% organic cotton that allows maximum airflow; think of it as air-conditioning for your skin. The clean design has button-through chest pockets and side vents at the straight hem. A reinforced collar maintains its integrity. Recyclable through the Common Threads Recycling Program.<br><br><b>Details:</b><ul> <li>Delicate organic cotton in a fine weave acts like air-conditioning for your skin</li> <li>Reinforced collar won't curl</li> <li>Button-through chest pocket</li> <li>Straight hem with side vents</li> <li>Hip length</li></ul><br><br><b>Fabric: </b>3.4-oz 100% organic cotton yarn-dyed plain weave. Recyclable through the Common Threads Recycling Program<br><br><b>Weight: </b>167 g (5.9 oz)<br><br>Made in Thailand.",-1,1,0.21785876364102125,0.13041448417778762,-0.028480022333643724,0.15394406166475802,-0.005591754911394455,-0.12333299238957632,0.04609496322169995,0.03845985355581147,0.10631653504612901,0.0820450219777499
357,"S/s casitas shirt - An ideal Saturday might include a hike-in surf at dawn, stalking corbina with a fly rod at the afternoon low tide, and after dark, wine appreciation. With a slim fit and soft, lightweight 3.5-oz 100% organic cotton plain weave, the Casitas Shirt is naturally sophisticated. Details include short sleeves with a button detail, a single button-through chest pocket and moderate tails for an untucked yet clean appearance. Recyclable through the Common Threads Recycling Program.<br><br><b>Details:</b><ul> <li>""Soft, lightweight organic cotton plain weave""</li> <li>Short sleeves with button detail</li> <li>""Single, button-through chest pocket""</li> <li>Modest tails</li></ul><br><br><b>Fabric: </b>3.5-oz 100% organic cotton plain weave. Recyclable through the Common Threads Recycling Program<br><br><b>Weight: </b>(173 g 6 oz)<br><br>Made in Thailand.",-1,1,0.23695313510036878,0.13341477021000991,-0.05783275097697154,0.17740952556295841,-0.02637657705223217,-0.12694681242376027,-0.004511493911225481,0.059815638730783174,0.0875230996965163,0.04368011195121035
358,"S/s el ray shirt - The ultimate short-sleeved sun shirt, with handsome styling and a fabric blend of all-recycled polyester and nylon, the El Ray provides breathable, quick-drying, wrinkle-resistant comfort with the benefit of 40-UPF sun protection. With two snap-down chest pockets and a snapped front placket. Recyclable through the Common Threads Recycling Program.<br><br><b>Details:</b><ul> <li>""Made from all-recycled polyester, all-recycled nylon yarn dye""</li> <li>Provides 40-UPF sun protection</li> <li>""Highly breathable, quick-drying, wrinkle resistant, and soft""</li> <li>Two snap-down chest pockets</li> <li>Snapped placket</li> <li>Modest tails</li></ul><br><br><b>Fabric: </b>2.5-oz 57% all-recycled polyester/ 43% nylon. Recyclable through the Common Threads Recycling Program<br><br><b>Weight: </b>153 g (5.4 oz)<br><br>Made in Vietnam.",0,1,0.29915830549115874,-0.07721836387629398,0.023925971481590036,0.020109553157291894,-0.17376189493165198,0.18362945072271142,-0.08055750507704537,0.013674172773888016,0.24843747490506565,0.1514989117922437
359,"Cap 2 cap sleeve - The fastest-drying of our performance baselayer fabrics, Capilene 2 has an open knit that invites airflow to keep you cool and provides excellent wicking and exceptional breathability to keep you dry. It's also insulative enough for chilly days when winter hasn't quite released its grip. This minimalist tech top features a feminine V-neck with a self-fabric neckline, and easy-moving underarm panels that provide shaping. Raglan-style sleeves stay out of the way of pack straps to eliminate chafe. Made of 4-oz 100% polyester (54% recycled) with Gladiodor natural odor control for the garment. Recyclable through the Common Threads Recycling Program.<br><br><b>Details:</b><ul> <li>Capilene 2 fabric has an open knit that invites airflow and provides excellent wicking for endurance activities in warm to moderate temperatures</li> <li>""Fastest-drying of our Capilene fabrics, it is insulates enough for use on chilly days and can be worn beneath other layers""</li> <li>""V-neck helps ventilate, self-fabric neckline is soft next to skin""</li> <li>Raglan sleeves and underarm panels merge out of the way of pack straps</li> <li>Cap sleeve provides unrestricted movement with optimal sun coverage and flattering fit</li> <li>""Flat-rib panel-piecing under the arms and sides is exceptionally breathable, fast drying and eliminates armpit seam chafing""</li></ul><br><br><b>Fabric: </b>4-oz 100% polyester (54% recycled) with Gladiodor natural odor control for the garment. Recyclable through the Common Threads Recycling Program<br><br><b>Weight: </b>(92 g 3.2 oz)<br><br>Made in Mexico.",0,3,0.2937967235445713,-0.07390941591859752,0.4484844104131935,-0.03588377799064944,-0.33018535597930193,-0.10042076694966713,0.013558094663171672,0.05049925365691204,-0.1617970787581025,-0.10087499699265824
360,"Cap 2 t-shirt - Like a sweet breeze for long runs and hot days, Capilene 2 features an open knit that invites airflow to keep you cool and provides excellent wicking and exceptional breathability to keep you dry. Also insulative enough for chilly days when winter hasn't quite released its grip, it's the fastest-drying of our performance baselayer fabrics. With a feminine neck and elbow-length sleeves that stay put. Raglan-style sleeves and flat-ribbed underarm panels merge out of the way of straps to eliminate chafe. Made from 4-oz 100% polyester (54% recycled) with Gladiodor natural odor control for the garment. Recyclable through the Common Threads Recycling Program.<br><br><b>Details:</b><ul> <li>Fabric has an open knit that invites airflow and provides excellent wicking for endurance activities in warm to moderate temperatures</li> <li>""Fastest-drying of our Capilene fabrics, it insulates enough for use on chilly days and can be worn beneath other layers""</li> <li>Self-fabric neckline soft against skin</li> <li>Raglan sleeves and underarm panels merge out of the way of pack straps</li> <li>Longer sleeve hits just above the elbow providing more protection and a flattering fit</li> <li>""Flat-rib panel-piecing under the arms and sides is exceptionally breathable, fast drying and eliminates armpit seam chafing""</li></ul><br><br><b>Fabric: </b>4-oz 100% polyester (54% recycled) with Gladiodor natural odor control for the garment. Recyclable through the Common Threads Recycling Program<br><br><b>Weight: </b>110 g (3.9 oz)<br><br>Made in Mexico.",0,3,0.2972133901135707,-0.06022918364620821,0.4387694604178301,-0.021165556835680856,-0.3216586097073388,-0.11850841535396477,-0.01457826876885055,0.04977343571267913,-0.15201405915431396,-0.09594130065573753
361,S/s rashguard - The 30-UPF fabric of our Short-Sleeved Rashguard keeps the sun from sizzling your skin. Made from a durable and protective blend of 84% all-recycled polyester/16% spandex. With seamless underarm gussets and chafe-free construction. The drawstring loop at front secures to board shorts.<br><br><b>Details:</b><ul> <li>Recycled polyester (100%) rashguard has 30-UPF sun protection</li> <li>Mock turtleneck protects neck from sun and rolls over to shield from wetsuit zipper</li> <li>Seamless underarm gussets and flat-seam construction avoids chafe</li> <li>Self-loop at front hem secures to board shorts</li> <li>Flying-fish graphic (only on fog)</li></ul><br><br><b>Fabric: </b>5.8-oz 84% all-recycled polyester/16% spandex<br><br><b>Weight: </b>(158 g 5.5 oz)<br><br>Made in USA.,7,6,0.2406012498104983,-0.06141145800401073,0.08977144560314888,0.052766189872593745,-0.1957523410365253,0.27139187880968235,-0.07106578741349884,-0.027907556938182067,0.22968703536192223,0.14792996519473248
362,"S/s sol patrol shirt - In theory, chasing Indonesian surf and bonefish for weeks on end is like going to heaven; in practice, it's really damn hot. To make sure you're covered, we've travel-tested the Short-Sleeved Sol Patrol Shirt for function-forward UV protection in sweltering spots the world over. The 2.4-oz 100% polyester ripstop fabric and side air vents are receptive to any breeze providing comfort and hardcore 30-UPF sun protection in a wide array of circumstances. Recyclable through the Common Threads Recycling Program.<br><br><b>Details:</b><ul> <li>""Lightweight, quick-drying polyester""</li> <li>Provides 30-UPF sun protection</li> <li>Double-layer collar converts to stand-up collar for extra sun protection</li> <li>Collar stays put and crisp thanks to hidden snaps at collar points</li> <li>Cooling mesh center back vent and side-arm vents facilitate flow-through ventilation</li> <li>Mesh-lined button-through chest pockets; inset zippered pocket at right</li></ul><br><br><b>Fabric: </b>2.4-oz 100% polyester ripstop with 30-UPF sun protection. Recyclable through the Common Threads Recycling Program<br><br><b>Weight: </b>(216 g 7.5 oz)<br><br>Made in Vietnam.",0,9,0.2898998831163876,-0.09331926094285331,0.06637112266770849,0.008805174546941697,-0.22950654506488294,0.1343297369306311,-0.12404709755263958,0.10671388334149534,0.31774412212385333,0.23082495839531889
363,S/s squeaky clean polo shirt - T-shirt comfort with a collar. The Squeaky Clean Polo is perfect for relaxed cleaning-up after sun-baked beach days or a lunch-hour surf. Now with a redesigned simple button placket and collar. Made of soft-wearing 100% organic cotton jersey. Recyclable through the Common Threads Recycling Program.<br><br><b>Details:</b><ul> <li>Soft organic cotton jersey</li> <li>Simplified collar and placket</li> <li>Patch pocket</li></ul><br><br><b>Fabric: </b>4.5-oz 100% organic cotton jersey. Recyclable through the Common Threads Recycling Program<br><br><b>Weight: </b>(225 g 7.8 oz)<br><br>Made in India.,5,1,0.2202044727442962,0.15652144063039425,0.007919552333768582,0.1714445742236338,-0.06023633524856492,-0.13999485717638507,0.04274507966015224,0.030180648153292845,0.14192073931329766,0.09424341016249677
364,"Nine trails vest - Simplicity in action -  this vest protects the core, moves, breathes, and weighs nearly nothing. The lightweight, wind-resistant 15-denier 100% nylon is treated with a Deluge DWR (durable water repellent) finish to shed light rain, and the exceptionally breathable stretch-woven back panel (91% all-recycled polyester/9% spandex) vents excess heat. The high-rise tricot-lined neck provides a tight seal; the armholes and hem now have elastic binding. Reflective heat-transfer logos (front and back) and a reflective center-back zippered pocket keep you visible.<br><br><b>Details:</b><ul> <li>""Light, slightly transparent, tough, triple-ripstop nylon soft shell on torso and shoulders; breathable recycled polyester stretch-woven fabric on back; vest is treated with a Deluge DWR (durable water repellent) finish for weather protection""</li> <li>Elastic binding at armholes and hem for a good fit</li> <li>Center-back reflective zippered pocket</li> <li>Reflective heat-transfer logos (front and back)</li> <li>Can be worn over baselayers and light midlayers</li></ul><br><br><b>Fabric: </b>Body: 1.1-oz 15-denier 100% nylon with 50-denier triple-ripstop yarns. Back panel: 3.5-oz 75-denier stretch woven 91% all-recycled polyester/9% spandex. Vest  has Deluge DWR finish<br><br><b>Weight: </b>(89 g 3.1 oz)<br><br>Made in Vietnam.",1,1,0.37770081361500957,-0.18082508762922456,-0.10550366694789722,-0.1842991549975532,0.029349806414973114,0.05429376156679987,0.09002376623434007,-0.016210658193474184,0.13723107811518548,0.045335907976505954
365,"Organic cotton boxers - After a day of getting maytagged in the water, slide on the Organic Cotton Boxers for a little soft comfort. With a new, exposed elastic waistband that's brushed for comfort and durability, the boxers sit low on the waist and have a more regular fit through hips and thighs. Fully-functioning fly has a lengthened opening; flat-felled seams reduce bulk and refine the appearance. With a 5 1/4"" inseam (size M). Recyclable through the Common Threads Recycling Program.<br><br><b>Details:</b><ul> <li>100% organic cotton is soft against the skin</li> <li>Exposed elastic waistband is brushed for comfort and durability</li> <li>Fully functioning fly with lengthened opening</li> <li>Flat-felled seams for less bulk and refined appearance</li> <li>Sits low on waist and is comfortable through hips and thighs</li> <li>""Inseam (size M) is 5 1/4""""""</li></ul><br><br><b>Fabric: </b>Yarn dyes: 3.5-oz 100% organic cotton sheeting. Prints: 3.5-oz 100% organic cotton satin weave. Recyclable through the Common Threads Recycling Program<br><br><b>Weight: </b>(86 g 3 oz)<br><br>Made in Thailand.",0,1,0.2449537157060531,0.11648660696363904,-0.01128454199950539,0.1855794867925597,0.0020461402642145206,-0.08672073028195726,0.06631216549063004,-0.043544589617313376,-0.05334339748217041,-0.034502990009912624
366,"Organic cotton under tee - The layerable Organic Cotton Under Tee makes a statement in versatility and function without saying a word. Made from 100% organic cotton, the slim-fitting shirt is ringspun for extra softness and pairs well with the Organic Cotton Boxers. Taped shoulder seams and doublestitching at shirt sleeves and hem add durability. Coverstitched neck and armholes resist bag-out. Recyclable through the Common Threads Recycling Program.<br><br><b>Details:</b><ul> <li>Ringspun yarns for a softer hand</li> <li>Taped shoulder seams</li> <li>Doublestitch at sleeves and hem; coverstitch at neck and armholes</li></ul><br><br><b>Fabric: </b>4.4-oz 100% organic cotton. Recyclable through the Common Threads Recycling Program<br><br><b>Weight: </b>(0 g 0 oz)<br><br>Made in USA.",5,2,0.31731599814090033,0.4481829790130674,-0.027811490211389844,0.09100370570226152,-0.011390875155089962,-0.13687499458736513,0.04332165308128544,0.04137221122323969,0.0811560765396694,0.002776267855548619
367,"Watermaster waders - reg - Blackberries, barbwire, basalt...the fact is, we ask a lot of our waders - most importantly, that they keep us dry through all sorts of abuse. The new version of our Watermaster Waders accomplishes this on a number of fronts: First, our proprietary waterproof/breathable polyester microfiber fabric package with H2No Hydrostorm barrier is quantitatively more puncture resistant than the competition. Then, because wet is wet, whether it comes from inside or out, we use lighter, more breathable fabric up top and a tougher version below. Finally, and not to be overlooked, our innovative internal suspension system makes it easier than ever to, uh...relieve yourself without taking off jacket or vest. Something to consider in a driving rainstorm. It all adds up to an incredibly dry, durable and lightweight pair of waders. In other words, Watermasters. Field repair kit included.<br><br><b>Details:</b><ul> <li>Polyester microfiber shell with a proprietary waterproof/breathable H2No Hydrostorm barrier and Deluge DWR (durable water repellent) finish; Inside zippered main pocket (with piggyback mesh pocket and internal key/tool loop) flips out for quick access</li> <li>""Unique, waist-mounted suspender allows easy conversion from chest to waist height; TPU post and slot design on front and back of suspenders offers security when wading deep and for roll down, waist high comfort""</li> <li>Anatomically curved knees and modified Y-Joint crotch; inside leg seams are positioned away from wear zones</li> <li>""Specifically designed left and right legs and booties; built-in, heavyweight reinforcement fabric gravel guards with abrasion resistance scuff zones""</li> <li>""1 1/4"""" gripper elastic gravel guard cuffs; concealed stainless steel, locking boot hooks secure cuff to boot and avoid line catch""</li> <li>Stretch Wading Belt with a quick-release DuraFlex Stealth-V buckle provides smooth function and an easy adjustable fit</li> <li>Field repair kit included</li></ul><br><br><b>Fabric: </b>""Upper: 3-layer, 5.2-oz polyester microfiber twill shell with a proprietary waterproof/ breathable H2No Hydrostorm barrier and Deluge&#174; DWR (durable water repellent) finish. Lower torso and legs: 3-layer, 7-oz polyester microfiber reinforcement fabric with proprietary H2No Hydrostorm barrier and Deluge DWR finish. Gravel guards: 6.35-oz polyester microfiber with Deluge DWR finish. Booties: 3-mm neoprene with abrasion-resistant fabric soles""<br><br><b>Weight: </b>(1096 g 38 oz)<br><br>Made in China.",10,1,0.2985815415470231,-0.18774281581547395,-0.14233134108834788,-0.18853892027494049,0.10422249200452316,-0.067638536799529,0.029672532686208737,-0.1912132000410972,-0.009849287646654766,0.023293935815088013
368,"Pack vest - Everyone knows the best spots are beyond where crowds are willing to go - the Pack Vest helps you get there with everything you need. This award-winning modular design combines a cool-wearing mesh vest with a fishing-specific, multiuse daypack; a detachable harness allows vest and pack to be used separately. The vest is cut short for deep wading and has a rod holder, accessory D-rings, piggyback tool pockets and reach-across zippered pockets. It also connects to the Stormfront Pack harness. The pack features a floating baffle internal divider, large external mesh pocket with drainholes, water-resistant zippers, breathable 3-D spacer mesh back panel and shoulder straps, built in rod-tube holder and a mesh water-bottle pocket. Vest pockets are now made from 100% nylon, while the pack is built with tough polyester (47% recycled) double-weave fabric. Vest sternum strap and pack compression buckles have been upgraded to low-profile Duraflex Stealth-V buckles for smoother function and easier adjustment.<br><br><b>Details:</b><ul> <li>""Polyester mesh vest and 300-denier polyester double-weave pack work together or separately; comes with detachable, adjustable harness for use without pack; vest will also connect to the Stormfront Pack harness""</li> <li>""Vertical pocket configuration, front pockets have reach-across, zippered access, separate piggyback tool pocket, drain holes; inverted hemostat pocket, accessory D-rings, rod holder, foam fly patch, two glasses loops""</li> <li>""Vest sternum strap buckle has been upgraded to the adjustable and quick-release DuraFlex Stealth-V buckle for smoother function, lower profile and easy adjustment; cut short for deep wading""</li> <li>""Pack: 3-D spacer-mesh pads the ergonomic back panel and anatomically curved shoulder strap; Two main compartments with DWR (durable water repellent) coated, water resistant  zippers, divided by floating baffle, outside mesh pocket with three grommet drainholes, small top pocket, mesh water bottle pocket""</li> <li>""Front compression strap buckles have been upgraded to the adjustable and quick-release DuraFlex Stealth-V buckle for smoother function, lower profile and easy adjustment; two compression straps, two lash points for securing a rod-tube""</li> <li>Pack panel sleeve for hydration reservoir</li> <li>Patent number 5639005</li></ul><br><br><b>Fabric: </b>""Vest: 4.6-oz 100% polyester mesh. Pockets: 4.3 oz 100% nylon. Pack: 300-denier 100% polyester (47% recycled) double weave with polyurethane coating. Lining: 200-denier polyester with polyurethane coating. Straps/Back panel: polyester 3D spacer mesh. Vest, pockets, lining and pack all have DWR finish""<br><br><b>Weight: </b>(1021 g 35.4 oz)<br><br>Made in Vietnam.",2,8,0.28500817045670473,-0.14530456856449864,-0.10657625312841994,-0.11213514483041513,0.02991388814384912,0.004493278390852747,0.06046143005716624,0.3675192279089786,-0.016890091375164583,-0.012207825425442539
369,"Stand up shorts-5 in. - They've been around for 30-plus years, re-envisioned, reincarnated, tweaked over, tinkered with and constantly improved. Yet the more we change them, the more they stay the same. Stand-Up Shorts are made from rugged 10-oz 100% organic cotton to thwart climbing's abusive tendencies. The hardworking canvas softens and personalizes with age. Doubled fabric in the seat increases durability and forms two rear pockets; a set-in pocket holds a wallet. Inseam (size 32) is 5"". Garment-washed for softness and minimal shrinkage. Recyclable through the Common Threads Recycling Program.<br><br><b>Details:</b><ul> <li>Durable organic cotton canvas will soften and personalize with age; double seat for abrasion resistance in rough terrain</li> <li>Zip fly with button closure</li> <li>Quarter-top front pockets; hook-and-loop back pockets; separate inset hook-and-loop security pocket</li></ul><br><br><b>Fabric: </b>10-oz 100% organic cotton canvas. Recyclable through the Common Threads Recycling Program<br><br><b>Weight: </b>(409 g 14.2 oz)<br><br>Made in Thailand.",-1,1,0.22594456861499373,0.02721561813950735,-0.12024934374845604,0.21598992426296987,0.05139687722404739,-0.09742652734025012,-0.13399801294504501,0.08381887050112449,-0.02918824178680727,0.0016108618520601925
370,"Stand up shorts-7 in. - They've been around for 30-plus years, re-envisioned, reincarnated, tweaked over, tinkered with and constantly improved. Yet the more we change them, the more they stay the same. Stand-Up Shorts are made from rugged 10-oz 100% organic cotton to thwart climbing's abusive tendencies. The hardworking canvas softens and personalizes with age. Doubled fabric in the seat increases durability and forms two rear pockets; a set-in pocket holds a wallet. Inseam (size 32) is 7"". Garment-washed for softness and minimal shrinkage. Recyclable through the Common Threads Recycling Program.<br><br><b>Details:</b><ul> <li>Durable organic cotton canvas will soften and personalize with age; double seat for abrasion resistance in rough terrain</li> <li>Zip fly with button closure</li> <li>Quarter-top front pockets; hook-and-loop back pockets; separate inset hook-and-loop security pocket</li></ul><br><br><b>Fabric: </b>10-oz 100% organic cotton canvas. Recyclable through the Common Threads Recycling Program<br><br><b>Weight: </b>(432 g 15 oz)<br><br>Made in Thailand.",-1,1,0.22594456861499373,0.02721561813950735,-0.12024934374845604,0.21598992426296987,0.05139687722404739,-0.09742652734025012,-0.13399801294504501,0.08381887050112449,-0.02918824178680727,0.0016108618520601925
371,"Sticks 'n stones morocco poster - Patagonia Rock Ambassador Brittany Griffith and Jonathan Thesenga on the approach to Tout Pour Le Club (IV 5.12d). High Atlas Mountains, Morocco. For 30 years we've paid tribute to human adventures both near and far with a collection of photographs that speak to the passion, joy and beauty of lives spent outside. These photos have appeared exclusively on our Web site, in our catalog and on the walls of our retail stores and specialty outdoor clothiers around the world. And now we are excited to make select photos available to you as posters. We hope they brighten up your space and inspire you to get outside.<br><br><b>Details:</b><ul> <li>Dimensions: 24 x 36</li> <li>""Photo by Andrew Burr ?2009 Patagonia, Inc.""</li></ul><br><br><b>Fabric: </b>Printed with soy inks on 100% recycled paper<br><br>Printed in USA.",6,10,0.05140159470594858,0.07835793191786311,-0.01578735437337634,-0.05549250195635385,0.01250259222045546,0.07387476088340929,-0.012076610316483459,0.024354935028240696,-0.5159033085547614,0.7120010870977994
372,"Peregrine t-shirt - A born wanderer, the once-endangered Peregrine Falcon now soars wave thermals in habitats the world over. The Peregrine T-Shirt features original artwork by Nick Wroblewski on a canvas of 100% organic cotton. Ringspun fabric yarns and taped shoulder seams lend a soft hand. PVC- and phthalate-free inks are easier on the environment. The shirt is Recyclable through the Common Threads Recycling Program.<br><br><b>Details:</b><ul> <li>Ringspun yarns for a softer hand</li> <li>Taped shoulder seams</li> <li>Screen-print inks are PVC- and phthalate-free</li></ul><br><br><b>Fabric: </b>5.4-oz 100% organic cotton. Recyclable through the Common Threads Recycling Program<br><br><b>Weight: </b>(199 g 6.9 oz)<br><br>Made in USA.",5,2,0.25781150737233366,0.5159035550230473,-0.050129642116587714,-0.1370669550041883,0.015067052375263951,0.04553003449200834,-0.057447180692234624,0.002026888550147081,-0.009860164956943217,-0.04643657219299764
373,"Permit silhouette t-shirt - The Permit's scythe-shaped dorsal fin propels the saltwater lover across the flats of the Permit Silhouette T-Shirt. Printed on organic cotton (100%) fabric with inks that are PVC- and phthalate-free, the tee has ringspun yarns for softness. Taped shoulder seams lend a durable, clean finish. Recyclable through the Common Threads Recycling Program.<br><br><b>Details:</b><ul> <li>Ringspun yarns for a softer hand</li> <li>Taped shoulder seams</li> <li>Screen-print inks are PVC- and phthalate-free</li></ul><br><br><b>Fabric: </b>5.4-oz 100% organic cotton. Recyclable through the Common Threads Recycling Program<br><br><b>Weight: </b>(199 g 6.9 oz)<br><br>Made in USA.",5,2,0.28666512738632455,0.5268368314962676,-0.037906369318804166,-0.14393548697837857,0.03483268538394418,0.06155551374959753,-0.042414646201549625,-0.012620552979492229,-0.015311995462527822,-0.054011213880198465
374,"Pique fleece 1/4 zip - Made from plush textured fleece, the classic Pique 1/4-Zip has raglan sleeves and wears like a favorite old sweatshirt. Great for casual wear or as an active layering piece. The 100% polyester piqu? knit fleece is soft and warm, and contrast Supplex nylon reinforces the collar for extra durability. We added a left-side zippered security pocket to keep keys and phone handy. Recyclable through the Common Threads Recycling Program.<br><br><b>Details:</b><ul> <li>""Soft, 100% polyester piqu? knit face; fleece interior""</li> <li>Supplex reinforced collar</li> <li>Left-side zippered security pocket</li></ul><br><br><b>Fabric: </b>6-oz 100% polyester fleece. Trim: Supplex 100% nylon. Recyclable through the Common Threads Recycling Program<br><br><b>Weight: </b>(346 g 12 oz)<br><br>Made in Vietnam.",1,1,0.2271104981787377,-0.08010659410654501,0.01708421455162669,0.011825471011967383,-0.058251162459860166,-0.1399454086271751,0.06830631277553395,0.07517036408626353,0.02677451429751019,0.030756206571028354
375,"Pique vitaliti polo shirt - The perfect summer fabric to keep your back from sticking to the seat. The pique polo's forward-thinking blend of 6.5-oz 70% organic cotton and 30% all-recycled polyester also wicks moisture during long walks beneath the Flatirons, highball V4s at Flagstaff and hardcore sodbusting sessions in your own back yard.<br><br><b>Details:</b><ul> <li>""Lightweight, quick-to dry organic cotton/recycled polyester fabric in a piqu? knit""</li> <li>Hidden snap-front placket</li> <li>Side vents</li></ul><br><br><b>Fabric: </b>6.5-oz 70% organic cotton/30% all-recycled polyester piqu??. Recyclable through the Common Threads Recycling Program<br><br><b>Weight: </b>(262 g 9.1 oz)<br><br>Made in Thailand.",5,1,0.21279842879097907,0.10330358554742217,0.012720008436127144,0.18010118500567365,-0.01950107799787987,-0.12836866577774378,0.06442513323748282,0.02763367805601033,0.07115749470494427,0.0521832627723786
376,"Polo shirt - Pulling on a polo opens the door to possibilities - the look gets you past people who enforce regulations, and the feel puts plans in motion. Ours has a hefty, 7.2-oz organic cotton fabric in a piqu? knit that keeps its casual composure (and bolsters yours), even when the occasion requires a steady smile or enclosed footwear. With a soft, athletic collar and a low-profile placket for increased durability over its long life. Recyclable through the Common Threads Recycling Program.  <br><br><b>Details:</b><ul> <li>Organic cotton piqu?</li> <li>Taped neck; frame-knit collar and cuffs</li> <li>3-button placket</li> <li>Taped side vents</li></ul><br><br><b>Fabric: </b>7.2-oz 100% organic cotton piqu?. Recyclable through the Common Threads Recycling Program<br><br><b>Weight: </b>300 g (10.6 oz)<br><br>Made in China.",-1,1,0.1912680289382362,0.16503278625920584,-0.0037837718142401068,0.12253742998786317,-0.014025638061410524,-0.12845028283031665,0.04905899345322138,-0.0019107246816837805,0.07147859107105164,0.05669403211111794
377,"Quiet please t-shirt - Thoreau said that ""silence is the universal refuge""   a sentiment made clear with the Quiet Please T-Shirt. Illustrated by the art team Heads of State, the tee has an inside message about Snowlands Network(SaveOurSnowlands.org), a group leading the charge to keep our winter wild lands serene preserving and protecting them for low-impact users. The shirt is recyclable through the Common Threads Recycling Program.<br><br><b>Details:</b><ul> <li>Ringspun yarns for a softer hand</li> <li>Taped shoulder seams</li> <li>Screen-print inks are PVC- and phthalate-free</li></ul><br><br><b>Fabric: </b>5.4-oz 100% organic cotton. Recyclable through the Common Threads Recycling Program<br><br><b>Weight: </b>(175 g 6.1 oz)<br><br>Made in USA.",5,2,0.17484579991431232,0.32804335760569747,-0.02587809263374852,-0.10685771512695232,-0.0025615936260171236,0.038726334119323795,-0.00974194659429496,-0.004842249111380712,0.005956840888209772,-0.011533336455743287
378,"R1 full-zip jkt - It stretches, breathes, wicks, and warms - no wonder so many serious trail and mountain athletes use and abuse our R1. And the full-zip front makes it even more versatile, from a midlayer in winter to a lightweight jacket on early spring mornings and alpine summer evenings. The high/low interior grid polyester enhances compressibility, airflow, insulation and dry time, and the jersey microfiber face allows smooth layering. Two zippered handwarmer pockets sit above the harness line and have glued-in (no seams) internal mesh pocket bags. Recyclable through the Common Threads Recycling Program.<br><br><b>Details:</b><ul> <li>""Versatile R1 fleece provides excellent stretch, warmth, wicking and breathability in a variety of temperatures""</li> <li>""High/low interior grid-structure enhances compressibility, airflow and dry time""</li> <li>Jersey microfiber face allows nonbinding layering</li> <li>Center-front zipper</li> <li>Handwarmer pockets</li></ul><br><br><b>Fabric: </b>R1: 6.5-oz Polartec Power Dry 93% polyester (60% recycled)/7% spandex. Recyclable through the Common Threads Recycling Program<br><br><b>Weight: </b>357 g (12.6 oz)<br><br>Made in Colombia.",0,1,0.29691444607560874,-0.15504036922244166,0.07011466372670096,-0.0630958738387395,-0.04284797489195398,-0.19347157499509288,0.13073629046866503,-0.006517079700307666,-0.12543668722399726,-0.07264375721281865
379,"Lw guide pants - A backcountry version of our immensely popular Simple Guides, the Lightweight Guide Pants combine skiing and alpine climbing features with a lightweight, free-moving and highly breathable 4-way stretch-woven fabric. They resist moisture and provide mountain-worthy durability, and the fit allows for spring-weight underlayers on those brisk alpine starts. Reinforced, articulated knees enhance mobility, while the zippered and gusseted cuffs adjust to various boot girths, have a snap closure, and feature tie-down loops as well as crampon/ski edge scuff guards. With a zippered fly, belt loops and pockets (two hand, one glued-on right thigh) that close with laser-cut, glued-in zippers. Recyclable through the Common Threads Recycling Program.<br><br><b>Details:</b><ul> <li>Lightweight 4-way stretch-woven polyester double weave with DWR (durable  water repellent) finish; separated zip waist (not pull-on)</li> <li>Belt loops; partial elasticized waistband</li> <li>""Zip fly; pockets: two zippered hand, one zippered thigh, right glued-on thigh""</li> <li>Hand and thigh zips are laser-cut and glued; reinforced knees to resist abrasion</li> <li>Articulated knees; crampon/ski-edge scuff guard</li> <li>Zippered and snap gusset with full gripper elastic</li> <li>Tie-down loops at ankle cuffs</li></ul><br><br><b>Fabric: </b>6.2-oz 91% all-recycled polyester/9% spandex double weave with Deluge DWR (durable water repellent) finish. Recyclable through the Common Threads Recycling Program<br><br><b>Weight: </b>405 g (14.3 oz)<br><br>Made in Thailand.",1,1,0.32354986305030403,-0.16454554048456888,-0.1419440774863327,-0.03784227768867982,0.07491692362320722,0.044241495955585075,-0.0946877482120403,-0.1645368645645069,-0.08812256984861547,-0.07953690097191124
380,"Lw r4 jkt - High off the deck on Warbonnet Peak in the immaculate Wind River Mountains, the naming of the range quickly makes sense. Our windproof and stretchy Lightweight R4 Jacket protects and warms with a Polartec Windbloc laminate sandwiched between a low-nap polyester microfleece face and a high/low grid polyester interior. Unlaminated R1 underarm panels (60% recycled polyester) enhance breathability and mobility, while a neck gasket seals out the elements. Seamless shoulders allow pack-wearing comfort. With three external pockets (the handwarmers stay clear of your harness), one internal drop-in pocket and a drawcord hem. Recyclable through the Common Threads Recycling Program.<br><br><b>Details:</b><ul> <li>""Lightweight, durable low-nap microfleece face""</li> <li>Full-stretch Polartec Windbloc laminate</li> <li>R1 interior-grid construction speeds wicking</li> <li>Nonlaminated R1 fabric under the arms enhances mobility and breathability</li> <li>Drawcord collar with Supplex stand; protective chin flap for comfort; seamless shoulders for comfort under a pack</li> <li>""Pockets: two handwarmers, one chest and two internal drop-in""</li> <li>Drawcord hem</li></ul><br><br><b>Fabric: </b>Lightweight R4 shell: 8-oz Polartec Windbloc 100% polyester microfleece laminated to R1 Polartec Power Dry polyester. R1 panels: 6.5-oz Polartec Power Dry 93% polyester (60% recycled)/7% spandex. Recyclable through the Common Threads Recycling Program<br><br><b>Weight: </b>467 g (16.5 oz)<br><br>Made in Colombia.",0,1,0.25713195543179795,-0.11439207733909058,0.02271809246766534,-0.0831002427777626,-0.05047355058879422,-0.11067383530678421,0.11142878734004993,-0.009488798470696875,-0.018409489546615285,-0.006735824086224122
381,"R2 jkt - A modern mountain staple, the adaptable R2 Jacket serves as a stand-alone outer layer when you're on the go or as a superb insulating layer under a shell. The stretchy polyester knit uses variable-length fibers to optimize insulation and compressibility while affording outstanding breathability, warmth, moisture-management and minimal weight. Stretchy R1 fabric (made with 60% recycled polyester) inside the collar and cuffs enhances skin comfort, and the pliable R2 body fabric means you'll move easily. With an easy-to-use front zipper, glued-in zippered pockets (one chest and two handwarmers) and forward-set shoulder seams for pack-wearing comfort. Recyclable through the Common Threads Recycling Program.<br><br><b>Details:</b><ul> <li>""Highly technical R2 fabric is light, stretchy and compressible, with great breathability""</li> <li>""Insulating long fibers alternate with dense, supportive short fibers to optimize insulation and reduce bulk""</li> <li>Directional knit wicks moisture and speeds dry time</li> <li>Inner collar lined with R1 fabric (made with recycled polyester) for next-to-skin comfort; collar and protective chin flap lined with R1 fabric (made with recycled polyester) for next-to-skin comfort</li> <li>Low-bulk R1 fabric cuffs</li> <li>Pockets: one chest and zippered handwarmers; zippers all welded and reinforced with Supplex for snag-free operation</li> <li>Shoulder seams set forward for pack-wearing comfort</li></ul><br><br><b>Fabric: </b>R2 shell: 7.4-oz Polartec Thermal Pro 100% polyester (40% recycled) fleece. R1 panels: 6.5-oz Polartec Power Dry 93% polyester (60% recycled)/7% spandex. Recyclable through the Common Threads Recycling Program<br><br><b>Weight: </b>419 g (14.8 oz)<br><br>Made in Colombia.",0,1,0.3165478579169401,-0.1116002580880994,0.12803542261524478,-0.0679164783396413,-0.05236922751536955,-0.13783497967461186,0.09471832462149317,0.007935244775874917,-0.005082388794529005,0.0012465963256511957
382,"Rain shadow jkt - Staying inside isn't the only way to stay dry - enjoy the trails in all conditions with fully seam-sealed waterproof/breathable protection. The Rain Shadow is made from a packable, lightweight and tear-resistant 2.5-layer 100% nylon fabric with a waterproof/breathable H2No barrier and a Deluge DWR (durable water repellent) finish. On the inside, a raised pattern diffuses and channels moisture away from skin, aids in hassle-free layering, and enhances long-term durability. Updated with microfleece lining on the neck and chin, waterproof handwarmer pockets (no longer mesh-lined) with zipper garages, and external zippers that are now water-resistant (without storm flaps). Also features a roll-down, 2-way-adjustable, helmet-compatible hood, a 2-way center-front zipper, self-fabric cuff tabs and a drawcord hem.<br><br><b>Details:</b><ul> <li>""2.5-layer tear-resistant fabric with a waterproof/breathable H2No barrier and a Deluge DWR (durable water repellent) finish; highly engineered interior surface texture channels moisture away from skin, protects the waterproof barrier from abrasion and slides easily over layers""</li> <li>""Roll-down, 2-way-adjustable hood with a laminated visor for improved hood structure and visibility in poor conditions""</li> <li>Microfleece-lined neck and chin for comfort and enhanced protection of barrier</li> <li>""All exterior zippers (center front, handwarmer pockets and pit zips) have a water-resistant  coating to keep you dry without extra storm flaps and hook-and-loop closures""</li> <li>Waterproof handwarmer pockets - without mesh lining</li> <li>Updated custom zipper pulls</li> <li>""Low-profile, laminated self-fabric cuff tabs; drawcord hem""</li></ul><br><br><b>Fabric: </b>""2.5-layer, 2.5-oz 100% nylon with a waterproof/breathable H2No barrier and Deluge DWR finish""<br><br><b>Weight: </b>(331 g 11.5 oz)<br><br>Made in Vietnam.",1,1,0.3988591003604553,-0.2522516394241643,-0.16700906292923556,-0.2992351328915435,0.08080776615807056,-0.20597047395374385,-0.005489870366495471,-0.3172386954500945,0.0792556972219245,0.09117162812378514
383,"Lw everyday socks - An essential part of the daily grind, these exceptionally soft, wearable socks have an inviting mix of 55% organic cotton/40% stretch nylon/5% spandex for moisture-wicking next-to-skin comfort. An open grid over the top of the foot and a looped Lintoe construction combine to create excellent airflow for breathability and kick-your-feet-up foot comfort. The jersey-knit cuff extends to mid-calf; height is 9.5"".<br><br><b>Details:</b><ul> <li>Organic cotton and nylon blend is ideal for everyday use</li> <li>""Fabric content and strategic knit balance moisture wicking, cushioning, durability and comfort""</li> <li>An open grid over top of foot allows excellent airflow and breathability</li> <li>Looped Lintoe construction creates the smallest and flattest seam possible for ultimate toe comfort</li></ul><br><br><b>Fabric: </b>55% organic cotton/40% nylon/5% spandex<br><br><b>Weight: </b>(49 g 1.7 oz)<br><br>Made in USA.",8,1,0.2374449138990484,0.022463878153989474,0.10777404771481604,0.1305407647584747,0.06003976062068488,0.02093656845263615,0.171540981112801,-0.008872746107520068,-0.05303183132491933,-0.050820086280083214
384,"Lw guide pants - A backcountry version of our immensely popular Simple Guides, the Lightweight Guide Pants combine skiing and alpine climbing features with a lightweight, free-moving and highly breathable 4-way stretch-woven fabric. They resist moisture and provide mountain-worthy durability, and the fit allows for spring-weight underlayers on those brisk alpine starts. The gusseted crotch and reinforced, articulated knees allow unrestrained mobility, while the zippered and gusseted cuffs adjust to various boot girths, have a snap closure, and feature tie-down loops as well as crampon/ski edge scuff guards. With a 2-way zip fly, belt loops and pockets (two hand, one glued-on right thigh) that close with laser-cut, glued-in zippers. Recyclable through the Common Threads Recycling Program.<br><br><b>Details:</b><ul> <li>Lightweight 4-way stretch-woven polyester double weave with DWR (durable water repellent) finish; gusseted crotch</li> <li>Separated zip waist (not pull-on); Belt loops</li> <li>""2-way zip fly; pockets: two zippered handwarmers, one zippered thigh, right glued-on thigh""</li> <li>Zippers: hand and thigh are laser cut and glued</li> <li>Reinforced knees to resist abrasion; articulated knees</li> <li>Crampon/ski-edge scuff guard; zippered and snap gusset with full gripper elastic</li> <li>Tie-down loops at ankle cuffs</li></ul><br><br><b>Fabric: </b>6.2-oz 91% all-recycled polyester/9% spandex double weave with Deluge DWR (durable water repellent) finish. Recyclable through the Common Threads Recycling Program<br><br><b>Weight: </b>439 g (15.5 oz)<br><br>Made in Thailand.",1,1,0.3290950046882674,-0.17751199540099688,-0.13881409284025445,-0.04568537452803011,0.05872031510106093,0.03659986041569451,-0.09970073436474515,-0.1708332439941887,-0.09064671267443139,-0.07939636445731753
385,"Lw hiking crew liner socks - Liners take the brunt of our rambles. They add lightweight warmth in cold conditions, reduce chafing when paired with a sock, and keep feet dry and cool when worn solo in sweltering weather. Made from a jersey-knit construction of 60% polyester (100% recycled) with 37% nylon for superior moisture transport, quick-drying performance and absolute durability; 3% spandex provides shape retention and give; looped Lintoe construction provides added comfort. Height is 9.5"".<br><br><b>Details:</b><ul> <li>Lightweight polyester and nylon blend strategically knit for excellent wicking and a speedy dry time</li> <li>Looped Lintoe construction creates the smallest and flattest seam possible for ultimate toe comfort</li></ul><br><br><b>Fabric: </b>60% all-recycled polyester/37% nylon/3% spandex<br><br><b>Weight: </b>(40 g 1.4 oz)<br><br>Made in USA.",8,1,0.25971814338531757,-0.08314895505506988,0.17574772899061095,0.04327963405277389,0.07894243189960336,0.14187924794485687,0.15225940653511538,0.0016199158141360609,-0.0232976040250127,-0.03287569097398278
386,"Storm light jkt - An emerging classic, inspired by the original Storm Jacket and holding true to timeless traits: It's waterproof, breathable and comfortable. Built for warm-weather use and engineered to be recycled at the end of its days, the Storm Light keeps you dry and in motion - from lowland treks to high-mountain passes. Full waterproof/breathable protection combines with a hanging mesh and taffeta liner for a soft, pliable, comfortable feel. Storm flaps cover the pit zips, the three external zippered pockets and the center-front 2-way zipper. Other details include a soft chamois chin guard, a 2-way-adjustable hood that rolls down into the microfleece-lined collar, an internal drop-in pocket and a drawcord hem. Cuffs secure with self-fabric tabs. Recyclable through the Common Threads Recycling.<br><br><b>Details:</b><ul> <li>2-layer polyester fabric with waterproof/breathable H2No barrier and a hanging mesh-and-taffeta liner for greater comfort</li> <li>2-way-adjustable and stowable hood</li> <li>Soft chamois chin guard</li> <li>""Storm flaps on center-front zipper, pit zips, and external pocket zippers""</li> <li>""Pockets: one external left chest, two handwarmers, one internal drop-in""</li> <li>Cuffs secure with self-fabric tab</li> <li>Drawcord hem</li></ul><br><br><b>Fabric: </b>""Shell: 2-layer, 75-denier 3.8-oz 100% polyester laminate with a waterproof/ breathable H2No barrier and Deluge DWR (durable water repellent) finish. Shell lining: 2.9-oz 100% all-recycled polyester mesh. Hood lining: 2.3-oz 50-denier 100% all-recycled polyester taffeta. Collar lining and chin flap: 5.5-oz 100% polyester brushed-jersey. Recyclable through the Common Threads Recycling Program""<br><br><b>Weight: </b>(689 g 23.9 oz)<br><br>Made in China.",1,1,0.3530835159003308,-0.21376049788362447,-0.11407719599724782,-0.2466959820083111,0.03421457109805211,-0.21546196140282545,0.018703208332038625,-0.14839759027215577,0.10299340552489186,0.10907575031953003
387,"Stretch ascent jkt - Simple, stretchy, lightweight and waterproof. Made for alpine climbs where the realities include sideways-blowing sleet, our Stretch Ascent Jacket provides full stormproof protection and extraordinary breathability. The stretch-woven polyester (100% recycled) and waterproof/breathable barrier combine in a pliable 2.5-layer fabric package that enables your most limber moves. The roll-down, helmet-compatible hood adjusts in three ways with an easy-to-use single-pull system. A water-resistant, coated center-front zipper remains easy to open and close, the water-resistant external pocket zippers have zipper garages, and the third pocket is an internal drop-in. Cuffs secure with self-fabric tabs, and the hem's drawcord routes through the pockets. The hood's structured visor improves visibility in poor conditions. Recyclable through the Common Threads Recycling Program.<br><br><b>Details:</b><ul> <li>""H2No waterproof/breathable, 2.5-layer stretch-woven shell""</li> <li>""Helmet compatible, roll-down, single-pull 3-way adjustable hood with laminated visor""</li> <li>Front zipper offers extreme water resistance and easy zipping</li> <li>""Pockets: two PU-zippered handwarmers with zipper garages, one internal drop-in""</li> <li>Cuffs secure with self-fabric hook-and-loop cuff closures</li> <li>Hem drawcord routed through pockets</li></ul><br><br><b>Fabric: </b>""2.5-layer, 50-denier 4.1-oz 100% all-recycled stretch-woven polyester with a waterproof/breathable H2No barrier and Deluge DWR (durable water repellent) finish. Recyclable through the Common Threads Recycling Program""<br><br><b>Weight: </b>476 g (16.8 oz)<br><br>Made in Vietnam.",1,1,0.36471657391596224,-0.23121206738086256,-0.15854214392452412,-0.22881911262210017,0.05720173603146421,-0.17420947797410125,-0.0328281466064519,-0.1917103823463403,0.03756699728545208,0.042428293119036536
388,"Lw sun hoody - A highly evolved second skin designed to maximize your time on the water. For simultaneous air conditioning and tough 30-UPF sun protection, the super-breathable, fast drying Sun Hoody is made of lightweight polyester jersey. A 3-panel hood protects your head, a hip-closure pocket keeps keys, wax and hand lines sorted, and we've added thumb loops at the cuffs for added coverage. Recyclable through the Common Threads Recycling Program.<br><br><b>Details:</b><ul> <li>Soft and supple polyester fabric with sun protection</li> <li>""3-panel, self-fabric hood provides airy, ventilated sun protection""</li> <li>Thumb loops at cuffs for added coverage and sun protection</li> <li>Zippered pocket at hip</li> <li>Flat seams reduce chafe</li></ul><br><br><b>Fabric: </b>4.3-oz 100% polyester jersey with 30-UPF sun protection. Recyclable through the Common Threads Recycling Program<br><br><b>Weight: </b>(250 g 8.7 oz)<br><br>Made in Vietnam.",0,1,0.29880966926961977,-0.11643157270048363,0.08324141980347674,0.02645468696548665,-0.2106251770172971,0.17922173582938616,-0.05528551522133307,-0.023260759248231185,0.27106819688987366,0.18885953354774307
389,"Lw travel courier - This graceful rendition of the courier bag is sleek and nearly weightless. It has a zippered closure with adjustable drawstring, and a zippered security pocket for your bike light or prayer beads. Its breathable, adjustable shoulder strap is comfortable and quick-drying. When not in use, the bag stuffs into its own pocket for easy stowing. Made with strong yet extremely lightweight 50-denier triple-ripstop nylon with a polyurethane coating and a DWR (durable water repellent) finish. Bottom reinforcement is 150-denier polyester (47% recycled) double-weave ShiftLayer.<br><br><b>Details:</b><ul> <li>Main compartment accessed through top by zippered closure with adjustable drawstring</li> <li>Zippered security pocket and key clip</li> <li>Bag stuffs into its own pocket when not in use</li> <li>""Breathable shoulder strap is ultralight, quick-drying and adjustable""</li> <li>Extremely lightweight triple-ripstop fabric affords excellent tear resistance</li></ul><br><br><b>Fabric: </b>50-denier 100% nylon triple ripstop with polyurethane coating and a DWR (durable water repellent) finish. Reinforcements: 150-denier 100% polyester (47% recycled) double-weave ShiftLayer<br><br><b>Weight: </b>(222 g 7.7 oz)<br><br>Made in Philippines.",2,1,0.2966229551616627,-0.16001864297494853,-0.16012341382031006,-0.14487118613420089,0.052649062716705365,0.006722418093055906,0.006014605694013226,0.2819602593986398,-0.016563884922813913,-0.04201493010150816
390,"Reg fit organic ctn jeans-short - 100% organic cotton denim and an obsession with detail make these the right jeans for just about any occasion. The rugged yet soft 10-oz organic cotton denim breaks in just right, and they feature a zip fly with a button closure and 5-pocket-jeans styling. Available in two distinct washes and three inseam lengths (short, 30""; regular, 32""; and long, 34""). Even though they'll look their best after five years of wear, we'll still take them back for recycling through the Common Threads Recycling Program.<br><br><b>Details:</b><ul> <li>10-oz durable yet soft organic cotton denim</li> <li>Button-closure zip fly</li> <li>5-pocket jeans styling</li> <li>""Inseam is 30""""""</li></ul><br><br><b>Fabric: </b>10-oz 100% organic cotton denim. Recyclable through the Common Threads Recycling Program<br><br><b>Weight: </b>(0 g 0 oz)<br><br>Made in Mexico.",1,4,0.2437569959656555,0.13370190791417816,-0.1386896041053189,0.4198814776707064,0.026045037268417566,-0.2401828207862223,-0.14758840786710564,0.03422699159262469,-0.029589317181281126,0.07352918718497187
391,"Relax fit organic ctn jeans-long - The everyday, go-to, rarely washed favorite: our relaxed fit, organic cotton 5-pocket jeans. Built for a long life and cut for comfort and mobility, they have a clean, classic styling that can be worn with almost anything. The robust 14-oz 100% organic cotton denim breaks in just right. With a zip fly, and available in three inseam lengths: short, 30""; regular, 32""; long, 34"". Recyclable through the Common Threads Recycling Program.<br><br><b>Details:</b><ul> <li>Durable organic cotton denim</li> <li>Button-closure zip fly</li> <li>5-pocket-jean styling</li> <li>""Inseam is 34""""""</li></ul><br><br><b>Fabric: </b>14-oz 100% organic cotton denim. Recyclable through the Common Threads Recycling Program<br><br><b>Weight: </b>(952 g 33 oz)<br><br>Made in Mexico.",1,4,0.26423076340698864,0.14651679763428951,-0.13479840414986655,0.4361671700510856,0.023257390073622375,-0.2535020530758336,-0.12731134941754874,0.04105554878412697,-0.02102168534304241,0.0785689711262474
392,"Relax fit organic ctn jeans-reg - The everyday, go-to, rarely washed favorite: our relaxed fit, organic cotton 5-pocket jeans. Built for a long life and cut for comfort and mobility, they have a clean, classic styling that can be worn with almost anything. The robust 14-oz 100% organic cotton denim breaks in just right. With a zip fly, and available in three inseam lengths: short, 30""; regular, 32""; long, 34"". Recyclable through the Common Threads Recycling Program.<br><br><b>Details:</b><ul> <li>Durable organic cotton denim</li> <li>Button-closure zip fly</li> <li>5-pocket-jean styling</li> <li>""Inseam is 32""""""</li></ul><br><br><b>Fabric: </b>14-oz 100% organic cotton denim. Recyclable through the Common Threads Recycling Program<br><br><b>Weight: </b>(865 g 30 oz)<br><br>Made in Mexico.",1,4,0.26284528541195296,0.14727539002225198,-0.13765181687013167,0.4381999943617995,0.026265028069654625,-0.25707115708650913,-0.1275448007788704,0.04091423460636626,-0.024148673889080582,0.07751371195243772
393,"Lw travel sling - The feel is open-ended, like a good itinerary - with just the features a traveler needs. The lightweight fabric allows the Travel Sling to mold itself to the shape of your back, keeping its load close to your center of balance. The main compartment is roomy enough for map, lunch and a shell, with extra space for found treasures. Two organizational pockets, one with a key-chain clip, hold easily lost items. The shoulder strap includes an electronics pocket for your phone or music player, and a mesh water-bottle pocket keeps your favorite liquids handy. For traveling, there's a 3-point-adjustable mesh shoulder strap and the entire pack stuffs into its own pocket. Made of 50-denier 100% nylon triple ripstop with a polyurethane coating and a DWR (durable water repellent) finish.<br><br><b>Details:</b><ul> <li>Zippered main compartment with internal pocket for organization</li> <li>Top pocket with internal key chain clip</li> <li>Mesh water-bottle pocket on side</li> <li>Breathable mesh shoulder strap with electronics pocket</li> <li>3-point adjustable shoulder strap and waistbelt</li> <li>Stows in its own pocket</li></ul><br><br><b>Fabric: </b>Body: 50-denier 100% nylon triple ripstop with polyurethane coating and a DWR (durable water repellent) finish. Shoulder strap: 100% polyester 3-D spacer mesh<br><br><b>Weight: </b>(204 g 7.1 oz)<br><br>Made in Philippines.",2,8,0.31773553678802546,-0.14206757647076065,-0.17080684279604255,-0.1456636760831049,0.06636513543898839,0.02280011805273938,0.037869767591384496,0.43980452045556545,-0.030081112591855284,-0.04474302413738812
394,"Lw travel tote - Harmonizing with life on the go, the Travel Tote holds your take from the farmers' market, beach essentials or an en plein air watercolor kit. It features a large zippered main compartment for easy access and an external zippered organizer pocket (with key keeper) that swallows the entire bag when it's not in use. There's also a handy internal zip pocket for valuables, and side mesh pockets for drink bottles or snacks. The top cinch drawcord and buckles secure contents and can attach lightweight items. Breathable backpack straps store when not in use, and the lightweight foam back cushion can be removed for use as a sitting pad. Made from 50-denier triple-ripstop nylon with a polyurethane coating and a DWR (durable water repellent) finish. Reinforced with 150-denier polyester (47% recycled) double-weave ShiftLayer.<br><br><b>Details:</b><ul> <li>Zippered main compartment provides easy access</li> <li>Front zippered-organizer pocket with key keeper stows the tote when not in use</li> <li>Inside zippered pocket holds valuables</li> <li>""Side mesh pockets for bottles, snacks""</li> <li>Cinch drawcord and buckles secure contents and attach lightweight items</li> <li>""Breathable shoulder straps, stow when not in use""</li> <li>Lightweight foam pad cushions the back and can be removed for use as a sit pad</li></ul><br><br><b>Fabric: </b>50-denier 100% nylon triple ripstop with polyurethane coating and a DWR (durable water repellent) finish. Reinforcements: 150-denier 100% polyester (47% recycled) double-weave ShiftLayer<br><br><b>Weight: </b>(343 g 11.9 oz)<br><br>Made in Philippines.",2,8,0.2710772930600781,-0.14723714366360097,-0.16147995440637206,-0.1490554967934522,0.06622465863231763,0.008890634818831646,0.031270470134339534,0.36708866475991697,-0.04072950702075069,-0.034495363584869335
395,"Wavefarer board shorts-21 in. - The board shorts we live in. For long hikes to secret spots and longer hours in the water, we make all our surf trunks chafe-proof, with a forward inseam at the crotch. Our tried-and-true Wavefarers have a low rise, hit just below the knee to prevent wax-rash, and are built from a tough but lightweight, quick-drying 4.3-oz 100% nylon with a DWR (durable water repellent) finish. Details include a flat-lying single-button fly, an easy-access, self-draining side zip pocket with key loop. Inseam (size 32) is 10""; outseam is 21"". Recyclable through the Common Threads Recycling Program.<br><br><b>Details:</b><ul> <li>""Recyclable, lightweight nylon with a DWR (durable water repellent) finish""</li> <li>""Flat-lying single-button fly and 3-piece, self-lined waistband contours to hip line""</li> <li>""Horizontal self-draining, side-seam zip pocket with a secure zip and internal key loop""</li> <li>Forward inseam at crotch eliminates chafing</li> <li>Hem hits below the knee</li> <li>Lower rise</li> <li>""Inseam is 10""""; outseam is 21""""""</li></ul><br><br><b>Fabric: </b>4.3-oz 100% nylon with DWR finish. Recyclable through the Common Threads Recycling Program<br><br><b>Weight: </b>(190 g 6.6 oz)<br><br>Made in Thailand.",1,1,0.3249100998819545,-0.15648560778875567,-0.11105375898785234,0.06056159418010578,0.06456369333888706,0.1740402625031453,-0.07837102372529858,-0.02869645714688578,-0.13271549825338486,-0.1099325310164356
396,"Wild steelhead, alaska poster - Catch and release. A steelhead disappears into the cold, clear waters of Alaskas Eagle River. For 30 years we've paid tribute to human adventures both near and far with a collection of photographs that speak to the passion, joy and beauty of lives spent outside. These photos have appeared exclusively on our Web site, in our catalog and on the walls of our retail stores and specialty outdoor clothiers around the world. And now we are excited to make select photos available to you as posters. We hope they brighten up your space and inspire you to get outside.<br><br><b>Details:</b><ul> <li>Dimensions: 24 x 36</li> <li>""Photo by Tim Pask ?2009 Patagonia, Inc.""</li></ul><br><br><b>Fabric: </b>Printed with soy inks on 100% recycled paper<br><br>Printed in USA.",6,10,0.056223729365656824,0.07467334857721156,-0.014228283438074751,-0.06004211283892304,0.02535660789798143,0.07728160661150167,-0.018465526199361256,0.0312252616068572,-0.5186582532980465,0.7137285075066521
397,"Wind path t-shirt - The visual energy of the Wind Path T-Shirt drafts hidden currents, beautifully rendered by artist Nick Wroblewski. Ringspun, 100% organic cotton is supersoft; taped shoulder seams provide a no-chafe fit. The shirt's PVC- and phthalate-free inks are easier on the environment. Recyclable through the Common Threads Recycling Program.<br><br><b>Details:</b><ul> <li>Ringspun yarns for a softer hand</li> <li>Taped shoulder seams</li> <li>Screen-print inks are PVC- and phthalate-free</li></ul><br><br><b>Fabric: </b>5.4-oz 100% organic cotton. Recyclable through the Common Threads Recycling Program<br><br><b>Weight: </b>(199 g 6.9 oz)<br><br>Made in USA.",5,2,0.29116049906304076,0.5461607419016467,-0.04508143150424977,-0.17803865230363403,-0.009718378519786465,0.04511875875003304,-0.0432127138451714,-0.009190773311322429,0.001770042152634557,-0.0603517033768818
398,"Marlwalker - Stalking the coral flats can be tough on feet and even tougher on emotions. Fortunately, our classic flats shoe provides the comfort, support and protection - at least for feet - every flats angler will appreciate. Light, flexible (with notched flex zones to allow for more natural foot movement) and fast drying, the Marlwalker is known for killer durability that's made it the favorite of flats guides everywhere. Boot-style protection and support reduce fatigue and maximize stability. The upper is made of tough, quick-drying synthetic leather and ultra-high-filtration hydrophobic polyester mesh (100% recycled). More features: hidden lace eyelets, padded neoprene/spandex tongue, cushioned heel, cushioned wraparound ankle support, a sturdy toe cap and nonmarking rubber sole, neoprene collar, and wide last.<br><br><b>Details:</b><ul> <li>""Quick-drying synthetic leather for a comfortable, lightweight wading shoe; high-filtration mesh keeps out sand and silt, and drains quickly""</li> <li>""Compression molded EVA midsole and polypropylene insole/shank combination provide torsional rigidity, support, protection from stone bruising, padded insole provides comfort and arch support; wide last accommodates a neoprene foot wader or Insulator Socks""</li> <li>""Padded ankle support, covered, protected lacing loops with speed lace hooks at the top""</li> <li>""Notched, sculpted flex zones for improved flexibility""</li> <li>""Highly abrasion resistant toe bumper with stout, reinforced toebox and heel counter, sole designed to hold fin straps""</li> <li>Sticky-Rubber Star Tread Patterned Sole provides excellent multi-directional traction without marring stream rocks</li> <li>All outsoles can be resoled</li></ul><br><br><b>Fabric: </b>""High-filtration all-recycled polyester mesh, synthetic leather upper, with nylon/spandex neoprene in tongue and polypropylene insole board. Full-length molded EVA midsole""<br><br><b>Weight: </b>(1139 g 39.5 oz)<br><br>Made in China.",9,1,0.17233908920459368,-0.07984892274415432,0.05037897674206086,0.008820928176607554,0.01297985650483583,0.11403111299790167,0.11856515782277467,0.11320550826365366,0.00196905118337334,0.0003437411345742369
399,"Marlwalker pants - Veterans of the tropics know long pants are the best way to beat the damaging effects of heat, sun, salt, sand and coral. You just need the right pair. Our Marlwalker Pants now provide 50 UPF sun protection and light, airy performance in or out of the water. The extremely fast-drying 100% nylon fabric resists water absorption, prevents chafing and is fully recyclable. High tear strength means the Marlwalkers stand up to years of pounding surf, abrasive jetty rock and the occasional shore crab. Streamlined, flapless, zippered pockets are self-draining and won't grab fly lines. With  a string-tie closure and 2-button fly. Recyclable through our Common Threads Recycling Program.<br><br><b>Details:</b><ul> <li>Extremely fast drying fabric that resists wetting out and prevents chaffing and provides 50+ UPF sun protection</li> <li>Very high tear strength promotes long product life in harsh conditions</li> <li>Provides wind protection but doesn't shut down airflow</li> <li>Side and rear pocketing is self-draining</li> <li>Internal key loop</li> <li>Flat-lying 2-button fly with tie closure</li> <li>""Inseam (size M) is 32""""""</li></ul><br><br><b>Fabric: </b>4.3-oz 100% nylon with DWR (durable water repellent) finish and 50+ UPF sun protection. Recyclable through the Common Threads Recycling Program<br><br><b>Weight: </b>(308 g 10.7 oz)<br><br>Made in Thailand.",-1,1,0.28087176593477053,-0.14374867336027922,0.017037566178906702,0.03155548714651309,-0.0943392729228521,0.19686165321273175,-0.1500979349453735,-0.010200608557634386,0.10312362781538953,0.0912691423932585
400,"Retro grade shorts - As advantageous as a number 2 cam, Retro Grades just seem to go anywhere. They have a soft yet durable blend of 98% organic cotton and 2% spandex that stays cool and slides smoothly over skin. A gusseted crotch and articulation at the knees lets you move unchallenged. Built with a soft waist (with internal drawstring) and harness-compatible belt loops, they feature a relaxed fit and a 5-pocket design that includes a security pocket on the right side seam. Our longest shorts, the inseam (size M) is 16"". Recyclable through the Common Threads Recycling Program.<br><br><b>Details:</b><ul> <li>Soft yet durable organic cotton/spandex with stretch; easy slide next to skin</li> <li>5-pocket styling in a relaxed fit; grown-on waistband for harness comfort</li> <li>Internal synthetic drawstring; Gusseted crotch</li> <li>""Angled, easy-access zippered security pocket at side seam""</li> <li>Double layered fabric at the knee</li> <li>Articulation in the knees</li> <li>""Inseam is 16""""""</li></ul><br><br><b>Fabric: </b>8-oz 98% organic cotton/2% spandex. Recyclable through the Common Threads Recycling Program<br><br><b>Weight: </b>(458 g 15.9 oz)<br><br>Made in Vietnam.",-1,1,0.31662998934234216,-0.007319326381006847,-0.10253339520428556,0.19682010920599768,0.009724202819741078,0.0018247495733310908,-0.0010252648552443908,-0.02285463014056589,-0.05921514540927983,-0.05484314695400897
401,"Reversible phone home - Travel broadly and surf the world, but don't forget to call your mom. Now reversible for road-trip rejuvenation, the inimitable hooded Phone Home Jacket helps us keep in touch. Made of 100% organic cotton fleece lined with a soft organic cotton jersey. Comes with an extended rib-knit at the waist and cuffs and roomy pockets on the fleecy side. Recyclable through the Common Threads Recycling Program.<br><br><b>Details:</b><ul> <li>Organic cotton fleece hoody lined with organic cotton jersey</li> <li>Rib-knit waist and cuffs</li> <li>Drawstring closure at hood</li> <li>Roomy front pockets</li> <li>Reversible</li></ul><br><br><b>Fabric: </b>10.3-oz 100% organic cotton fleece. Lining: 4.5-oz 100% organic cotton jersey. Recyclable through the Common Threads Recycling Program<br><br><b>Weight: </b>(917 g 31.8 oz)<br><br>Made in India.",1,1,0.2498293845533453,0.13073854926014386,-0.06107755301548278,0.2119398014187009,-0.017980129478689415,-0.26505726827355774,0.1196999830579765,0.011430241961450899,0.04779695082083496,0.0688427030148744
402,"River shorts - River life is mighty fine, but even there you occasionally have to wear clothes. Our River Shorts provide a quick-drying alternative to your life au naturel. They have the same light, skin-friendly, 100% nylon fabric as our venerable Baggies Shorts, with a DWR (durable water repellent) finish to resist water and a 100% polyester mesh lining. We've rolled the inner leg side-seams forward to eliminate chafing and added a rear yoke for a customized fit; a thigh pocket holds your river map and other essentials. The waistband has belt loops and a web belt with separating buckle that keeps them cinched if you happen into the drink. Inseam length (size M) is 10"". Recyclable through the Common Threads Recycling Program.<br><br><b>Details:</b><ul> <li>Made with quick-drying Baggies nylon; DWR (durable water repellent) finish</li> <li>Pull-on elasticized waistband; black mesh liner</li> <li>""Fixed webbing belt, belt loops, and separating buckle""</li> <li>Self-draining front pockets; rear zippered pocket</li> <li>Horizontal self-draining zip pocket on side with internal key loop</li> <li>Forward inseam at crotch eliminates chafing</li> <li>""Inseam is 10""""""</li></ul><br><br><b>Fabric: </b>4.2-oz 100% nylon with a DWR (durable water repellent) finish. Lining: 5.2-oz 100% polyester mesh. Recyclable through the Common Threads Recycling Program<br><br><b>Weight: </b>(317 g 11 oz)<br><br>Made in Nicaragua.",1,1,0.3416569670513813,-0.19327053961508348,-0.14205154210930057,0.0010907804420217414,0.04960343390616477,0.17575763388341983,-0.10656590580817031,0.06137098888491925,-0.13463999066606902,-0.04888363211397272
403,"Hip pack - Entrusted with holding our essentials, this little pack has big responsibilities. Designed for hiking, biking and travel, it features a zippered main compartment and small hanging mesh pocket with a key retainer, 3-D spacer-mesh panels to wick perspiration, a narrow waist strap, and water-resistant zippers. Made from 150-denier double-weave polyester (100% recycled) that's coated with polyurethane and has a DWR (durable water repellent) finish.<br><br><b>Details:</b><ul> <li>Zippered main compartment holds the goods</li> <li>Hanging mesh pocket for small items</li> <li>Key retainer</li> <li>""3-D spacer-mesh panel at hips cushions, wicks moisture, dries quickly and allows air circulation""</li> <li>Narrow waistbelt is comfortable and unobtrusive</li> <li>Water-resistant zippers</li></ul><br><br><b>Fabric: </b>7.4-oz 150-denier 100% all-recycled polyester double weave. Lining: 3.3-oz 200-denier 100% polyester. Both with polyurethane coating and a DWR (durable water repellent) finish<br><br><b>Weight: </b>(193 g 6.7 oz)<br><br>Made in Vietnam.",2,8,0.3003430595591498,-0.1901007712734809,-0.13039673623995873,-0.16322151874709104,0.07221175297914133,0.008465652320983907,0.08230788999523107,0.35699094578388857,-0.01609721959286859,-0.034840680748592125
404,"Hooded monk sweatshirt - The sacred garment of predawn surf checks, sunset barbecues and skateboard beer runs, our ultimate sweatshirt hoody sports graphics from out T-Shirt line. Made of 75% organic cotton and 25% polyester fleece for softness and quick after-surf dry time. With extended rib-knit cuffs and waist. Recyclable through the Common Threads Recycling Program.<br><br><b>Details:</b><ul> <li>Soft organic cotton/polyester fabric</li> <li>Deep 3-panel hood with drawcord</li> <li>Pouch pocket and extended rib-knit cuffs and waist</li></ul><br><br><b>Fabric: </b>10.3-oz 75% organic cotton/25% polyester fleece. Recyclable through the Common Threads Recycling Program<br><br><b>Weight: </b>(626 g 21.7 oz)<br><br>Made in India.",1,1,0.27322784557564495,0.07780033299442575,0.0024159356122357895,0.10407692331356429,-0.04363283858113066,-0.22257472290233485,0.09429575223933331,-0.024310203095409162,0.08553874409635333,0.0685193664291092
405,"Houdini full-zip jkt - Now you see it, now you don't. Just like the sun on blustery days, our ultralight, ultrapackable Houdini can shed fickle weather and then disappear when the skies clear. It's also breathable enough to keep on as you crank through the next squall. The textured triple-ripstop nylon fabric proves surprisingly tough, while the Deluge DWR (durable water repellent) finish wards off flurries six pitches from the deck. The lower-volume hood snugs around the face and head three-dimensionally with a single-pull system. The jacket stuffs into its own chest pocket, which has a secure zipper closure and a burly-strong carabiner clip-in loop. With a drawcord hem.<br><br><b>Details:</b><ul> <li>""Highly breathable, incredibly light, textured soft-shell fabric has a strong, triple ripstop pattern and a subtle, slightly transparent appearance; Deluge DWR (durable water repellent) finish""</li> <li>DWR-coated center-front zipper</li> <li>""Zippered exterior chest pocket doubles as a stuff sack, with a reinforced carabiner clip loop""</li> <li>Hood opening and field-of-vision adjustment in one pull</li> <li>May be worn over baselayers and light midlayers</li></ul><br><br><b>Fabric: </b>1-oz 15-denier 100% nylon ripstop with Deluge DWR finish. Recyclable through the Common Threads Recycling Program<br><br><b>Weight: </b>(124 g 4.3 oz)<br><br>Made in China.",1,1,0.28666270097121127,-0.18118951123887372,-0.16066862679722768,-0.15083955527557177,0.025976760496694586,-0.046712099149957234,-0.020647142753187867,-0.050316186013891186,0.04351052974986499,0.024912829268825817
406,"Merino 2 bottoms - A stop-and-go pace, like that of alpine climbing or backcountry riding, can leave you with the shivers. These lightweight bottoms will help you stay dry and warm. Our most versatile merino layer for an active lifestyle in warm to cool weather, Merino 2 is made with 73% merino wool spun around an all-recycled polyester (27%) core for a luxurious hand, an improved dry time and enduring strength. Inherently soft and comfortable, merino naturally resists odor, moves moisture away from the skin, regulates body temperature, and stretches. Details include a brushed-elastic waistband, offset inseams and a functional fly. We slow-wash our merino for next-to-skin softness. Machine-wash cold; lay flat to dry. Recyclable through the Common Threads Recycling Program.<br><br><b>Details:</b><ul> <li>""Slow-washed merino wool resists odor naturally, insulates even when wet, is durable and stretches, provides superior performance and softness""</li> <li>18.5 micron-gauge yarn and jersey-knit construction for luxurious hand</li> <li>""All-recycled polyester core wicks moisture, while wool next to skin controls odor""</li> <li>Brushed elastic waistband and offset inseam prevent irritation</li> <li>Functional fly</li> <li>""Machine-wash cold, lay flat to dry""</li></ul><br><br><b>Fabric: </b>4.85-oz (165-g) 73% chlorine-free merino wool/27% all-recycled polyester. Recyclable through the Common Threads Recycling Program<br><br><b>Weight: </b>(170 g 5.9 oz)<br><br>Made in USA.",8,3,0.279849083532793,-0.045373076956511646,0.5799061562450878,0.034919489536446684,0.5772603650691766,-0.006900763480168955,-0.1722689037701951,-0.005293711155824843,0.04109861698450632,0.023836594734953948
407,"Merino 2 crew - In this soft long-sleeved tee, you can work up a sweat biking to work, catch a bouldering session in the afternoon, and still have people want to be near you at the pub. Inherently soft and comfortable, merino naturally resists odor, moves moisture away from the skin, regulates body temperature, and stretches. Made from our most versatile merino layer for an active lifestyle in warm to cool weather, this lightweight pullover features 73% merino wool spun around an all-recycled polyester (27%) core for a luxurious hand, an improved dry time and enduring strength. The raglan-sleeve design and offset side seams are smooth beneath pack straps. We slow-wash our merino for next-to-skin softness. Machine-wash cold; lay flat to dry. Recyclable through the Common Threads Recycling Program.<br><br><b>Details:</b><ul> <li>""Slow-washed merino wool resists odor naturally, insulates even when wet, is durable and stretches, provides superior performance and softness""</li> <li>18.5 micron-gauge yarn and jersey-knit construction for luxurious hand</li> <li>""All-recycled polyester core wicks moisture, while wool next to skin controls odor""</li> <li>Self-fabric collar band for comfort without binding</li> <li>Raglan sleeve seams won't chafe beneath pack straps</li> <li>Side seams offset to eliminate irritation</li> <li>""Machine-wash cold, lay flat to dry""</li></ul><br><br><b>Fabric: </b>4.85-oz (165-g) 73% chlorine-free merino wool/27% all-recycled polyester. Recyclable through the Common Threads Recycling Program<br><br><b>Weight: </b>(167 g 5.8 oz)<br><br>Made in USA.",8,3,0.3109552049930931,-0.02286082617610631,0.6184692399668392,0.023038684040440748,0.5259729326642731,-0.023918896822135813,-0.15030660207909408,0.06772060979433867,0.07047749086837526,0.05772168754950194
408,"Baggies shorts - Summertime unwinds in a boisterous flurry of kids, dogs, sunshine and water. Our do-all, go-all Baggies Shorts flow effortlessly from chaos to quiet times with an easy-going feel. They're made from lightweight, quick-to-dry 4-ply, 4.2-oz Supplex nylon with a DWR (durable water repellent) finish to shed water. Self-draining, half-mesh pockets are bartacked at all stress points. The fully elasticized drawcord waist holds onto beanpole hips and has a self-fabric backing for no-chafe comfort. With a built-in mesh liner. Inseam is 6"". Recyclable through the Common Threads Recycling Program.<br><br><b>Details:</b><ul> <li>Lightweight Supplex nylon dries quickly</li> <li>Full elasticized drawcord waist has soft fabric and mesh liner</li> <li>Half-mesh pockets for drainage and bar tacks on side pocket seam stress points</li> <li>""6"""" inseam""</li></ul><br><br><b>Fabric: </b>""4-ply, 4.2-oz Supplex nylon with DWR (durable water repellent) finish. Recyclable through the Common Threads Recycling Program""<br><br><b>Weight: </b>(138 g 4.8 oz)<br><br>Made in Nicaragua.",1,1,0.26756163759328194,-0.15194906300164543,-0.13279478381447077,-0.04353998442876509,0.05407100372795953,0.1357650142532719,-0.012661735271100231,0.08488750217533099,-0.05523265687058435,-0.06240060327665739
409,"Boardie shorts - Let your grom rip, tear and shred - but not his shorts. Boardies provide long-haul core durability in a lightweight 3.7-oz 100% microfiber polyester fabric treated with a DWR (durable water repellent) finish. A slightly longer length with forward seaming in the crotch improves mobility and comfort. The partially elasticized waistband adjusts with a nylon drawcord closure; a zippered hip pocket lays flat and self-drains. Hip-riding; unlined. Inseam is 10"". Recyclable through the Common Threads Recycling Program<br><br><b>Details:</b><ul> <li>""Soft, durable lightweight micropolyester is quick-drying; partially elasticized waistband for perfect fit and comfort""</li> <li>Leg length provides ample coverage and abrasion-resistance while straddling a surfboard; forward seaming at crotch creates mobility and comfort</li> <li>""Board-short-inspired closure with a secure, easy-to-adjust nylon drawcord; zippered hip pocket lies flat, out of the way and self drains""</li> <li>Hip-riding and unlined</li> <li>""10"""" inseam""</li></ul><br><br><b>Fabric: </b>3.7-oz 100% microfiber polyester with a brushed face and a DWR (durable water repellent) finish. Recyclable through the Common Threads Recycling Program<br><br><b>Weight: </b>(118 g 4.1 oz)<br><br>Made in Colombia.",1,1,0.34220299185838726,-0.17124179791707178,-0.08732076133670326,0.05389380292987328,0.06309346379463565,0.15878343659802124,-0.02567126080175429,-0.09974876764589873,-0.09784519187779693,-0.07283630370386096
410,"Sun glove - Take a look at an old flats guide's hands and you'll get a pretty good idea of why we made these. Of course, there's always sunscreen, but it tends to make slippery work of casting and line control, and who wants coconut-scented flies, anyway? The solution is a light, comfortable, fingerless glove made from quick-drying, 30-UPF 84% all-recycled polyester/16% spandex fabric. The webbed-finger design and out-of-the-way seam placement make Sun Gloves easy to wear and easy to slip on and off. Your hands will thank you.<br><br><b>Details:</b><ul> <li>All-recycled polyester and spandex gloves with 30-UPF sun protection</li> <li>Seams placed away from traditional wear areas</li> <li>""Webbed finger design for secure, comfortable fit and easy on/off""</li></ul><br><br><b>Fabric: </b>5.8-oz 84% all-recycled polyester/16% spandex<br><br><b>Weight: </b>(20 g 0.7 oz)<br><br>Made in USA.",-1,1,0.1820674855057627,-0.03801598827533771,0.0741177350874776,0.010105396284929433,-0.1045041458689417,0.13743959726559735,-0.0005906996431365178,0.026893954319101406,0.09885374452838258,0.0985188121065704
411,"Sun mask - Because sun protection only works if you use it, comfort means everything. Inspired by old-school bandana face protection, the Sun Mask improves the concept with an anatomically designed shape and our ultralight, quick-drying 30-UPF polyester fabric. The top hugs your face without unwanted pressure, while the bottom flares for neck coverage  - did we mention that it can be used as a neckwarmer or balaclava. The flat-sewn seams mean extra comfort, and the breathable fabric minimizes eyewear fogging. Recyclable through our Common Threads Recycling Program.<br><br><b>Details:</b><ul> <li>Ultralight polyester dries quickly and feels good against the skin; fabric provides 30-UPF sun protection </li> <li>Tapered design covers the neck and stays put without constricting or creating tight spots </li> <li>Flat-sewn seams for all day comfort </li> <li>Highly breathable fabric minimizes eyewear fogging and voice restriction </li> <li>""Converts into a headband, neck gaiter or wristband""</li></ul><br><br><b>Fabric: </b>4.3-oz 100% polyester jersey with 30-UPF sun protection. Recyclable through the Common Threads Recycling Program<br><br><b>Weight: </b>(49 g 1.7 oz)<br><br>Made in Vietnam.",0,1,0.22504101241748783,-0.06977009867211996,0.13384154557118108,0.020501641896564695,-0.1829116376973555,0.1680936511124443,-0.0233414177031876,0.007488469013699584,0.21840827772184906,0.16195618577087215
412,"Sunshade shirt - This ultralight, moisture wicking fishing shirt provides cool sun protection and all-day comfort, even on the sizzling flats of the Turks and Caicos. Turns out, anglers across the higher latitudes -from Montana to Maine - needed a shirt like this for summer fishing as well. The 4.7-oz 100% polyester fabric makes our award-winning Sunshade cool and light, with no loss to its 30-UPF rating. The neck has a tall collar for increased coverage. There's also a zippered chest pocket and hanging, low-bulk mesh pocket bag. Raglan sleeves. Recyclable through the Common Threads Recycling Program.<br><br><b>Details:</b><ul> <li>""Light, soft and moisture-wicking 30-UPF sun protection fabric has built-in stretch""</li> <li>Crossover neck with tall collar for increased coverage</li> <li>""Zippered chest pocket and hanging, low-bulk mesh pocket bag""</li> <li>Raglan sleeves for comfort under wader and pack straps</li></ul><br><br><b>Fabric: </b>4.7-oz 100% polyester jersey with moisture-wicking performance. Recyclable through the Common Threads Recycling Program<br><br><b>Weight: </b>(201 g 7 oz)<br><br>Made in Vietnam.",0,1,0.3135562007803854,-0.06350392281174692,0.10886457986850363,-0.00946548518222917,-0.15354598141639728,0.07279486026636392,0.045146951723806415,0.13647873793686371,0.19441374657426558,0.1206479513823475
413,"Cap 3 crew - Jumping off rocks or over mud puddles -  kids spend as much time in the air as on the ground. Let their spirits soar with our Capilene 3 Crew. It has a construction that fully endorses flight: fast-wicking, quick-drying 4.8-oz 100% polyester (64% recycled) fabric with Gladiodor natural odor control; a soft, brushed interior for insulation; raglan sleeves with underarm panels to accentuate mobility; and nonchafing seams for layering. With a tuck-in-friendly drop-tail hem for added warmth, a no-rub heat-transfer logo and an easy on/off rib neck. Recyclable through the Common Threads Recycling Program.<br><br><b>Details:</b><ul> <li>""Insulative and breathable, Capilene 3 is our fastest wicking baselayer, with Gladiodor natural odor control""</li> <li>Fabric inside brushed for softness</li> <li>Raglan sleeves with movement-enhancing underarm panel construction and non-chafing flat seams throughout</li> <li>Drop-tail hem for added warmth</li></ul><br><br><b>Fabric: </b>4.8-oz 100% polyester (64% recycled) with Gladiodor natural odor control. Recyclable through the Common Threads Recycling Program<br><br><b>Weight: </b>(135 g 4.7 oz)<br><br>Made in Mexico.",0,3,0.24938761245050892,-0.06141759820886501,0.3486821489444189,-0.04786473473166422,-0.30226881112300613,-0.12301455088929843,-0.04989947408171366,0.002861671223978704,-0.15356990946214585,-0.0779643560787411
414,"Duality jkt - Like the spring weather in Michigan's Upper Peninsula, our reversible Kid's Duality changes moods in seconds. The jacket's three-season versatility has a wind-resistant 2.3-oz 100% all-recycled polyester shell side that's treated with a Deluge DWR (durable water repellent) finish to resist wet weather; the warm, breathable 4.4-oz 100% all-recycled polyester microdenier fleece side keeps the chill out. The front zips into a neck-buffering stand-up collar, and raglan sleeves provide ample arm room. With zippered pockets, a reflective logo and a reflective zipper on the shell side; hook-and-loop-secured drop-in pockets; a reflective logo on the fleece side. Hip length. Recyclable through the Common Threads Recycling Program.<br><br><b>Details:</b><ul> <li>Reverses from a water-and-wind resistant Deluge DWR (durable water repellent) treated polyester shell side to a cozy microdenier fleece side</li> <li>Stand-up collar for wind protection</li> <li>Zippered pockets on shell side; fleece-side hook-and-loop-secured pockets and elbow patches</li> <li>Raglan sleeves relax silhouette and wear comfortably beneath pack straps</li> <li>Reflective Patagonia logo on both sides; reflective zipper on shell side</li> <li>Hip length</li></ul><br><br><b>Fabric: </b>Shell: 2.3-oz 100% all-recycled polyester with Deluge DWR finish. Fleece: 4.4-oz 100% all-recycled polyester. Recyclable through the Common Threads Recycling Program<br><br><b>Weight: </b>(311 g 10.8 oz)<br><br>Made in China.",1,1,0.3536223270697888,-0.1884083309114225,-0.07232756498784122,-0.15980543455756777,-0.03358293976992181,-0.15407804566821906,0.037857824530680866,-0.001589851999283621,0.12545538894308397,0.09066948692433782
415,"Microburst jkt - From the Scottish Highlands to the Torres del Paine, trekking some of the most beautiful places on earth invariably means wet weather. Our Microburst hard shell offers full waterproof/breathable protection in a pared-down but durable 3-layer package (3.9-oz 100% all-recycled polyester) with a waterproof/breathable H2No barrier and a Deluge DWR (durable water repellent) finish. The 3-way-adjustable hood has a laminated brim, and a low-bulk double flap protects the 2-way center-front zipper. Low-profile self-fabric tabs close the cuffs, and a drawcord adjusts the hem. Pocketing: two exterior handwarmers and a generous interior drop-in mesh that's big enough for a map - just in case the rain is so thick you're walking in circles. Recyclable through the Common Threads Recycling Program.<br><br><b>Details:</b><ul> <li>100% recycled and recyclable polyester face fabric with a waterproof/breathable H2No barrier and Deluge DWR (durable water repellent) finish</li> <li>3-layer construction adds durability and moves interior moisture for improved performance in full-on conditions</li> <li>Laminated brim with 3-way-adjustable hood improves function and fit</li> <li>2-way center-front zipper protected by a double flap with a rain gutter for storm-worthy protection</li> <li>Pockets: two handwarmers; one generous interior drop-in mesh</li> <li>""Low-profile, laminated, self-fabric cuff tabs""</li> <li>Drawcord hem</li></ul><br><br><b>Fabric: </b>""3-layer, 3.9-oz 100% all-recycled polyester with a waterproof/breathable H2No barrier and Deluge DWR finish. Recyclable through the Common Threads Recycling Program""<br><br><b>Weight: </b>(530 g 18.4 oz)<br><br>Made in China.",1,1,0.34935304254838956,-0.23212705471395909,-0.13167523332185516,-0.24434269975230635,0.052354437013113354,-0.1738293991594811,0.001590929862122072,-0.21725451656899727,0.06989638143596025,0.07310314899121573
416,"Micro puff vest - Too many alpine shiver-fests can leave you mumbling incoherently and sporting a thousand-yard stare, but this high-loft vest offers cold-weather sanity through ultralight, compressible core warmth. The durable, high-quality synthetic insulation traps heat (even when wet), and the double-ripstop polyester shell blocks wind and resists snow. Made with all-recycled polyester content throughout. Pockets: two handwarmers and one interior zippered chest that doubles as a stuff sack (with a carabiner clip-in loop).<br><br><b>Details:</b><ul> <li>""Ultralight, water-resistant and windproof shell and liner made from 100% all-recycled polyester""</li> <li>Insulated with superwarm and ultracompressible 100-gram PrimaLoft One</li> <li>Outstanding wet-weather performance and dry times</li> <li>""Pockets: zippered handwarmers and one interior, zippered self-storage pocket""</li> <li>""Full-length zipper with Deluge DWR (durable water repellent) finish, backed with a low-bulk wind flap""</li> <li>Drawcord hem</li></ul><br><br><b>Fabric: </b>Shell: 1.5-oz 32-denier 100% all-recycled polyester. Lining: 1.4-oz 22-denier 100% all-recycled polyester. Both have a DWR (durable water repellent) finish. Insulation: 100-g PrimaLoft One polyester. Recyclable through the Common Threads Recycling Program<br><br><b>Weight: </b>(288 g 10 oz)<br><br>Made in Thailand.",1,1,0.3245689464957958,-0.20945786709101916,-0.08232999280608186,-0.18176270286245336,0.08731038228088074,-0.13545014410521816,0.013077063562443396,0.052240867078503915,0.021317164389294062,-0.0005010067935614453
417,"Micro d-luxe cardigan - A Micro D-Luxe Cardigan adds irresistible warmth to top-roping Lisa Falls, riding a section of the White Rim Trail, or just watching campfire shadows through half-closed eyes. Made from lightweight 4.1-oz 100% polyester (87% recycled) microdenier fleece that's quick to dry, durable and breathable, with features that include a deep 3-panel hood, chafe-free seamless shoulders and handwarmer pockets. Recyclable through the Common Threads Recycling Program.<br><br><b>Details:</b><ul> <li>""Soft, microdenier fleece is durable, quick-to-dry and made from 87% recycled polyester""</li> <li>3-piece contoured hood</li> <li>Seamless shoulders to prevent chafe under backpack straps</li> <li>Handwarmer pockets</li></ul><br><br><b>Fabric: </b>4.1-oz 100% microdenier polyester (87% recycled) fleece. Recyclable through the Common Threads Recycling Program<br><br><b>Weight: </b>(213 g 7.4 oz)<br><br>Made in Costa Rica.",-1,1,0.2107306811569172,-0.04467865020759635,0.008053387432660307,-0.07593458051389809,-0.04052158398298184,-0.09526299125435699,0.060089362287613204,0.04212027061451419,0.03847937345768826,0.021087963293192596
418,"Rashguard - Sanctuary from sun and chill alike: This hardworking top is made of a stretchy blend of quick-drying, 5.8-oz 84% polyester (100% recycled)/16% spandex with built-in 30-UPF sun protection. Its seamless underarm gussets let kids move naturally during swimming, boarding or castle-building. A low-profile mock turtleneck design provides neck coverage; flat-seam construction throughout keeps the action friction-free.<br><br><b>Details:</b><ul> <li>Our rashguard features a stretchy blend fabric with built-in 30-UPF sun protection</li> <li>Seamless underarm gussets</li> <li>Flat-seam construction for friction-free surfing</li> <li>Low-profile mock turtleneck provides neck coverage</li></ul><br><br><b>Fabric: </b>5.8-oz 84% all-recycled polyester/16% spandex with 30-UPF sun protection<br><br><b>Weight: </b>(115 g 4 oz)<br><br>Made in USA.",7,6,0.22092329005662303,-0.04538400020670492,0.12392592265540378,0.06413569831854847,-0.20235987264654606,0.29524315734190526,0.01624675606817456,-0.01803033359086361,0.24608032366026797,0.16339125334414165
419,"Sunshade hoody - Put an end to the sunscreen standoff with this light, quick-drying hoody. It has built-in 30-UPF sun protection, and the smooth-against-the-skin 4.3-oz 100% all-recycled polyester fabric stretches, breathes, and wicks away moisture. The hood provides a refuge when the Jalama wind kicks in, and offset shoulder seams stay smooth under pack straps. A front kangaroo pocket holds shells and beach treasures. Recyclable through the Common Threads Recycling Program.<br><br><b>Details:</b><ul> <li>""Soft, stretchy polyester fabric is fast wicking, quick drying and breathable""</li> <li>Hood provides extra sun and wind protection</li> <li>Built-in 30-UPF sun protection</li> <li>Forward shoulder seams</li> <li>Kangaroo pocket</li></ul><br><br><b>Fabric: </b>4.3-oz 100% polyester jersey. Recyclable through the Common Threads Recycling Program<br><br><b>Weight: </b>(178 g 6.2 oz)<br><br>Made in Vietnam.",0,1,0.29238046782800964,-0.10243138836560554,0.12394521002694973,-0.026941285685093096,-0.1901989091674761,0.09717663887027267,-0.025458398366476495,0.07614107532249578,0.18771472043278425,0.12329397414091077
420,"Riverwalker - sticky - High water. Slick bedrock. Cobbles like greased bowling balls. Our Riverwalkers built their reputation in the most demanding wading conditions, with great flexibility, fast drying times and light weight. Notched flex zones allow for natural foot movement; a polypropylene insole/shank provides stability. But don't let the comfort fool you: These are tough boots for serious wading. Details: synthetic leather and high-filtration polyester mesh (100% recycled) uppers for maximum support, protected lacing, molded EVA midsole; our Rockstopper insole/shank stabilizes grip and protects against stone-bruising. Extra comfort thanks to the padded insole and ankle support; extra durability from the highly abrasion-resistant toe bumper with stout, reinforced toebox and heel counter. In three resoleable choices: felt (sewn on), tungsten-carbide studded and sticky rubber. Sized to accommodate neoprene stocking-foot waders.<br><br><b>Details:</b><ul> <li>""Quick-drying synthetic leather for a comfortable, lightweight wading shoe; high-filtration mesh keeps out sand and silt, and drains quickly""</li> <li>""Compression molded EVA midsole and polypropylene insole/shank combination provide torsional rigidity, support, protection from stone bruising, padded insole provides comfort and arch support; wide last accommodates a neoprene foot wader or Insulator Socks""</li> <li>""Padded ankle support, covered, protected lacing loops with speed lace hooks at the top""</li> <li>""Notched, sculpted flex zones for improved flexibility""</li> <li>""Highly abrasion resistant toe bumper with stout, reinforced toebox and heel counter, sole designed to hold fin straps""</li> <li>Sticky-Rubber Star Tread Patterned Sole provides excellent multi-directional traction without marring stream rocks</li> <li>All outsoles can be resoled</li></ul><br><br><b>Fabric: </b>""High-filtration all-recycled polyester mesh, synthetic leather upper, with nylon/spandex neoprene in tongue and polypropylene insole board. Full-length molded EVA midsole""<br><br><b>Weight: </b>(1055 g 36.6 oz)<br><br>Made in China.",9,1,0.13833336959196343,-0.07424100931460526,0.023169500391302212,-0.024244501382253127,0.024822058292041642,0.07947201282153588,0.13139199608164942,0.10826333570462554,-0.004768247138771443,-0.00041109656208571956
421,"Freewheeler max - Like a storage locker on wheels, the cavernous Freightliner Max holds everything you need for an extended trip, a fishing pilgrimage or a skiing getaway. Its main compartment swallows all your clothing and holds sundries in an interior mesh pocket; shoes and gear get their own zippered end section. The Max's light-colored lining makes contents easy to find. A retractable 2-position handle nimbly steers the load, which rolls smoothly on sturdy 80-mm wheels that provide plenty of clearance; impact-resistant skidplates withstand bumps and scrapes. With haul handles at both ends, external compression straps to cinch the load and/or attach bulky items, and batten supports on the sides that keep the bag standing upright but collapse for easy storage. Made from tough 1,200-denier polyester (100% recycled) that has a polyurethane coating and a DWR (durable water repellent) finish; with a molded foam and ballistics nylon bottom.<br><br><b>Details:</b><ul> <li>Main compartment holds load; zippered end compartment holds shoes and quick-access items</li> <li>Interior mesh pocket holds toiletries; light-colored lining makes contents easy to find</li> <li>Smooth-rolling 80-mm wheels provide plenty of clearance; impact-resistant skidplates</li> <li>Molded bottom pan resists abrasion and protects contents; 2-position retractable handle makes steering easy</li> <li>Haul handles at either end; external compression straps</li> <li>Stowable business card holder lets you ID your bag</li> <li>Batten supports on sides keep bag standing and collapse for easy storage</li></ul><br><br><b>Fabric: </b>11-oz 1200-denier 100% all-recycled polyester. Lining: 3.3-oz 200-denier 100% polyester. Both with polyurethane coating and a DWR (durable water repellent) finish. Bottom: Molded foam and ballistics cloth<br><br><b>Weight: </b>(4846 g 168 oz)<br><br>Made in Philippines.",2,8,0.18156658489829636,-0.10636128528186096,-0.08820500371133068,-0.11934601836398162,0.046937749909287924,0.011067806580306762,0.08460027952785583,0.34225924893050985,-0.024639357211768746,-0.030197562962078286
422,"Friction belt - The wayfarer's belt: lightweight, flexible and low profile with just enough social grace to lend credibility when you're pleading your case to the authorities. This flexible belt keeps pants where you want them with a 1"" wide nylon webbing that stays put dries quickly and serves double-duty for any last-minute strapping jobs. It's looped and bartacked onto an easy-to-adjust anodized aluminum buckle.<br><br><b>Details:</b><ul> <li>Quick-dry nylon webbing doubles as emergency lash strap</li> <li>""Anodized, anti-corrosive finish on buckle""</li></ul><br><br><b>Fabric: </b>""1"""" nylon webbing""<br><br><b>Weight: </b>164 g (5.8 oz)<br><br>Made in USA.",-1,6,0.15529887136317921,-0.067047831027009,-0.043184860857787416,0.013294974799209453,0.02373771257869422,0.15546611327121215,0.013056400977505232,0.07763781186496871,-0.10194308088865776,-0.0033503253311607186
423,"Future of the earth t-shirt - With the planet's future in question, answer the call of sustainability with our 100% organic, recyclable Future Of The Earth T-Shirt. Jason Munn's original art is printed with PVC- and phthalate-free inks that are easier on the environment.  The tee has taped shoulder seams for added durability. Yarn is ringspun for softness. The shirt is recyclable through the Common Threads Recycling Program.<br><br><b>Details:</b><ul> <li>Ringspun yarns for a softer hand</li> <li>Taped shoulder seams</li> <li>Screen-print inks are PVC- and phthalate-free</li></ul><br><br><b>Fabric: </b>5.4-oz 100% organic cotton. Recyclable through the Common Threads Recycling Program<br><br><b>Weight: </b>(175 g 6.1 oz)<br><br>Made in USA.",5,2,0.2527310436956457,0.5239643377872448,-0.03136642538473914,-0.1829270896424655,0.01651974893342463,0.06983608231281194,-0.044878333485832256,-0.01216138203789971,-0.012041022222742595,-0.05257320102650481
424,"Torrentshell pants - Torrentshells open up the world of storm clouds, downpours and puddle jumping. Tough yet lightweight, these rain-shell pants feature a 2.5-layer, 2.6-oz 50-denier 100% nylon ripstop fabric, with a waterproof/breathable H2No barrier to stop rain and a Deluge DWR (durable water repellent) finish to resist additional moisture. Fully sealed seams provide complete protection. A full elasticized waistband simplifies the ons and offs of layering, and an internal drawcord secures the fit. The knees have articulation for easy mobility, and elastic at the hem seals out water and cold. Webbing loops inside the cuffs allow a cord to be threaded through to keep pant legs from riding up. Reflective tape follows the side seams.<br><br><b>Details:</b><ul> <li>Lightweight and durable 2-layer shell</li> <li>""Full elasticized waistband for easy on/off and layering, with internal drawcord to secure fit""</li> <li>Articulated knees</li> <li>Elasticized cuff at hem to keep cold and wet out</li> <li>Internal loops inside hem gives option to add cord to keep pants from riding up</li> <li>Reflective tape on outer side seams</li></ul><br><br><b>Fabric: </b>""2.5-layer, 2.6-oz 50-denier 100% nylon ripstop with a waterproof/breathable H2No barrier and a Deluge DWR (durable water repellent) finish""<br><br><b>Weight: </b>(173 g 6 oz)<br><br>Made in China.",1,1,0.34186238696007587,-0.174362867257767,-0.141509176268922,-0.17141240552563644,0.09256539652356542,-0.0008530082784746426,-0.07956356743023481,-0.22119170393422366,-0.04322881636856975,-0.010250160899532812
425,"Trim brim hat - It's hard to improve on the halcyon days of summer. The Kids' Trim Brim Hat lets kids bask comfortably in the sun - it is lightweight and scrunchable, and allows cool airflow to whisk away heat. Made of lightweight 4-ply, 4.2-oz Supplex nylon with a quick-drying DWR (durable water repellent) finish, this floppy sun hat features a circular brim that provides constant shade; it also retains its shape when wet. With an adjustable cinch cord on the crown, and a nonchafing chin strap with a soft-lock adjustment that secures the hat for shredding and tucks away when not in use. Packs small; easy care.<br><br><b>Details:</b><ul> <li>""Lightweight Supplex nylon is soft, dries fast and packs small; easy care""</li> <li>Custom adjustment cinch on crown and non-chafing chin strap with soft-lock adjustment secures for surfing and tucks away when not in use</li> <li>Circular brim protects ears and neck; ventilation holes; reinforced front brim retains shape when wet</li></ul><br><br><b>Fabric: </b>""4-ply, 4.2-oz Supplex&#174; nylon with a DWR (durable water repellent) finish""<br><br><b>Weight: </b>(72 g 2.5 oz)<br><br>Made in China.",4,1,0.2004086462581668,-0.07983109495459555,-0.003578834496514632,-0.05620352019005884,-0.012538888126326947,0.09141562857431533,0.041279629524488916,0.06128774694833446,0.027390747331732482,0.01483651617277885
426,"Trucker hat - Mom and Dad may remember when hats like this kept them truckin' down the road. Ours is made from a cool blend of 47% organic cotton/28% nylon/25% polyester mesh, and has vent holes that allow steam to escape when the action heats up. A shapeable bill casts shade across the eyes and nose, and adjustable tabs in back customize the fit. The large volume accommodates big hair.<br><br><b>Details:</b><ul> <li>""Made from organic cotton, polyester mesh, and nylon""</li> <li>Bill provides sun protection</li> <li>Vent holes</li> <li>Redesigned shapeable bill</li> <li>Adjustable tabs in back customize fit</li> <li>Large volume accommodates big hair</li></ul><br><br><b>Fabric: </b>47% organic cotton/28% nylon/25% polyester<br><br><b>Weight: </b>(80 g 2.8 oz)<br><br>Made in China.",-1,1,0.17690200487554927,0.020339955785766244,-0.03550365761209364,0.08744846491277831,-0.025469875552864348,0.001792033663902697,0.07368382051073435,0.08300219077192192,0.08344443302736351,0.07023325121199894
427,"Gi ii zip-off pants - The multitalented Gi II Zip-Off Pants are made to engage the varied conditions of trekking, climbing and river running with aplomb. Made from a soft but tough Supplex nylon twill that's lightweight, quick to dry, compressible, and provides 40-UPF sun protection. They convert from pants to shorts easily without removing your footwear, and the zippers are colored coded to make re-attaching the legs a breeze. Gi II's also feature a gusseted crotch for extended leg movement, and the elastic waist has a separating low profile buckle and button-through zip fly. Two self-draining front pockets, a rear zip pocket and a beer-bottle-sized thigh pocket with zipper closure provide ample storage space for trail supplies. Pants inseam, size M, is 32""; shorts inseam, 10"". Recyclable through the Common Threads Recycling Program.<br><br><b>Details:</b><ul> <li>Updated fit</li> <li>""Durable, quick-drying nylon twill; fixed web belt with elasticized waist, separating buckle and button-through zip fly""</li> <li>Change safe on-seam front pockets with polyester mesh for drainage</li> <li>Zippered side-pocket on right leg; zippered back pocket</li> <li>Gusseted crotch</li> <li>Zip-off legs convert pants to shorts</li> <li>""Pants inseam is 32"""" inseam; shorts inseam is 10""""""</li></ul><br><br><b>Fabric: </b>3.7-oz 100% Supplex nylon twill with 40-UPF sun protection. Recyclable through the Common Threads Recycling Program<br><br><b>Weight: </b>(375 g 13 oz)<br><br>Made in Colombia.",1,1,0.3136521493379921,-0.16618475157926832,-0.11765456963744722,0.1284181466337965,-0.0787997209136152,0.1950343494980632,-0.22454686306035193,0.010867531357168956,-0.06451812230090173,-0.021306659078269525
428,"Girl's baggies shorts - An everyday staple for the beach and long summer days, our lightweight, durable Girls' Baggies have a 3"" inseam and a more feminine fit than traditional Baggies. Other than that, they're built to shred: 4-ply, 4.2-oz Supplex nylon with a DWR (durable water repellent) finish stays unsoggy in rapids and surf, and dries in a flash. Self-draining mesh pockets prevent ballooning; the elasticized drawstring waist (brushed inside for comfort) holds on during a tumult. Recyclable through the Common Threads Recycling Program.<br><br><b>Details:</b><ul> <li>Lightweight Supplex nylon dries quickly</li> <li>Elasticized drawstring waistband brushed inside for comfort</li> <li>""3"""" inseam""</li></ul><br><br><b>Fabric: </b>""4-ply, 4.2-oz Supplex nylon with DWR (durable water repellent) finish. Recyclable through the Common Threads Recycling Program""<br><br><b>Weight: </b>(109 g 3.8 oz)<br><br>Made in Costa Rica.",1,1,0.24192029447112487,-0.13069367733605183,-0.08244018003993389,-0.018602610535994088,0.03119434101306854,0.12375998031611496,-0.0026223725418396864,0.007470313817210656,-0.08941282566348215,-0.0774802272360683
429,"Girl's beach skirt - This easy-to-wear skirt harmonizes with both sun and water. Made of a stretchy blend of 6-oz 82% nylon/18% spandex that dries quickly and flows lightly over skin, it features a fully elastic waist and a scooped hemline for a comfortable fit and easy ons/offs. Best of all, the flowing design allows plenty of twirl.<br><br><b>Details:</b><ul> <li>Stretchy nylon fabric for comfort</li> <li>Full elasticized waist</li></ul><br><br><b>Fabric: </b>6-oz 82% nylon/18% spandex<br><br><b>Weight: </b>(75 g 2.6 oz)<br><br>Made in USA.",-1,1,0.2093908293545869,-0.06220283187824932,0.010838035395156854,0.0715526216174968,-0.015323780281334623,0.2086462848019923,0.1661674260777489,-0.03999012277358828,-0.030352003842789133,-0.02500698915290855
430,"Mlc - The secret to slipping through O'Hare's gauntlet of nerves and angst relies on your ability to move freely. Our much-loved MLC (Maximum Legal Carry-on) holds three to five days' worth of clothes, yet meets airline carry-on size requirements so you can get in and out as fast as possible. Hidden ergonomic shoulder straps quickly convert this soft-sided suitcase to a backpack for the carry-on traveler who hits the ground running and doesn't stop; with two handles for carrying like a briefcase. External zippered pockets provide easy access to travel docs and vital gear. An internal floating divider inside the main compartment separates clean from dirty. Made from 1,200-denier polyester (100% recycled) with a polyurethane coating and a DWR (durable water repellent) finish.<br><br><b>Details:</b><ul> <li>""Main compartment opens like a book for easy packing, access and organization; compression pocket secures contents""</li> <li>A secondary zippered sleeve pocket separates dirty clothes or shoes</li> <li>""Padded back panel holds shoulder straps, protects your back; a separate padded pocket stores a laptop or works well as a clothing organizer""</li> <li>""Easy-access pockets for tickets, passport, and office supplies""</li> <li>Three carrying options: Backpack: ergonomic shoulder straps tuck neatly into a zippered compartment; Shoulder bag: comfortable split-shoulder strap for over-the-shoulder carry slides over carry handle when not in use; Briefcase: Two carry handles</li></ul><br><br><b>Fabric: </b>11-oz 1200-denier 100% all-recycled polyester. Lining: 3.3-oz 200-denier 100% polyester. Both with polyurethane coating and a DWR (durable water repellent) finish<br><br><b>Weight: </b>(1341 g 46.5 oz)<br><br>Made in Philippines.",2,8,0.23678715809614131,-0.07686644209694786,-0.09689898718606027,-0.14138482728975424,0.03732449085642135,0.009359161451038022,0.05990047142578211,0.4354361725548566,-0.042400347503987204,-0.05570231923831028
431,"Mlc burrito - Ever show up at a confab looking like you spent the night on a Yosemite ledge? Our MLC Burrito is designed to hold your clothing wrinkle-free on hangers and reduce your packing and unpacking time. This convenient carry-on garment bag can be folded in thirds (like a burrito), and hung in the closet of an airplane or placed in the overhead bin. The strong internal hanging-bar-and-hook system holds eight hangers, and hooks to the top of a door or closet rod once you've arrived. Inside, four sleeve pockets keep your personal items and toiletries organized and handy. A large mesh pocket separates your shoes from your clothing. You can carry the Burrito as a briefcase or sling it over a shoulder with the soft, adjustable shoulder strap. Made with a 1,200-denier polyester (100% recycled) exterior and a 200-denier polyester liner; both have a polyurethane coating and DWR (durable water repellent) finish.<br><br><b>Details:</b><ul> <li>""Sturdy hanging bar and hanger-hook system holds 8 hangers, and hooks to the top of a door or closet rod""</li> <li>4 sleeve pockets and 1 large mesh pocket hold shoes and toiletries</li> <li>Carry with an adjustable soft shoulder strap or briefcase handle</li></ul><br><br><b>Fabric: </b>11-oz 1200-denier 100% all-recycled polyester. Lining: 3.3-oz 200-denier 100% polyester. Both with polyurethane coating and a DWR (durable water repellent) finish<br><br><b>Weight: </b>(1171 g 40.6 oz)<br><br>Made in Philippines.",2,8,0.20031561195094705,-0.07779248113990922,-0.08643367988713602,-0.11171924972970967,0.037731315347497955,-0.007317168157823274,0.03868857828341547,0.2773253786805338,-0.002282302813333962,-0.013411550914730716
432,Girl's live simply deer t-shirt - Soft-wearing ringspun organic cotton; Screen-print inks are PVC- and phthalate-free<br><br><b>Details:</b><ul> <li>Ribbing at neck stretches for easy on/off</li> <li>Screen-printed size label on back of neck won't chafe tender skin</li></ul><br><br><b>Fabric: </b>4.4-oz 100% organic cotton. Recyclable through the Common Threads Recycling Program<br><br><b>Weight: </b>(75 g 2.6 oz)<br><br>Made in USA.,5,2,0.34447188047067884,0.5676353308020681,-0.012461236405446342,-0.06388092271710354,-0.05045334636130972,-0.014608448793149358,0.03426071602465897,-0.07965732138308601,-0.021797281326168295,-0.005219862219052265
433,Girl's live simply seal t-shirt - Soft-wearing ringspun organic cotton; Screen-print inks are PVC- and phthalate-free<br><br><b>Details:</b><ul> <li>Ribbing at neck stretches for easy on/off</li> <li>Screen-printed size label on back of neck won't chafe tender skin</li></ul><br><br><b>Fabric: </b>4.4-oz 100% organic cotton. Recyclable through the Common Threads Recycling Program<br><br><b>Weight: </b>(75 g 2.6 oz)<br><br>Made in USA.,5,2,0.3509111035407823,0.5654994657943694,-0.014414334798852029,-0.06525288759180227,-0.049951540574632955,-0.02180293058401475,0.03740602255288923,-0.08557808806769296,-0.019134428664275307,-0.00020556934532821804
434,"Girl's t-back one piece - A girl's trusted companion for Sunfish races, seashell collecting and learning to swan dive, this one-piece bathing suit features an easy-care blend of stretchy 6-oz 82% nylon/18% spandex to match the ebb and flow of her beach activities. It withstands exposure to sun, salt water and chlorine, and dries quickly. Racerback straps allow complete shoulder mobility; they stay put when arms start flying. Contrast binding on the straps and leg openings feels smooth against bare skin.<br><br><b>Details:</b><ul> <li>Racerback straps for comfort and extra mobility</li> <li>Contrast binding on leg openings and straps</li></ul><br><br><b>Fabric: </b>6-oz 82% nylon/18% spandex<br><br><b>Weight: </b>(83 g 2.9 oz)<br><br>Made in USA.",-1,1,0.17712189195802164,-0.04350327150807048,0.06258889279935313,0.03733203180555545,-0.014425061801354057,0.15525371163092316,0.14168465305174352,0.05290510769918645,-0.05211115240487464,-0.044932366622754724
435,"Girl's two-piece set - This lightweight two-piece bathing suit keeps a water-loving girl as free as an ocean breeze. It's made of a stretchy, skin-friendly blend of 6-oz 82% nylon/18% spandex that dries quickly and moves easily to the motions of cannonballs and Marco Polo. The bikini styling has an athletic cut, with racerback straps that stay put during active movement. The back remains fixed for easier on and off; the gathered front adds a feminine finish. Elastic completes the waist and legs.<br><br><b>Details:</b><ul> <li>Racerback straps stay put during active movement</li> <li>Two-piece bikini style</li></ul><br><br><b>Fabric: </b>6-oz 82% nylon/18% spandex<br><br><b>Weight: </b>(75 g 2.6 oz)<br><br>Made in USA.",-1,1,0.17999460812572274,-0.03138799234315007,0.026559621851708633,0.0567013841904998,-0.0060225494210439275,0.1393937841437591,0.1681782803162606,-0.0009651026665716156,-0.07315107395530057,-0.056398785493688416
436,"Lightwire - Sometimes you need to leave the office in the rearview mirror. The Lightwire has plenty of room for a jacket and lunch in addition to its fully padded computer sleeve, which protects a 15"" to 17"" PC laptop. The dedicated flat storage section holds files and magazines, and an external pocket offers one-handed access to an office organizer. Highly breathable 3-D spacer-mesh shoulder straps and padded back panel wick away moisture. Other features include: an MP3 pocket, sternum strap with built-in safety whistle, a tuck-away waistbelt, stretch water-bottle pocket and an easy-access external security pocket. Made from 150-denier all-recycled polyester double weave with a polyurethane coating and a DWR (durable water repellent) finish.<br><br><b>Details:</b><ul> <li>""Main compartment for clothing, files or hiking essentials""</li> <li>Quick-access face pocket for small electronic devices and office supplies</li> <li>Padded back panel pocket for laptop or paperwork</li> <li>""Two mesh pockets for water, food, gloves, hats, etc""</li> <li>3-D spacer mesh back panel and shoulder straps; adjustable sternum strap with built-in safety whistle</li> <li>""Holds a 15"""" - 17"""" laptop""</li></ul><br><br><b>Fabric: </b>7.4-oz 150-denier 100% all-recycled polyester double weave. Lining: 3.3-oz 200-denier 100% polyester. Both with polyurethane coating and a DWR (durable water repellent) finish. Shoulder straps: 100% polyester 3-D spacer mesh<br><br><b>Weight: </b>(755 g 26.2 oz)<br><br>Made in Vietnam.",2,8,0.28700393483401276,-0.1432242804192144,-0.1188371013948829,-0.15241529341742296,0.06034719692857606,-0.0017697737841691546,0.06150955420838815,0.47067157411310023,-0.01377413225506335,-0.04280845616443163
437,"Lightwire brief - This adventure briefcase holds your bouldering gear or trail-running kit, along with the everyday implements of work and school. It even carries enough for an overnight getaway. Made with all-recycled polyester, it features a padded and suspended computer sleeve that cradles a 15"" to 17"" laptop against hard drops. A zippered external pocket allows one-handed access to a portable office organizer. There are also pockets for a cell phone and airline tickets, water bottle and valuables, plus a pocket for an MP3 player with an exit hole for earphones. A fully padded bottom protects contents and provides a stable base for stand-up performance. The split shoulder strap slides over the carry handle when not in use. Made from 150-denier all-recycled polyester double weave with a polyurethane coating and a DWR (durable water repellent) finish.<br><br><b>Details:</b><ul> <li>""Front zippered pocket gives one-handed access to office pocket organizer; middle zippered compartment, with large volume, has zippered see-through pocket for passport and electronics""</li> <li>Rear zippered compartment has dedicated internal flat storage pocket and fully suspended padded computer sleeve that protects against hard drops</li> <li>MP3 pocket with exit hole for earphones</li> <li>Stretch water-bottle pocket</li> <li>Zippered external security pocket</li> <li>""3-D spacer-mesh shoulder straps and padded back panel wick moisture, dry quickly and allow air circulation""</li> <li>""Holds 15"""" - 17"""" laptop""</li></ul><br><br><b>Fabric: </b>7.4-oz 150-denier 100% all-recycled polyester double weave. Lining: 3.3-oz 200-denier 100% polyester. Both with polyurethane coating and a DWR (durable water repellent)finish. Shoulder straps: 100% polyester 3-D spacer mesh<br><br><b>Weight: </b>(640 g 22.2 oz)<br><br>Made in Vietnam.",2,8,0.32485488700383847,-0.15394821177493648,-0.14208626929647952,-0.1419562246058138,0.0586127691036312,-0.019736443028980376,0.025051062017824106,0.47369294374583437,-0.02837602174030933,-0.044781015349455625
438,"Guide jkt - Sharp granite, sticky verglas, untracked lines - enjoy them all in this all-around workhorse soft shell. Extremely durable, stretchy and breathable, the 4-way-stretch polyester double weave allows for an excellent fit while resisting wind, water and snow. A chamois lining on the collar, chin guard and wind flap complements the soft, brushed interior for next-to-skin comfort. The regular-coil center-front zipper with DWR (durable water repellent) finish, three external pockets, articulated arms, a drawcord hem and self-fabric cuff tabs round out the details. Recyclable through the Common Threads Recycling Program.<br><br><b>Details:</b><ul> <li>""Burly, yet highly breathable, 47% recycled polyester double weave, with DWR (durable water repellent) finish, features 4-way-stretch and water- and wind-resistance""</li> <li>Brushed interior for next-to-skin comfort</li> <li>""Chamois-lined collar, chin guard, and wind flap""</li> <li>""External pockets: two handwarmers with zipper garages, one left chest - all pocket zippers have a DWR finish""</li> <li>Articulated arms</li> <li>""Low-profile, laminated, self-fabric cuff tabs""</li> <li>Drawcord hem</li></ul><br><br><b>Fabric: </b>""7.6-oz 70-denier 92% polyester (47% recycled) double weave with 4-waystretch/ 8% spandex, with Deluge DWR finish. Recyclable through the Common Threads Recycling Program""<br><br><b>Weight: </b>612 g (21.6 oz)<br><br>Made in Vietnam.",1,1,0.39746434122377294,-0.23687331321195615,-0.13048133041227394,-0.2184366179472789,0.05486061418242375,-0.13528496350611302,0.013932860844435322,-0.11924587944163184,0.020625946347988675,0.005291961253142163
439,"Guidewater duffle - large - Whoever said getting there is half the fun obviously wasn't dealing with dripping waders or current airline restrictions. Whether you're traveling by truck, skiff, floatplane or jetliner, the Guidewater makes hauling your gear easier. The coated, floating baffle separates dual zippered wet and dry gear access, so wading boots won't soak your ""coming home"" shirt. Now made with an even tougher, 840-denier double polyurethane-coated nylon fabric.  High-airflow mesh, coated, water-resistant zippers, rod tube attachment points and an adjustable, padded, split shoulder strap, and external zippered mesh pocket combine to create the ultimate angler's duffel. Better yet, it meets most domestic airline carry-on requirements.<br><br><b>Details:</b><ul> <li>""Separate wet and dry sides with floating, water-resistant divider""</li> <li>Coated water-resistant zipper eliminates bulk and provides easy access</li> <li>Two web loops on outside for rod tube attachment</li> <li>Split shoulder strap with adjustable fit</li> <li>External zippered mesh pocket</li></ul><br><br><b>Fabric: </b>Waterproof side: 840-denier nylon double-coat with polyurethane film. Breathable side: 300-denier polyester (47% recycled) double weave and nylon mesh. Floating divider: 70-denier nylon with polyurethane film<br><br><b>Weight: </b>(778 g 27 oz)<br><br>Made in China.",-1,8,0.2437316630579142,-0.11495741278716032,-0.11755191484457458,-0.15977848950959406,0.06537190149361842,0.016668620655837667,0.07697001621974807,0.31712170930282907,-0.05059860077368345,-0.009568996627442363
440,"Cap 3 bottoms - The unwavering foundation for any cold-weather clothing system, these bottoms keep you dry, warm and moving forward. They're made from Capilene 3, the most versatile and fastest-wicking of our performance baselayer fabrics: providing excellent insulation and ultimate comfort next to the skin, its dense interior honeycomb grid is brushed for warmth, softness and compressibility. With a smooth jersey exterior that glides readily beneath layers, a brushed, scalloped-edge elastic waistband, a gusseted crotch and a flat-seam construction that eliminates chafe. Made from 4.8-oz 100% polyester (64% recycled) with Gladiodor natural odor control for the garment. Recyclable through the Common Threads Recycling Program.<br><br><b>Details:</b><ul> <li>""The fastest-wicking of our baselayer fabrics, Capilene 3 features a dense interior honeycomb construction""</li> <li>""Fabric next to skin is brushed for warmth, softness and compressibility, while providing excellent insulation and breathability""</li> <li>Smooth jersey exterior glides easily under layers</li> <li>Scalloped-edge elastic waistband is brushed for next-to-skin softness</li> <li>Gusseted crotch for unimpeded mobility</li></ul><br><br><b>Fabric: </b>4.8-oz 100% polyester (64% recycled) with Gladiodor natural odor control for the garment. Recyclable through the Common Threads Recycling Program<br><br><b>Weight: </b>158 g (5.6 oz)<br><br>Made in USA.",0,3,0.2625690357148995,-0.09955067287003369,0.40640335137398265,-0.04425255613802374,-0.2413736341853736,-0.1530527459756294,-0.04387905711757023,-0.07497337713124143,-0.3531872716582748,-0.22927463967158573
441,"Cap 3 crew - Capilene 3, the most versatile and fastest-wicking of our performance baselayer fabrics, helps you stay dry and warm. This crew provides excellent insulation and has a dense interior honeycomb grid that's brushed for warmth, softness and compressibility. Its smooth jersey exterior glides readily beneath layers. Raglan sleeves and single-piece shoulder panels merge out of the way of shoulder straps, and side panels are offset to eliminate chafe. Made from 4.8-oz 100% polyester (64% recycled) with Gladiodor natural odor control for the garment. Recyclable through the Common Threads Recycling Program.<br><br><b>Details:</b><ul> <li>""The fastest-wicking of our baselayer fabrics, Capilene 3 features a dense interior honeycomb construction""</li> <li>""Fabric next to skin is brushed for warmth, softness and compressibility, while providing excellent insulation and breathability""</li> <li>Smooth jersey exterior glides easily under layers</li> <li>Self-fabric collar</li> <li>Raglan sleeves and single-piece shoulder panel merge out of the way of pack straps</li></ul><br><br><b>Fabric: </b>4.8-oz 100% polyester (64% recycled) with Gladiodor natural odor control for the garment. Recyclable through the Common Threads Recycling Program<br><br><b>Weight: </b>164 g (5.8 oz)<br><br>Made in Mexico.",0,3,0.277292058259854,-0.07006452811241484,0.43026206330585587,-0.10270559077889005,-0.2802768840327072,-0.21513586731651957,0.00644524917672704,0.0515777133576398,-0.28080727392303306,-0.1854204355609209
442,"Cap 3 bottoms - Ice climbers and alpinists know the pitfalls of sweaty leads and cold belays. Designed to manage the extremes of high-output exertion in cool to cold conditions - and keep you dry and warm beneath layers - our most versatile and fastest-wicking performance baselayer features a dense interior honeycomb construction that's brushed for next-to-skin softness, warmth and compressibility. With a smooth jersey exterior that glides readily beneath layers, a flat-seam construction that eliminates chafe, a brushed-elastic waistband and a gusseted crotch with a functional fly. Made from 4.8-oz 100% polyester (64% recycled) with Gladiodor natural odor control for the garment. Recyclable through the Common Threads Recycling Program.<br><br><b>Details:</b><ul> <li>""The fastest-wicking of our baselayer fabrics, Capilene 3 features a dense interior honeycomb construction""</li> <li>""Fabric next to skin is brushed for warmth, softness and compressibility, while providing excellent insulation and breathability""</li> <li>Smooth jersey exterior glides easily under layers</li> <li>Elastic waistband is brushed for next-to-skin softness</li> <li>Functional fly</li> <li>Gusseted crotch for unimpeded mobility</li></ul><br><br><b>Fabric: </b>4.8-oz 100% polyester (64% recycled) with Gladiodor natural odor control for the garment. Recyclable through the Common Threads Recycling Program<br><br><b>Weight: </b>198 g (7 oz)<br><br>Made in USA.",0,3,0.25331513053663646,-0.08939549534241485,0.386571327086,-0.04434752647890018,-0.20512043427344273,-0.14639618209651428,-0.04177782972579899,-0.07316077782154634,-0.31892428392941735,-0.19832462351451743
443,"Cap 3 crew - Fundamental to the funhog lifestyle, this crew nonchalantly flows from turns in the back bowls to catching a ride at the depot. Capilene 3 is the most versatile and fastest-wicking of our performance baselayer fabrics. It provides excellent insulation and ultimate comfort next to the skin. The dense interior honeycomb construction is brushed for warmth, softness and compressibility, and the smooth jersey exterior glides readily beneath layers. Details include a rib collar, and raglan sleeves and single-piece shoulder panels that merge out of the way of shoulder straps. Made from 4.8-oz 100% polyester (64% recycled) with Gladiodor natural odor control for the garment. Recyclable through the Common Threads Recycling Program.<br><br><b>Details:</b><ul> <li>""The fastest-wicking of our baselayer fabrics, Capilene 3 features a dense interior honeycomb construction""</li> <li>""Fabric next to skin is brushed for warmth, softness and compressibility, while providing excellent insulation and breathability""</li> <li>Smooth jersey exterior glides easily under layers</li> <li>Rib collar</li> <li>""Yoke, raglan sleeves and single-piece shoulder panel merge out of the way of pack straps""</li></ul><br><br><b>Fabric: </b>4.8-oz 100% polyester (64% recycled) with Gladiodor natural odor control for the garment. Recyclable through the Common Threads Recycling Program<br><br><b>Weight: </b>198 g (7 oz)<br><br>Made in Mexico.",0,3,0.26896597238429465,-0.058616559573839856,0.4058197397561027,-0.090580887194473,-0.27444202679605423,-0.20702842559346304,0.013876811425035763,0.04543924571185851,-0.24605181786223207,-0.15863209860940627
444,"Guidewater pants - Drift boat. Flats Skiff. Spring creek. Supermarket. Airliner. We created our new Guidewater Pants specifically for situations where you might need, well, pants. Water-specific features, including zippered side-leg pocket, mesh drainage in all pockets and remarkably fast dry time make these the fishing pants of choice for anglers. But the comfortable fit, zippered fly and constructed waist with stretch sections and belt loops make the Guidewaters ideal for pretty much any activity. Which is to say, if you wear pants - and we bet you do - you may find yourself wearing these everywhere. Made from lightweight, recyclable, woven nylon fabric with 50+ UPF sun protection. Recyclable through our Common Threads Recycling Program.<br><br><b>Details:</b><ul> <li>""Recyclable, lightweight, woven nylon fabric is durable and quick-drying and provides 50+ UPF sun protection""</li> <li>""Front pockets, zippered side-leg and rear pocket all have mesh drainage""</li> <li>Constructed waist with two stretch sections and zip fly for maximum comfort</li></ul><br><br><b>Fabric: </b>4.3-oz 100% nylon with DWR (durable water repellent) finish and 50+ UPF sun protection. Recyclable through the Common Threads Recycling Program<br><br><b>Weight: </b>(351 g 12.2 oz)<br><br>Made in Thailand.",1,1,0.3278802591020441,-0.175634063327512,-0.07288796420760175,0.05330395492082187,-0.10142354135133784,0.2265161210742107,-0.19962295197163538,0.03456863908176511,0.06371067845942652,0.02529430013817322
445,"Guidewater shirt - It's a shirt. It's a jacket. It's...shacket? The Guidewater might fit like a traditional canvas fishing shirt, but don't be deceived  it repels breeze, bugs, drizzle and spray with soft shell performance. Added bonus: the casual good looks adapt to grocery runs and post-fishing dinners without screaming ""I am a fish geek."" Made of fast-drying, 4-way stretch nylon with DWR (durable water repellent) finish that provides 50+ UPF sun protection. Self-fabric tabs secure rolled sleeves and the snapdown collar remains unflappable even when running the boat wide open. With hidden daisy chain, snap placket and cuffs and brushed mesh pocket bags. One zippered and one hook-and-loop chest pocket keep essentials close at hand. Recyclable through the Common Threads Recycling Program.<br><br><b>Details:</b><ul> <li>""Stretch-woven nylon with DWR finish provides 50+ UPF sun protection; it is also durable, quick-drying and delivers 4-way stretch""</li> <li>Self-fabric tabs secure sleeves when rolled up</li> <li>Snapdown collar won't flap on a boat run</li> <li>One zippered and one hook-and-loop chest pocket</li> <li>Hidden daisy chain above left side label</li> <li>Snap placket and cuffs</li> <li>Brushed mesh pocket bags provide next-to-skin comfort</li></ul><br><br><b>Fabric: </b>100% stretch-woven nylon dobby weave with DWR (durable water repellent) finish. Recyclable through the Common Threads Recycling Program<br><br><b>Weight: </b>(366 g 12.7 oz)<br><br>Made in Costa Rica.",1,1,0.373657949673218,-0.1303196071234611,-0.05327146329743271,-0.08568904480323566,-0.07391220576797652,0.08829279193968133,-0.1039764559714695,0.025230826184982312,0.1152276797408325,0.056201357927115586
446,"Cap 4 zip neck - Our warmest synthetic baselayer for the deep freeze of Bridger Bowl also works as an outer layer for an early season ascent of the DNB. Soft, stretchy and compressible, Capilene 4 has a smooth jersey face that glides beneath layers, and an internal grid structure that retains warmth, wicks perspiration, and breathes. With a deep zipper, forward-set seams, a slight drop tail, plus a discreet zippered chest pocket that's easily accessed beneath layers. Made of 5.3-oz Polartec Power Dry 93% polyester (50% recycled)/7% spandex, with Gladiodor natural odor control for the garment. Recyclable through the Common Threads Recycling Program.<br><br><b>Details:</b><ul> <li>""Our warmest baselayer fabric, Capilene 4 offers great stretch, breathability and compressibility""</li> <li>""Interior grid wicks moisture, trims bulk and provides warmth""</li> <li>Smooth jersey face slides easily beneath layers</li> <li>Zip-neck for easy climate control is backed by draft flap and zipper garage</li> <li>Raglan sleeve seams won't chafe beneath straps</li> <li>""Vertical zippered chest pocket holds essentials, is easily accessed""</li> <li>Drop-tail hem</li></ul><br><br><b>Fabric: </b>""5.3-oz Polartec Power Dry 93% polyester (50% recycled)/7% spandex, with Gladiodor natural odor control for the garment. Recyclable through the Common Threads Recycling Program""<br><br><b>Weight: </b>(242 g 8.4 oz)<br><br>Made in Costa Rica.",0,1,0.31313886653402645,-0.12346260068727094,0.2848236192989579,-0.056362244445522784,-0.22526339234753,-0.22464734238491765,0.04893386660102056,0.02805536422385571,-0.2086808484915286,-0.12801576800303613
447,"Caribou north wind t-shirt - Akin to the North Wind, Caribou cover over 3,000 miles during their annual migration, reaching speeds of 50 mph. The Caribou North Wind T-Shirt features artist Nick Wroblewski's illustration of nature's dynamic energy. Printed using PVC- and phthalate-free inks on ringspun organic cotton, the shirt has taped shoulder seams for added softness. Recyclable through the Common Threads Recycling Program.<br><br><b>Details:</b><ul> <li>Ringspun yarns for a softer hand</li> <li>Taped shoulder seams</li> <li>Screen-print inks are PVC- and phthalate-free</li></ul><br><br><b>Fabric: </b>5.4-oz 100% organic cotton. Recyclable through the Common Threads Recycling Program<br><br><b>Weight: </b>(199 g 6.9 oz)<br><br>Made in USA.",5,2,0.23828918018472375,0.4389750278770392,-0.03281210443681668,-0.15304858966864654,0.012126319551713796,0.034330684536807765,-0.025268261456111878,-0.015610224116561601,-0.0043105505200943485,-0.04116776968543855
448,"Cerro torre one t-shirt - The interminable spirit of Cerro Torre rises above the hardships of Patagonia's unforgiving landscape, depicted here on the Cerro Torre One Shirt by artist Penny Otwell. Printed on ringspun organic cotton fabric using PVC- and phthalate-free inks, the shirt has taped shoulder seams for a no-chafe fit. Recyclable through the Common Threads Recycling Program.<br><br><b>Details:</b><ul> <li>Ringspun yarns for a softer hand</li> <li>Taped shoulder seams</li> <li>Screen-print inks are PVC- and phthalate-free</li></ul><br><br><b>Fabric: </b>5.4-oz 100% organic cotton. Recyclable through the Common Threads Recycling Program<br><br><b>Weight: </b>172 g (6.1 oz)<br><br>Made in USA.",5,2,0.2280626999415667,0.4640563494137566,-0.04278148338037541,-0.1345181686848663,0.0021470069881936024,0.06295098705357281,-0.03339126036077977,-0.017020804550285654,-0.022095858702826238,-0.035881683619185346
449,"Logo visor - Like a fortuitous cloud, this visor keeps you in shadow to temper the wilting effects of a hot day. It's made from 100% organic cotton canvas that stays soft and cool against the skin. With an adjustable rear buckle and elastic for a snug fit, a Coolmax headband to wick moisture, and a dark underbill to reduce glare. Logo is off-center and tonal.<br><br><b>Details:</b><ul> <li>Adjustable rear buckle with elastic for snug fit</li> <li>Coolmax headband wicks moisture</li> <li>Dark underbill reduces glare</li></ul><br><br><b>Fabric: </b>5.2-oz 100% organic cotton canvas<br><br><b>Weight: </b>(54 g 1.9 oz)<br><br>Made in China.",4,1,0.16135782712968122,0.03657773394195621,0.002779672910240437,0.09527976230196836,-0.000651296336251367,-0.034525971494363615,0.013115006483517336,0.016172817158959876,0.02919984603256216,0.02343319336429962
450,"Long haul runners - Long Hauls eat up backcountry miles. Their clean silhouette is cut for more coverage and less chafe than traditional running shorts, and they're made from fast-drying 100% polyester (50% recycled) microdobby and treated with a Deluge DWR (durable water repellent) finish. A built-in moisture-wicking liner extends into the waistband, and an interior drawcord provides a comfortable fit. Crossover vented side seams allow a necessary range of motion. A gusseted inseam (7"", size M) provides chafe-free comfort. With a center-back mesh envelope pocket that secures energy gels. Reflective heat-transfer logo and graphic keep you visible. Recyclable through the Common Threads Recycling Program.<br><br><b>Details:</b><ul> <li>""100% microdobby polyester shell fabric is silky soft, ultra lightweight, highly breathable, quick to dry and is recyclable""</li> <li>""Lightweight, breathable, moisture-wicking built-in liner extends into waistband for a comfortable fit""</li> <li>Interior drawcord</li> <li>Rear center back mesh envelope pocket to keep essentials secure</li> <li>Crossover vented side seams for necessary range of motion</li> <li>Gusseted inseam for chafe-free comfort</li> <li>""Reflective heat-transfer logo and graphic; 7"""" inseam""</li></ul><br><br><b>Fabric: </b>Body: 2.3-oz 50-denier 100% polyester (50% recycled) microdobby with a Deluge DWR (durable water repellent) finish. Lining: 3.8-oz microdenier polyester crepe. Both with moisture-wicking performance. Recyclable through the Common Threads Recycling Program<br><br><b>Weight: </b>(135 g 4.7 oz)<br><br>Made in Vietnam.",1,1,0.32977430626018595,-0.13679355295808585,0.0021797010096954693,-0.08804992615278104,-0.02602499114482243,0.07424921129055279,0.020494427423296185,-0.0077177306096319065,0.06554942057483257,0.006128851522095902
451,"L/s el ray shirt - Our most versatile sun shirt, the Long-Sleeved El Ray blocks high noon UV rays with style, whether you're fishing, scouting the break or trekking in the Kalahari. Made from a supremely comfortable blend of 2.5-oz 57% all-recycled polyester and 43% nylon, the El Ray provides highly breathable, quick-drying, wrinkle-resistant comfort with the benefit of 40-UPF sun protection. Versatile convertible sleeves roll up and snap tight. With two snap-down chest pockets and a snapped front placket. Recyclable through the Common Threads Recycling Program.<br><br><b>Details:</b><ul> <li>""Made from all-recycled polyester, all-recycled nylon yarn dye""</li> <li>Provides 40-UPF sun protection</li> <li>""Highly breathable, quick-drying, wrinkle resistant, and soft""</li> <li>Two snap-down chest pockets</li> <li>Snapped placket</li> <li>Convertible sleeves roll up and secure with snaps</li> <li>Modest tails</li></ul><br><br><b>Fabric: </b>2.5-oz 57% all-recycled polyester/ 43% nylon. Recyclable through the Common Threads Recycling Program<br><br><b>Weight: </b>187 g (6.6 oz)<br><br>Made in Vietnam.",0,1,0.24931638645193993,-0.06713328486863979,0.031188589769609955,0.004052892389014567,-0.1443842599862091,0.1380349497062943,-0.053065686369560966,0.006843948013109565,0.21256841651096275,0.1315736531934762
452,"Compound cargo pants - short - The ultimate do-everything pants, built to withstand daily abuse. With cargo pockets modeled after vintage army blocks, our Compound Cargos are perfect for hitting the trail with a stash of climbing shoes, multitools, spare fins, wax, dry salami and the odd can of beer. Additional pocketing includes two generous front drop-in and two rear with hidden button-flap closures. Made from tough 5.5-oz organic cotton ripstop that has the tear strength of standard 8-oz material, they're hardy but lightweight and ready for action. Inseams (size 32): short, 30""; regular, 32""; long, 34"". Recyclable through the Common Threads Recycling Program.<br><br><b>Details:</b><ul> <li>Lightweight yet durable organic cotton ripstop</li> <li>Features our new fit block</li> <li>Two generous wide-entry drop-in front pockets</li> <li>Two side-seam cargo pockets with hidden button flap</li> <li>Two rear pockets with hidden button flap</li> <li>""Inseam is 30""""""</li></ul><br><br><b>Fabric: </b>5.5-oz 100% organic cotton ripstop. Recyclable through the Common Threads Recycling Program<br><br><b>Weight: </b>(527 g 18.3 oz)<br><br>Made in Thailand.",1,1,0.243534930263267,0.003923045370311257,-0.1600875026533902,0.22566072773272705,0.01952941574333407,-0.0956030935998586,-0.21764985505934534,0.05825358046417641,0.010715648225013853,-0.007268145190387395
453,"Compound cargo shorts - With cargo pockets pulled from vintage army blocks, our Compound Cargo Shorts are perfect for stashing spare fins, digicams, protein bars and wax. (Other pockets include two drop-in front and two rear with hidden button flaps.) Made from tough but lightweight 5.5-oz organic cotton ripstop with the tear-strength of standard 8-oz material, these ultimate cargos are built for everyday use. An updated, slightly trimmer fit won't make you look like you're rushing Theta Chi. Inseam (size 32) is 12"". Recyclable through the Common Threads Recycling Program.<br><br><b>Details:</b><ul> <li>""Updated, regular fit""</li> <li>Grown-on waistband</li> <li>Lightweight yet durable organic cotton ripstop</li> <li>Two generous wide-entry drop-in front pockets</li> <li>Two side-seam cargo pockets with hidden button flap</li> <li>Two rear pockets with hidden button flap</li> <li>""12"""" inseam""</li></ul><br><br><b>Fabric: </b>5.5-oz 100% organic cotton ripstop. Recyclable through the Common Threads Recycling Program<br><br><b>Weight: </b>(395 g 13.7 oz)<br><br>Made in Thailand.",1,1,0.24332354556106628,0.007189178054838907,-0.16339534852201354,0.21130605204593308,0.018104252830352826,-0.10230184256115339,-0.17714070196624032,0.06494575676741114,0.014607091283783498,-0.006605730583745053
454,"Continental pants - They go straight from a cramped corner of your pack to the best hole-in-the-wall bistro in Amalfi. The Continental Pants' virtually indestructible, wrinkle-beating 53% polyester/47% nylon blend with a DWR (durable water repellent) finish gives slightly for freedom of movement, dries quickly, and wicks moisture. With two front drop-in pockets and two cargo pockets (each have one zippered, and one with hook-and-loop closure) and two rear zippered pockets. Inseam (size 32) is 32"". Recyclable through the Common Threads Recycling Program.<br><br><b>Details:</b><ul> <li>""Wrinkle-resistant, fast-drying, polyester and nylon blend""</li> <li>Zip fly with button closure</li> <li>""Front pockets: two drop-in, one zippered, one with hook-and-loop closure""</li> <li>Back pockets: two zippered cargo</li> <li>""Side pockets: two cargo: one with zip for security, one with hook-and-loop closure for quick entry""</li> <li>DWR finish</li> <li>""Inseam is 32""""""</li></ul><br><br><b>Fabric: </b>5.2-oz 53% polyester/47% nylon with DWR finish. Recyclable through the Common Threads Recycling Program<br><br><b>Weight: </b>348 g (12.3 oz)<br><br>Made in Vietnam.",1,1,0.3784252177169413,-0.21441071955529822,-0.19799464952801094,0.06540569245465161,0.04536345627111616,0.0660046540987786,-0.16548119208351006,0.04424625419222658,-0.061270741604494944,-0.04544157834925511
455,"Guidewater waders - king - We built our Guidewater Waders to be the toughest, most puncture-resistant waterproof/breathable wader on the planet. Of course, we couldn't just stop there. Nope. They also had to be extremely lightweight while offering a groundbreaking level of comfort and convenience. In other words, the ultimate wader. We started by strategically placing varying weights of our proprietary waterproof/breathable polyester microfiber fabric package with H2No Hydrostorm barrier according to specific breathablility or toughness needs. The result? Max durability and flexibility without resorting to excessive heavy, sweat-trapping multiple layers. Our revolutionary merino wool grid-lined neoprene booties increase warmth to double that of normal nylon faced neoprene as it wicks perspiration creating guilt-inducing levels of foot comfort. The most advanced version of our innovative internal suspension system allows easy conversion to waist height and - this is critical - quick relief without having to remove your jacket or fight sticky zippers. More features: sculpted upper for reduced drag in heavy currents, anatomically designed left and right legs and booties, built in fabric gravel guards with abrasion-resistant scuff zones and high-filtration mesh drain strip. Field repair kit included.<br><br><b>Details:</b><ul> <li>""Polyester microfiber shell, with a proprietary waterproof/breathable H2No Hydrostorm barrier and Deluge DWR (durable water repellent) finish, is highly durable and puncture resistant without excessive multiple layers or added weight; Inside zippered main pocket (with piggyback mesh pocket and internal key/tool loop) flips out for quick access""</li> <li>""Unique, waist-mounted suspender allows easy conversion from chest to waist height, and  provides quick relief without having to remove jacket or fight hard-to-operate zippers; TPU post and slot design on front and back of suspenders offers security when wading deep and for roll down, waist high comfort""</li> <li>Anatomically curved knees and modified Y-Joint crotch; inside leg seams are positioned away from wear zones</li> <li>""Specifically designed left and right legs and booties; built-in, heavyweight reinforcement fabric gravel guards with abrasion resistance scuff zones""</li> <li>""Built-in, heavyweight reinforcement fabric gravel guards with abrasion resistance scuff zones and high filtration drain strip; 1 1/4"""" gripper elastic gravel guard cuffs""</li> <li>""Concealed stainless steel, locking boot hooks secure cuff to boot and avoid line catch; Stretch Wading Belt with a quick-release DuraFlex Stealth-V buckle provides smooth function and an easy adjustable fit""</li> <li>Field repair kit included</li></ul><br><br><b>Fabric: </b>""Upper: 3-layer, 50-denier twill-woven polyester microfiber shell with a proprietary waterproof/breathable H2No Hydrostorm barrier and Deluge DWR finish. Lower torso: 3-layer, 7-oz polyester microfiber reinforcement fabric with proprietary waterproof/breathable H2No Hydrostorm barrier and Deluge DWR finish. Seat and legs: 3-layer, 8.2-oz polyester double weave microfiber reinforcement fabric with proprietary H2No Hydrostorm barrier and Deluge DWR finish. Gravel guards: 6.35-oz polyester microfiber double weave with Deluge DWR finish, abrasion resistant scuff patches and a high filtration polyester mesh (100% recycled) drainage strip. Booties: merino wool grid-lined 3-mm neoprene with abrasion-resistant fabric soles""<br><br><b>Weight: </b>(1188 g 41.2 oz)<br><br>Made in China.",10,1,0.300298611827763,-0.18701354942729143,-0.08746229558104422,-0.18270068833998748,0.14245487231946002,-0.0582272303100477,0.04702320535307789,-0.15583221878299341,-0.006557446026858844,0.02422740232504349
456,"Critical mass - Built for the two-wheeled commute, our Critical Mass overflows with possibilities. Its main compartment is padded on the back and along the contoured base to protect contents and provide structure. A removable padded computer sleeve suspends a 17"" or smaller laptop off the ground, and can be paired with the detachable external waist strap to create an independent laptop sling. The cover flap overlaps the sides of the bag to keep out rain; its pocket closes with a water-resistant zipper. External side pockets hold a cell phone, keys and power brick. With an adjustable shoulder strap, a stowable waist strap, a topside carrying handle and a reflective strip for better visibility in low light. Made from 600-denier polyester (100% recycled) with a polyurethane coating and DWR (durable water repellent) finish.<br><br><b>Details:</b><ul> <li>Main compartment has removable/modular padded computer sleeve that attaches to the removable waistbelt to create an on-the-go computer sling and free up valuable space internally; large elastic stuff pocket holds jacket or sweater</li> <li>""Padded, fully suspended computer sleeve holds 15"""" - 17"""" laptop safely above ground; internal zippered security pocket and organization for pens; outside pocket on cover flap has water-resistant zipper""</li> <li>""External side pocket for easy-access to water bottle, cell phone, keys or power brick; main shoulder strap has detachable, padded, fleece-lined electronics pocket""</li> <li>Light-colored lining makes contents easy to find; topside carrying handle; padded shoulder strap is fully adjustable</li> <li>Detachable waistbelt secures bag; stows when  not needed; flap overlaps sides to keep out rain</li> <li>Reflective strip improves visibility in low light</li> <li>""Holds 15""""- 17"""" laptop""</li></ul><br><br><b>Fabric: </b>8.4-oz 600-denier 100% all-recycled polyester. Lining: 3.3-oz 200-denier 100% polyester. Both with polyurethane coating and a DWR (durable water repellent) finish<br><br><b>Weight: </b>(1070 g 37.1 oz)<br><br>Made in Vietnam.",2,8,0.2741469382032076,-0.13085775821915502,-0.1268414454311298,-0.15988122467800414,0.05168217360637407,-0.02564449591685797,0.10302995690570917,0.4135754943894961,-0.027870220552909098,-0.01908537983412417
457,"Mw hiking crew socks - Mount Mendel's Ice Nine has a long, foot-jarring approach and cold, toe-numbing belays. Count on these versatile hiking socks to keep your feet warm and dry in the full range of conditions. They feature a variable-knit, felted merino wool construction to increase cushion to the heel and toes while banishing excess heat and moisture from the arch; Looped Lintoe construction provides additional comfort. The fabric package combines the natural performance benefits and warmth of 65% merino wool (chlorine-free) with the brawn and wicking properties of 20% nylon/12% polyester/3% spandex. Height is 9.5"".<br><br><b>Details:</b><ul> <li>""Wool blend strategically knit for an ideal balance of durability, wicking performance and warmth""</li> <li>""Soft, plush merino wool footbed is chlorine-free, itch-free and maintains durability and cushioning for the lifetime of the socks""</li> <li>Looped Lintoe construction creates the smallest and flattest seam possible for toe comfort</li></ul><br><br><b>Fabric: </b>65% chlorine-free merino wool/20% nylon/12% polyester/3% spandex<br><br><b>Weight: </b>(75 g 2.6 oz)<br><br>Made in USA.",8,5,0.2100849084584849,-0.01917803477094538,0.3321625912895323,0.021365062473885418,0.3605030145513902,0.12099145024073824,0.02945440970134356,-0.004806170830685528,0.028414699901253483,-0.0025175022668012647
458,"Nano puff p/o - Already a cult classic with our ambassadors and testers, the Nano earns unanimous raves for versatility, surprising warmth and terrific all-around performance in a superlight, no-frills package. It's weather-resistant enough to wear as an insulated shell in a wet snowstorm, trim enough to pull on for chilly rock pitches (and still see your footholds), and warm enough for light belay parka duty on quick alpine dashes. The wind-blocking, moisture-shedding DWR (durable water repellent) finished 100% all-recycled polyester shell (1-oz 15-denier) also glides effortlessly, whether worn as an outer or midlayer. Low-bulk, hydrophobic, highly compressible PrimaLoft One (60 g) traps heat with remarkable efficiency, even when wet. The deep front zipper allows for easy ventilation. The Nano also packs down to practically nothing and stuffs into a single chest pocket that has a carabiner clip-in loop. Recyclable through the Common Threads Recycling Program.<br><br><b>Details:</b><ul> <li>Versatile 60-gram PrimaLoft One polyester insulation provides excellent warmth and compressibility</li> <li>Ultralight face fabric sheds water and blocks wind</li> <li>Deep center-front zipper allows for easy ventilation</li> <li>Stuffs into a self-storage left chest pocket</li> <li>Elasticized cuff and hem seal out wind and trap warmth</li></ul><br><br><b>Fabric: </b>Shell and lining: 1-oz 15-denier 100% all-recycled polyester with a DWR (durable water repellent) finish. Insulation: 60-g PrimaLoft One polyester. Recyclable through the Common Threads Recycling Program<br><br><b>Weight: </b>266 g (9.4 oz)<br><br>Made in Vietnam.",1,1,0.2594923981586214,-0.14812634849973635,-0.035331458851322946,-0.1453225240475572,0.005008207820050212,-0.10387720158718833,0.027665719599558478,0.029449511659160644,-0.020050957318898482,-0.022256597452741642
459,"Araveto 1/4 zip jkt - A slim fit and zip-through stand-up collar make the Araveto 1/4-Zip Jacket the perfect midweight layering piece or stand-alone fleece sweater for a spring chill. Like its cousins the Araveto Jacket and Hoody, this ultrasoft pullover is made with 8-oz microdenier 100% polyester double-sided fleece, and trimmed out with Capilene 3 fabric at the cuffs and hem for simultaneous wicking and insulation. Recyclable through the Common Threads Recycling Program.<br><br><b>Details:</b><ul> <li>1/4-zip pullover in soft brushed polyester fleece</li> <li>Zip-through stand-up collar</li> <li>Capilene 3 trim at cuffs and hem</li></ul><br><br><b>Fabric: </b>8-oz microdenier 100% polyester double-sided fleece. Recyclable through the Common Threads Recycling Program<br><br><b>Weight: </b>309 g (10.9 oz)<br><br>Made in Vietnam.",1,1,0.17674934633476228,-0.08258766176837402,0.02954148747374464,-0.018905646304221747,-0.10618970524559991,-0.23867601877204228,0.037222681634532344,0.028938337082109137,0.014831664773014105,0.044601873556016906
460,"Araveto hooded jkt - For the deep chill of a foggy post-surf breakfast burrito run, the Araveto's soft, brushed 8-oz 100% polyester double-sided fleece fends off the shakes. The hoody keeps a wet head toasty while sturdy Capilene 3 trim in the collar, cuffs and hem wicks moisture. Recyclable through the Common Threads Recycling Program.<br><br><b>Details:</b><ul> <li>Hooded full-zip jacket in soft brushed polyester fleece</li> <li>Stand-up zip-through collar lined with Capilene 3 fabric for superior wicking</li> <li>Extra neck protection built into hood</li> <li>Handwarmer pockets</li> <li>""Capilene 3 fabric trim at collar, cuffs, and hem""</li></ul><br><br><b>Fabric: </b>8-oz microdenier 100% polyester double-sided fleece. Recyclable through the Common Threads Recycling Program<br><br><b>Weight: </b>388 g (13.7 oz)<br><br>Made in Vietnam.",1,1,0.24203372935531656,-0.09711428124255538,0.07198948700224815,-0.053828919711941384,-0.1300759674183071,-0.2370876957594088,0.060263914245351304,0.009994116101740188,0.06557962626198037,0.08654678007212277
461,"Araveto jkt - A hearty day spent running the Snake at high water should be finished with a pint and good friends. The Araveto Jacket's extra soft, brushed 8-oz polyester double-sided fleece, Capilene 3 trim and handwarmer pockets fend off high-country cold, while its woolen texture, slim cut and soft hand bestow the requisite country elegance for sipping an evening stout by the fire. Recyclable through the Common Threads Recycling Program.<br><br><b>Details:</b><ul> <li>Soft brushed polyester fleece</li> <li>Zip-through stand-up collar</li> <li>Handwarmer pockets</li> <li>Capilene 3 trim at cuffs and hem</li></ul><br><br><b>Fabric: </b>8-oz microdenier 100% polyester double-sided fleece. Recyclable through the Common Threads Recycling Program<br><br><b>Weight: </b>(377 g 13.1 oz)<br><br>Made in Vietnam.",1,1,0.23744590756298484,-0.09291697059200539,0.02069221669186432,-0.06644717013622926,-0.07853152612251556,-0.21923820664091173,0.0503833519530557,0.03642715072827309,0.011496485404820463,0.05653725415655865
462,"Custodian pants - reg - The graveyard shift has its advantages: quitting time = dawn patrol. Our Custodian Pants are defined by their strong work ethic. They're made from a tough but comfortable 5.2-oz organic cotton canvas, with a flat front, generous wide-entry front pockets, welted back pockets, and a zip fly with button closure. Inseams (size 32): short, 30""; regular, 32""; long, 34"". Recyclable through the Common Threads Recycling Program.<br><br><b>Details:</b><ul> <li>Lightweight organic cotton canvas</li> <li>Zip fly with button closure</li> <li>Flat front with offset side seams</li> <li>Generous wide-entry front pockets; welted back pockets</li> <li>""Inseam is 32""""""</li></ul><br><br><b>Fabric: </b>5.2-oz 100% organic cotton canvas. Recyclable through the Common Threads Recycling Program<br><br><b>Weight: </b>(441 g 15.3 oz)<br><br>Made in Thailand.",1,4,0.27443555117709045,0.059631273730048444,-0.16471831315093055,0.4096668824013355,0.037422903231793536,-0.09220583359557744,-0.2979395945155411,0.08017706982008259,-0.05654029731535436,-0.04811518120904347
463,"Custodian pants - short - The graveyard shift has its advantages: quitting time = dawn patrol. Our Custodian Pants are defined by their strong work ethic. They're made from a tough but comfortable 5.2-oz organic cotton canvas, with a flat front, generous wide-entry front pockets, welted back pockets, and a zip fly with button closure. Inseams (size 32): short, 30""; regular, 32""; long, 34"". Recyclable through the Common Threads Recycling Program.<br><br><b>Details:</b><ul> <li>Lightweight organic cotton canvas</li> <li>Zip fly with button closure</li> <li>Flat front with offset side seams</li> <li>Generous wide-entry front pockets; welted back pockets</li> <li>""Inseam is 30""""""</li></ul><br><br><b>Fabric: </b>5.2-oz 100% organic cotton canvas. Recyclable through the Common Threads Recycling Program<br><br><b>Weight: </b>(435 g 15.1 oz)<br><br>Made in Thailand.",1,4,0.2807270436206043,0.05808335683642427,-0.1678183276000168,0.4171775527787151,0.035183601307942645,-0.08174299698184456,-0.30464411336691277,0.08037815148145873,-0.05752019189291647,-0.050715348965736755
464,"Daily grind - This fully padded shoulder bag keeps you moving unchallenged through the daily grind. With a minimalist design, it protects a 17"" or smaller laptop and helps you stay organized. The main pocket has a stretch-woven internal sleeve and is accessed by a simple flap with hook-and-loop closure. Two organizer pockets (one with a zippered security pocket) keep smaller gear at your fingertips, and an easy-access document sleeve holds airline tickets, reading material or a notebook. Carry it with the long, adjustable shoulder strap or top-mounted handle. Made from 150-denier all-recycled polyester double weave with a polyurethane coating and a DWR (durable water repellent) finish.<br><br><b>Details:</b><ul> <li>""Flap-accessed main compartment, with hook-and-loop closure, has stretchwoven sleeve""</li> <li>Zippered organizer pocket with internal zippered security pocket</li> <li>Zippered organizer pocket on the side of bag has detachable key chain</li> <li>Easy-access document sleeve</li> <li>""Long, adjustable shoulder strap""</li> <li>Top-mounted carry handle</li> <li>""Fully padded to protect contents; holds 17"""" laptop""</li></ul><br><br><b>Fabric: </b>7.4-oz 150-denier 100% all-recycled polyester double weave. Lining:3.3-oz 200-denier 100% polyester. Both with polyurethane coating and a DWR (durable water repellent)finish. Shoulder straps: 100% polyester 3-D spacer mesh<br><br><b>Weight: </b>(481 g 16.7 oz)<br><br>Made in Vietnam.",2,8,0.32464906886550776,-0.14264991081258124,-0.15582822023156984,-0.15771077624570387,0.05874427899712894,-0.02605190007909021,0.0312818057800093,0.47926251863442415,-0.027068415386054027,-0.053740849416895886
465,"Baby baggies apron dress - This lively dress keeps your surfer girl in a  delightful state of comfort. The Baby Baggies Apron Dress is made from soft and lightweight 4-ply, 4.2-oz Supplex nylon with a DWR (durable water repellent) finish to manage spills. Adjustable double-snap closures on the cross-back straps accommodate growth spurts. With a self-adjusting elasticized back, and durable novelty stitching on the hem and pocket. The matching diaper cover has an easy-on, stay-put elastic waist and legs, and can be used over a swim diaper. Above-knee length. Recyclable through the Common Threads Recycling Program.<br><br><b>Details:</b><ul> <li>""Durable, fast-drying, lightweight Supplex nylon fabric""</li> <li>Crossback straps have adjustable double-snaps to accommodate growth spurts; elasticized back</li> <li>""Diaper cover has easy-on stay-put elastic waist and legs, doubles as swim cover""</li> <li>Above knee length</li></ul><br><br><b>Fabric: </b>""4-ply, 4.2-oz Supplex nylon with a DWR (durable water repellent) finish. Recyclable through the Common Threads Recycling Program""<br><br><b>Weight: </b>(98 g 3.4 oz)<br><br>Made in Costa Rica.",1,1,0.22050231409320084,-0.10546610491857399,-0.07849121901745526,-0.006387093183575555,0.04804501873547424,0.10048470910951403,0.05664572282723198,-0.0018797388449881467,-0.0713112683462063,-0.06434192075524996
466,"Baby baggies shorts - About 70% of the planet is covered in water, and our amphibious Baggies are built for all of it. These soft, quick-drying shorts have a 4-ply, 4.2-oz Supplex nylon fabric with a DWR (durable water repellent) finish that sheds water and makes cleanups easy. With an elasticized waistband for a comfortable fit, and a little extra room in the backside to cover a diaper. Inseam is 3"". Recyclable through the Common Threads Recycling Program.<br><br><b>Details:</b><ul> <li>""Fast-drying, lightweight Supplex nylon fabric""</li> <li>Elasticized waistband (no internal drawcord)</li> <li>Generous cut to accommodate a diaper</li> <li>""3"""" inseam""</li></ul><br><br><b>Fabric: </b>""4-ply, 4.2-oz Supplex nylon with a DWR (durable water repellent) finish. Recyclable through the Common Threads Recycling Program""<br><br><b>Weight: </b>(66 g 2.3 oz)<br><br>Made in Costa Rica.",1,1,0.2345874911751255,-0.13384310669253066,-0.09953835411388469,-0.03373923188161699,0.041478096802946805,0.15289867625886727,-0.04369515534743727,-0.005259040158940623,-0.0846445552663786,-0.08306496241432816
467,Baby circus t-shirt - Animals of the savanna work together to infuse the Circus T-Shirt with the spirit of happy camaraderie. Artist Mati McDonough's work is printed on 100% organic cotton with PVC- and phthalate-free inks. Fabric yarns are ringspun for softness; taped shoulder seams and screen-printed neck label won't chafe. Ribbing at the neck stretches for easy on/off. Recyclable through the Common Threads Recycling Program.<br><br><b>Details:</b><ul> <li>Ringspun yarns for a softer hand</li> <li>Taped shoulder seams</li> <li>Screen-print inks are PVC- and phthalate-free</li></ul><br><br><b>Fabric: </b>4.4-oz 100% organic cotton. Recyclable through the Common Threads Recycling Program<br><br><b>Weight: </b>(60 g 2.1 oz)<br><br>Made in USA.,5,2,0.3145404072669072,0.5996221224871995,-0.020719606042421353,-0.18453358766891745,-0.004691772208166577,0.05448393255886695,-0.025710347200502158,-0.029482725270515594,-0.031471896320893394,-0.04953731540529595
468,"Guidewater waders - reg - We built our Guidewater Waders to be the toughest, most puncture-resistant waterproof/breathable wader on the planet. Of course, we couldn't just stop there. Nope. They also had to be extremely lightweight while offering a groundbreaking level of comfort and convenience. In other words, the ultimate wader. We started by strategically placing varying weights of our proprietary waterproof/breathable polyester microfiber fabric package with H2No Hydrostorm barrier according to specific breathablility or toughness needs. The result? Max durability and flexibility without resorting to excessive heavy, sweat-trapping multiple layers. Our revolutionary merino wool grid-lined neoprene booties wick perspiration and create guilt-inducing levels of foot comfort. The most advanced version of our innovative internal suspension system allows easy conversion to waist height and - this is critical - quick relief without having to remove your jacket or fight sticky zippers. More features: sculpted upper for reduced drag in heavy currents, anatomically designed left and right legs and booties, built in fabric gravel guards with abrasion-resistant scuff zones and high-filtration mesh drain strip. Field repair kit included.<br><br><b>Details:</b><ul> <li>""Polyester microfiber shell, with a proprietary waterproof/breathable H2No Hydrostorm barrier and Deluge DWR (durable water repellent) finish, is highly durable and puncture resistant without excessive multiple layers or added weight; Inside zippered main pocket (with piggyback mesh pocket and internal key/tool loop) flips out for quick access""</li> <li>""Unique, waist-mounted suspender allows easy conversion from chest to waist height, and  provides quick relief without having to remove jacket or fight hard-to-operate zippers; TPU post and slot design on front and back of suspenders offers security when wading deep and for roll down, waist high comfort""</li> <li>Anatomically curved knees and modified Y-Joint crotch; inside leg seams are positioned away from wear zones</li> <li>""Specifically designed left and right legs and booties; built-in, heavyweight reinforcement fabric gravel guards with abrasion resistance scuff zones""</li> <li>""Built-in, heavyweight reinforcement fabric gravel guards with abrasion resistance scuff zones and high filtration drain strip; 1 1/4"""" gripper elastic gravel guard cuffs""</li> <li>""Concealed stainless steel, locking boot hooks secure cuff to boot and avoid line catch; Stretch Wading Belt with a quick-release DuraFlex Stealth-V buckle provides smooth function and an easy adjustable fit""</li> <li>Field repair kit included</li></ul><br><br><b>Fabric: </b>""Upper: 3-layer, 50-denier twill-woven polyester microfiber shell with a proprietary waterproof/breathable H2No Hydrostorm barrier and Deluge DWR finish. Lower torso: 3-layer, 7-oz polyester microfiber reinforcement fabric with proprietary waterproof/breathable H2No Hydrostorm barrier and Deluge DWR finish. Seat and legs: 3-layer, 8.2-oz polyester double weave microfiber reinforcement fabric with proprietary H2No Hydrostorm barrier and Deluge DWR finish. Gravel guards: 6.35-oz polyester microfiber double weave with Deluge DWR finish, abrasion resistant scuff patches and a high filtration polyester mesh (100% recycled) drainage strip. Booties: merino wool grid-lined 3-mm neoprene with abrasion-resistant fabric soles""<br><br><b>Weight: </b>(1188 g 41.2 oz)<br><br>Made in China.",10,1,0.29620119720906185,-0.1847541788872375,-0.08844718045240105,-0.18166322376616478,0.1441144785289611,-0.060179945226890595,0.04008242819282866,-0.15898584198203294,-0.003190581030876731,0.02682103854219445
469,"Baby duality jkt - Reversibility and three-season versatility are virtues of our Baby Duality Jacket. The wind-resistant shell side is made from a 2.3-oz 100% all-recycled polyester and treated with a Deluge DWR (durable water repellent) finish to resist wet weather; the breathable 4.4-oz 100% all-recycled polyester microdenier fleece side provides fuzzy warmth. The Duality has a protective chin flap and zipper garage; spandex binding on the hood, cuffs and waist seals out the chill. With fleece-side handwarmer pockets, elbow patches and a reflective logo, and shell-side reflective zipper and reflective logo. Recyclable through the Common Threads Recycling Program<br><br><b>Details:</b><ul> <li>Reverses from a water-and-wind resistant Deluge DWR (durable water repellent) treated polyester shell side to a cozy microdenier fleece side</li> <li>Fleece side has handwarmer pockets and elbow patches</li> <li>""Spandex binding on cuffs, waist and hood holds shape and seals out cold""</li> <li>Reflective logo on both sides and reflective zipper on shell side</li></ul><br><br><b>Fabric: </b>Shell: 2.3-oz 100% all-recycled polyester with a Deluge DWR (durable water repellent) finish. Fleece: 4.4-oz 100% all-recycled polyester. Recyclable through the Common Threads Recycling Program<br><br><b>Weight: </b>(204 g 7.1 oz)<br><br>Made in China.",1,1,0.3225793666177301,-0.19127929761525525,-0.11447639378593492,-0.1861020940005374,0.028487017465508517,-0.16441911719546062,0.07227636224060416,-0.07849697096184045,0.10087320097006641,0.06329721955566221
470,"Baby live simply deer t-shirt - The Live Simply Deer T-Shirt captures artist Geoff McFetridge's rendering of the minimalist forest lifestyle. Printed on 100% organic cotton, the tee has taped shoulder seams and a screen-printed neck label that won't chafe. PVC- and phthalate-free inks are less toxic; ribbing at neck is stretchy for easy on/off. Recyclable through the Common Threads Recycling Program.<br><br><b>Details:</b><ul> <li>Ringspun yarns for a softer hand</li> <li>Taped shoulder seams</li> <li>Screen-print inks are PVC- and phthalate-free</li></ul><br><br><b>Fabric: </b>4.4-oz 100% organic cotton. Recyclable through the Common Threads Recycling Program<br><br><b>Weight: </b>(60 g 2.1 oz)<br><br>Made in USA.",5,2,0.3050662362398579,0.6120606917644331,-0.04055527946125491,-0.18663250317698385,-0.012180336870122922,0.062439284608338565,-0.0017650658056657144,-0.03981590603467518,-0.02040379594424343,-0.046424216154835704
471,"Baby live simply seal t-shirt - Swim, fish, haul out: It's a simple life. The Live Simply Seal T-Shirt captures artist Geoff McFetridge's rendering of the minimalist pinniped lifestyle. Printed on 100% organic cotton, the tee has taped shoulder seams and a screen-printed neck label that won't chafe. PVC- and phthalate-free inks are less toxic; ribbing at neck is stretchy for easy on/off. Recyclable through the Common Threads Recycling Program.<br><br><b>Details:</b><ul> <li>Ringspun yarns for a softer hand</li> <li>Taped shoulder seams</li> <li>Screen-print inks are PVC- and phthalate-free</li></ul><br><br><b>Fabric: </b>4.4-oz 100% organic cotton. Recyclable through the Common Threads Recycling Program<br><br><b>Weight: </b>(60 g 2.1 oz)<br><br>Made in USA.",5,2,0.3119500938902125,0.5977980389199292,-0.047369202602376814,-0.19027989875973297,-0.008386903916903445,0.05954502879543039,0.0035253168712328226,-0.03459733327086565,-0.02550697455791735,-0.03195465409042554
472,"Double haul - Sometimes all you need is a single fly box and clippers, while other times it's all that and the kitchen sink. Fortunately, the Double Haul easily separates into modular components to carry what you need, when you need it. The back pod is large enough to hold an SST and hydration reservoir, and converts to a stand-alone waist or sling pack. The rectangular chest pack, affectionately known as the ""Single Haul,"" organizes fly boxes and other necessities, and can be used separately as a chest or sling pack. Now made from durable polyester (47% recycled) double-weave, the Double Haul also features a stretch waist belt and shoulder strap with quick-release DuraFlex Stealth-V buckle for smooth function, low profile and easy adjustment.<br><br><b>Details:</b><ul> <li>Durable polyester double-weave chest pack and backpack with modular construction for multiple configurations</li> <li>""Stretch waist belt with adjustable and quick-release DuraFlex Stealth-V buckle for smooth function, low profile and easy adjustment""</li> <li>""Chest pack (can be worn alone) has main pocket with internal, elastic, mesh drop-in pockets, tool attachment points and two external zippered pockets, one with fold out flap and stretch pocket""</li> <li>""Backpack (can be worn alone as waist pack) has stretch mesh pocket for water reservoir, external stretch mesh pocket with 2-way zipper""</li> <li>Brushed stretch shoulder strap for maximum comfort</li> <li>""Stretch-woven nylon back panel provides minimal water absorption, is highly snag-resistant and offers low friction""</li></ul><br><br><b>Fabric: </b>""Body: 300-denier 100% polyester (47% recycled) double weave. Lining: 200-denier polyester. Body and lining with polyurethane coating. Mesh pocketing: 100% stretch-woven nylon. Back panel: 92% stretch-woven nylon/8% spandex. Body, lining, and back panel have a DWR (durable water repellent) finish""<br><br><b>Weight: </b>(738 g 25.6 oz)<br><br>Made in Vietnam.",2,1,0.35527042089073935,-0.1641286067346189,-0.09719904788903669,-0.091131418428683,0.053000602083122225,0.017265543935280247,0.07897945107004736,0.2594135178924119,-0.03274370083407559,-0.03713207394936109
473,"Down sweater - There's much to see 14,000 feet up at the Chasm View bivy: a vertigo-inducing panorama of the Diamond and alpenglow over the Rockies. There's also chilly air in any season, and that's where our Down Sweater comes in. It delivers minimal weight, superb compressibility and high-loft warmth. The ripstop shell (1.4-oz 22-denier) with a DWR (durable water repellent) finish does more than look sharp: It's tear-resistant and windproof and made from 100% all-recycled polyester. Details include top-quality 800-fill-power goose down, a quilted-through construction, two exterior zippered pockets, a stretch-mesh interior chest pocket that doubles as a zippered stuff sack and a carabiner clip-in loop. Drawcord hem.<br><br><b>Details:</b><ul> <li>""Superlight, windproof and water-resistant shell has high tear-strength""</li> <li>Quilted construction stabilizes premium 800-fill-power goose down</li> <li>External pockets: two zippered handwarmers</li> <li>Internal pocket: one zippered stretch-mesh that doubles as a stuff sack with carabiner clip-in loop</li> <li>Nylon-bound elastic cuffs</li> <li>Drawcord hem</li></ul><br><br><b>Fabric: </b>Shell and lining: 1.4-oz 22-denier 100% all-recycled polyester ripstop with a Deluge DWR (durable water repellent) finish. Insulation: 800-fill-power premium European goose down<br><br><b>Weight: </b>343 g (12.1 oz)<br><br>Made in China.",1,1,0.26488415845025143,-0.17984384512547755,-0.1389528477207456,-0.16030641495068146,0.06155970262523484,-0.10260110100443859,0.02394361872895702,0.06854942376180893,-0.01934481252221135,-0.028665256677797554
474,"Baby synch cardigan - Springtime temperatures fluctuate like the path of a windblown leaf. Keep your wee one sheltered from nature's whimsy in the soft and warm Baby Synchilla Cardigan. It's made from 7.6-oz 100% Synchilla polyester (85% recycled) double-faced fleece that's durable and easy to care for, and has a flat-seam construction that helps prevents chafe. The zipper is backed by a fleece wind flap, and spandex binding at the hood opening and cuffs seal out chilly drafts. Generously sized to accommodate layers. Hand-me-down ID label inside. Recyclable through the Common Threads Recycling Program.<br><br><b>Details:</b><ul> <li>Full front-zip is backed by a fleece wind flap</li> <li>Spandex binding at hood and sleeve opening</li> <li>Fully flat-seamed to eliminate chafe</li> <li>Generously sized for easy layering</li> <li>Hand-me-down ID label inside</li></ul><br><br><b>Fabric: </b>7.6-oz 100% polyester (85% recycled) double-faced fleece. Recyclable through the Common Threads Recycling Program<br><br><b>Weight: </b>(150 g 5.2 oz)<br><br>Made in Colombia.",1,1,0.20170034887474844,-0.03905592023371377,0.04068490836932503,-0.06170309927941239,-0.027123213571143782,-0.15293769274838873,0.08944108594335991,-0.01082999069996509,0.005321934893107641,0.013042283947933775
475,"Baby synch vest - A baby's bouldering circuit includes mantles of the camp duffel bag, a traverse of the parked bike and a top-out on the cooler. Keep their little arms free to explore in this ultra-soft vest. Its plush 7.6-oz 100% polyester (85% recycled) double-faced fleece wraps them in durable, quick-drying warmth. The vest features a full-zip entry backed by a wind flap, a tapered, nonchafing stand-up collar, and a drop tail for maximum bum coverage. Hand-me-down ID label inside. Recyclable through the Common Threads Recycling Program.<br><br><b>Details:</b><ul> <li>Recycled and recyclable polyester fleece</li> <li>""Wind flap on front zipper, tapered stand-up collar""</li> <li>Drop tail</li> <li>Hand-me-down label inside</li></ul><br><br><b>Fabric: </b>7.6-oz 100% polyester (85% recycled) double-faced fleece. Recyclable through the Common Threads Recycling Program<br><br><b>Weight: </b>(89 g 3.1 oz)<br><br>Made in Colombia.",1,1,0.2118756960084704,-0.04571086496550952,-0.00035734897550227597,-0.06638813840944456,-0.025749977737575553,-0.15082723337752627,0.058046997966389756,0.06274699316138738,0.048676919918975575,0.05072158617490389
476,"Baby tag you're it t-shirt - It's not fair: They have many legs for tagging, plus their eyes can see both up and down at the same time. Artist Jason Stowell captures the octopus's gleeful, if short-lived, ""it"" time with the Tag You're It T-Shirt. Soft, ringspun organic cotton is printed with PVC- and phthalate-free inks that are less toxic. Neck ribbing stretches for easy on/off; screen-printed neck label won't chafe tender skin. Recyclable through the Common Threads Recycling Program.<br><br><b>Details:</b><ul> <li>Ringspun yarns for a softer hand</li> <li>Taped shoulder seams</li> <li>Screen-print inks are PVC- and phthalate-free</li></ul><br><br><b>Fabric: </b>4.4-oz 100% organic cotton. Recyclable through the Common Threads Recycling Program<br><br><b>Weight: </b>(60 g 2.1 oz)<br><br>Made in USA.",5,2,0.3209176850089105,0.5541864184539985,-0.03330160364302937,-0.13917639827079664,-0.0009509005468621226,0.0691161130110693,-0.035685217509092926,-0.054848580846819074,-0.028659930374125595,-0.03866978464905597
477,"L/s runshade top - Power pasta feed, one last gear check, and try to get some sleep - every advantage helps when you're running the Grand Canyon rim-to-rim-to-rim, 40-plus miles of leg-pounding descents and lung-burning climbs. The comfortable-wearing Runshade Top is made from lightweight, breathable 100% polyester jersey (now more durable) that wicks moisture, provides 30-UPF sun protection, and dries quickly. The improved deep center-front zip vents body heat, and the stand-up mini-mock neck is now taller for additional sun protection. Updated raglan sleeves and side panels reduce seam chafing from your hydration pack straps, and the left-side zippered stealth pocket holds essentials. A reflective heat-transfer logo keeps you visible. Recyclable through the Common Threads Recycling Program.<br><br><b>Details:</b><ul> <li>""Moisture-wicking, Runshade fabric throughout is super soft and provides 30-UPF sun protection""</li> <li>""2"""" collar band offers great neck protection from the sun with minimal bulk""</li> <li>Deep center-front zipper is clean-finished for next-to-skin comfort</li> <li>Raglan sleeves and side panels keep seams out of the way of pack straps</li> <li>Zippered pocket (left side) for secure storage</li> <li>Reflective heat-transfer logo</li></ul><br><br><b>Fabric: </b>4.3-oz 100% polyester jersey. Recyclable through the Common Threads Recycling Program<br><br><b>Weight: </b>(219 g 7.6 oz)<br><br>Made in Vietnam.",0,1,0.3129262405931631,-0.12273451249003305,0.12202046424948543,-0.041573798592467175,-0.1940004872714777,0.09643048864181293,-0.014076945904516101,0.09165751479213607,0.29511646552105864,0.18641839710980693
478,"L/s sol patrol shirt - Two-week boat trips in Indo or Bali can get a bit overdone. To forestall sunstroke, wear the Long-Sleeved Sol Patrol Shirt. It has endured the travel-test for function-forward UV protection in sweltering spots the world over. The 100% polyester ripstop fabric provides air conditioning and 30-UPF sun protection, while a new cooling mesh center back vent and side arm vents allow for maximum ventilation. The double-layer collar stands up for extra sun protection or stays put with hidden snaps at collar points. Recyclable through the Common Threads Recycling Program.<br><br><b>Details:</b><ul> <li>""Lightweight, quick-drying polyester""</li> <li>Provides 30-UPF sun protection</li> <li>Double-layer collar converts to stand up collar for extra sun protection</li> <li>Collar stays put and crisp thanks to hidden snaps at collar points</li> <li>Cooling mesh center back vent and side arm vents facilitate flow-through ventilation</li> <li>""Mesh-lined button-through chest pockets, with inset zippered pocket at right""</li> <li>Self-fabric tab secures rolled-up sleeves; button cuffs</li></ul><br><br><b>Fabric: </b>2.4-oz 100% polyester ripstop with 30-UPF sun protection. Recyclable through the Common Threads Recycling Program<br><br><b>Weight: </b>(253 g 8.8 oz)<br><br>Made in Vietnam.",0,9,0.29416860952086615,-0.10456943859429794,0.07186392126790918,-0.015617875085228168,-0.22137068995302656,0.0933691555477267,-0.11107487750923202,0.08940843110726987,0.32312648412602857,0.23827875348636046
479,"Bimini cap - South of Kanab, temperatures take a decidedly upward swing. In these sun-exposed landscapes, our Bimini provides a welcome retreat. Its cool 4.3-oz, 100% nylon fabric sheds water, dries quickly, and has a light hand to temper tropical glare. A supple rear drape shields ears and neck from searing rays. Details: a generous, floatable foam bill with a dark underside to cut glare, a moisture-wicking Coolmax headband and elastic webbing with an adjustable buckle to fine-tune the fit.<br><br><b>Details:</b><ul> <li>Fixed drape covers entire back of neck</li> <li>Adjustable rear buckle with elastic for snug fit</li> <li>Coolmax headband to wick moisture</li> <li>Dark underbill reduces glare</li></ul><br><br><b>Fabric: </b>4.3-oz 100% nylon with DWR (durable water repellent) finish<br><br><b>Weight: </b>(100 g 3.5 oz)<br><br>Made in China.",4,1,0.16820612740439864,-0.06428393205172771,0.014164258042036306,0.008230877993322498,-0.00832850593301949,0.09950210952278732,0.024488865872296105,0.030903680717521476,0.004346146136279428,0.014565074190251038
480,"Borderless messenger shorts - Pair these lightweight, stretchy capris with your next dicey lead or off-the-deck bouldering topout. They're wickedly durable and sun protective (40-UPF), and they allow a whole range of nomadic motion with their limber combination of 95% nylon (60% recycled) and 5% spandex. For backpacking and trekking, a partially-elasticized waistband rides incognito under a waist belt; the gusseted crotch won't restrict your stride. Pocketing details include two wide-entry front, two zippered back and a hidden zip security pocket. Inseam (size 32) is 22"". Recyclable through the Common Threads Recycling Program.<br><br><b>Details:</b><ul> <li>""Supple, soft blend of recycled nylon and spandex for total mobility, a light drape, fast dry time and abrasion resistance""</li> <li>Provides 40-UPF sun protection</li> <li>Partially elasticized waistband for wide range of motion</li> <li>""Generous wide-entry drop-in front pockets; left front pocket has an internal hidden zip security pocket; zippered, welted back pockets""</li> <li>Gusseted crotch</li> <li>""Inseam is 22""""""</li></ul><br><br><b>Fabric: </b>4-oz 95% nylon (60% recycled)/5% spandex with DWR (durable water repellent) finish. Recyclable through the Common Threads Recycling Program<br><br><b>Weight: </b>(291 g 10.1 oz)<br><br>Made in Vietnam.",1,1,0.3657549650060724,-0.18311466897924195,-0.1191545104685297,0.16716627654986604,-0.08787622757875131,0.24490964312064462,-0.16110128348236483,-0.0216938162344517,-0.037314584097539176,-0.058623394766206705
481,"Duck pants - reg - Essential wear for splitting logs, driving nails or applying a little more chewing gum to the crack in the U-joint. Our classic do-alls come in a substantial but light and supple 8-oz organic cotton canvas. With style that is dictated by function, they have a flat front, slant side-entry front pockets and welted, button-through rear pockets. Garment-washed. Inseam (size 32) is 32"" for the regular version; 30"" for the short; 34"" for the long. Recyclable through the Common Threads Recycling Program.<br><br><b>Details:</b><ul> <li>Supple organic cotton</li> <li>Classic flat-front styling</li> <li>""Slant side-entry front pockets; welted, button-through rear pockets""</li> <li>""Inseam is 32""""""</li></ul><br><br><b>Fabric: </b>8-oz 100% organic cotton canvas. Recyclable through the Common Threads Recycling Program<br><br><b>Weight: </b>524 g (18.5 oz)<br><br>Made in Thailand.",1,4,0.24884501718421045,0.07412812654863772,-0.13116359698943492,0.38143358131232197,0.042683328784620944,-0.11153043080007524,-0.22217263277797952,0.09211148625992424,-0.03699851010845906,-0.03067570378586802
482,"Duck pants - short - Essential wear for splitting logs, driving nails or applying a little more chewing gum to the crack in the U-joint. Our classic do-alls come in a substantial but light and supple 8-oz organic cotton canvas. With style that is dictated by function, they have a flat front, slant side-entry front pockets and welted, button-through rear pockets. Garment-washed. Inseam (size 32) is 32"" for the regular version; 30"" for the short; 34"" for the long. Recyclable through the Common Threads Recycling Program.<br><br><b>Details:</b><ul> <li>Supple organic cotton</li> <li>Classic flat-front styling</li> <li>""Slant side-entry front pockets; welted, button-through rear pockets""</li> <li>""Inseam is 30""""""</li></ul><br><br><b>Fabric: </b>8-oz 100% organic cotton canvas. Recyclable through the Common Threads Recycling Program<br><br><b>Weight: </b>510 g (18 oz)<br><br>Made in Thailand.",1,4,0.2550217622574305,0.072614766443179,-0.13418610749689683,0.3888084284376229,0.04047925640828638,-0.1012281632169695,-0.228707183776919,0.09232045108355548,-0.037945072867746246,-0.033222596657926866
483,"Duck shorts - Sometimes life requires a welder. Other times a really good scotch. Be ready for whatever comes at you with the versatile (and wickedly comfortable) Duck Shorts. The basket-weave canvas, amiable to shop projects or meeting clients, is made from 8-oz 100% organic cotton canvas that feels light and supple on the skin. The classic, flat-front styling includes slant-entry front pockets and welted, button-through back pockets.Inseam (size 32) is 10"". Recyclable through the Common Threads Recycling Program.<br><br><b>Details:</b><ul> <li>Supple yet durable organic cotton</li> <li>Zip fly with button closure</li> <li>Classic flat-front styling</li> <li>Slant side-entry front pockets</li> <li>""Welted, button-through back pockets""</li> <li>""Inseam is 10""""""</li></ul><br><br><b>Fabric: </b>8-oz 100% organic cotton basket-weave canvas. Recyclable through the Common Threads Recycling Program<br><br><b>Weight: </b>(403 g 14 oz)<br><br>Made in Thailand.",1,4,0.253045927590518,0.06835225950769308,-0.12968129850567028,0.359854949836971,0.03394598680074763,-0.11296932091967789,-0.2145396376326034,0.08116710983154299,-0.039531509695498124,-0.01736064226533612
484,"Borderless trek pants - The Ruby Crest trail runs two directions: up and down. To keep you moving in this shifting terrain, our Borderless Trek Pants have a stretchy blend of 95% nylon (60% recycled) and 5% spandex, woven into a soft, flexible fabric that's equal parts tough and comfortable  and offers 40-UPF sun protection. The waist includes a partially elasticized band for a motion-friendly fit; the gusseted crotch ensures dexterity for stream crossings and talus hopping. Six pockets round out the generous pocket brigade. Inseam (size 32) is 32"". Recyclable through the Common Threads Recycling Program.<br><br><b>Details:</b><ul> <li>""Supple, soft blend of recycled nylon and spandex for total mobility, a light drape, fast dry time and abrasion resistance""</li> <li>Provides 40-UPF sun protection</li> <li>Partially elasticized waistband supports wide range of motion</li> <li>Generous wide-entry drop-in front pockets; left front pocket has an internal hidden zip security pocket; additional welted front zip pocket on lower right pocket; zippered welted back pockets</li> <li>Gusseted crotch</li> <li>""Inseam is 32""""""</li></ul><br><br><b>Fabric: </b>4-oz 95% nylon (60% recycled)/5% spandex with DWR (durable water repellent) finish. Recyclable through the Common Threads Recycling Program<br><br><b>Weight: </b>(328 g 11.4 oz)<br><br>Made in Vietnam.",1,1,0.3905213437825899,-0.1902845289924557,-0.12515526822043319,0.2047476624014916,-0.0934996508584454,0.26215685460597277,-0.17978425284560495,-0.022262416036923412,-0.01655715905426913,-0.04561167599397636
485,"Borderless trek zip-off pants - Made for technical performance across the wide spectrum of mountain temperatures, these versatile pants have zip-off legs that quickly go from full-coverage pants to shorts to match the prevailing conditions. The 95% nylon (60% recycled) and 5% spandex fabric lends durability in rough terrain, with excellent airflow, generous stretch for mobility and 40-UPF sun protection. Other motion-inspired features include a gusseted crotch and partially elasticized waistband. Pockets: two in front, two in back, one on the thigh and a hidden zip-security pocket. Pants inseam (size 32) is 32""; shorts inseam is 12 1/2"". Recyclable through the Common Threads Recycling Program.<br><br><b>Details:</b><ul> <li>""Supple, soft blend of recycled nylon and spandex for total mobility, a light drape, fast dry time and abrasion resistance""</li> <li>Provides 40-UPF sun protection</li> <li>Partially elasticized waistband supports wide range of motion</li> <li>Pockets; left front pocket has an internal hidden zip security pocket; additional welted front zip pocket on lower right pocket; zippered welted back pockets</li> <li>Gusseted crotch; zip-off legs convert pants to shorts</li> <li>""Pants inseam is 32""""; shorts inseam is 12 1/2""""""</li></ul><br><br><b>Fabric: </b>4-oz 95% nylon (60% recycled)/5% spandex with DWR (durable water repellent) finish. Recyclable through the Common Threads Recycling Program<br><br><b>Weight: </b>(366 g 12.7 oz)<br><br>Made in Vietnam.",1,1,0.41279011994381304,-0.19556296754008856,-0.12863589624178354,0.23901872005231672,-0.08915286816010796,0.26780586079700724,-0.2494581115359858,-0.06044061860970739,-0.08999758242932486,-0.0795765398540788
486,"Half mass - Sized for riding a bike and finely tuned to hold a day's worth of gear, the Half-Mass has a main compartment that's padded on the backside and along the contoured base to protect contents and provide structure. Inside, a removable padded computer sleeve cradles a 17"" laptop off the ground, and can be paired with the removable external waist strap to create an independent laptop sling. The cover flap overlaps the sides of the bag to keep out rain; its pocket closes with a water-resistant zipper. External side pocket for a cell phone, keys and power brick. Features a topside carrying handle, an adjustable shoulder strap, a stowable waist strap and a reflective strip for better visibility in low light. Made from 600-denier polyester (100% recycled) with a polyurethane coating and DWR (durable water repellent) finish.<br><br><b>Details:</b><ul> <li>Main compartment has removable/modular padded computer sleeve that attaches to the removable waistbelt to create an on-the-go computer sling and free up valuable space internally; large elastic stuff pocket holds jacket or sweater</li> <li>""Padded, fully suspended computer sleeve holds 15"""" - 17"""" laptop safely above ground; internal zippered security pocket and organization for pens; outside pocket on cover flap is accessed via water resistant zipper""</li> <li>""External side pocket for easy-access to water bottle, cell phone, keys or power brick; light-colored lining makes contents easy to find""</li> <li>Topside carrying handle; padded shoulder strap is fully adjustable; detachable waistbelt secures bag for serious pedaling; stows when not needed</li> <li>Flap overlaps sides to keep out rain</li> <li>Reflective strip improves visibility in low light</li> <li>""Holds 15""""- 17"""" laptop""</li></ul><br><br><b>Fabric: </b>8.4-oz 600-denier 100% all-recycled polyester. Lining: 3.3-oz 200-denier 100% polyester. Both with polyurethane coating and a DWR (durable water repellent) finish<br><br><b>Weight: </b>(1038 g 36 oz)<br><br>Made in Vietnam.",2,8,0.2701489173565428,-0.13311920606692731,-0.1233059937623495,-0.15905403579077612,0.05212888565071807,-0.019436886284451046,0.09703070979080981,0.39738286130263956,-0.03177345343883743,-0.02080728108989432
487,"Cap 1 crew - When it comes to moisture, this long-sleeved tee has serious control issues. Quick-wicking, fast-drying and super breathable, it soothes overcooked skin and also layers well in cooler conditions. The crew feels silky, and features an athletic cut, a rib-knit collar for softness and raglan sleeves that reduce chafe under packs. Made from 3.7-oz 100% all-recycled polyester with Gladiodor natural odor control for the garment, it comes in a tuckable length and provides 15-UPF sun protection. Recyclable through the Common Threads Recycling Program.<br><br><b>Details:</b><ul> <li>Silky soft Capilene 1 is the lightest of our technical baselayer fabrics</li> <li>""Fast-drying, highly breathable and sleek, it provides 15-UPF sun protection and can be worn either on its own or under layers in cooler temps""</li> <li>Rib-knit collar is soft against the skin</li> <li>Raglan sleeves reduce chafe beneath pack straps</li> <li>Cut long enough to tuck in</li></ul><br><br><b>Fabric: </b>3.7-oz 100% recycled polyester with Gladiodor natural odor control for the garment and 15-UPF sun protection. Recyclable through the Common Threads Recycling Program<br><br><b>Weight: </b>(164 g 5.7 oz)<br><br>Made in USA.",0,3,0.3410395402523409,-0.07178799788411852,0.4637058383879222,-0.015319337059325491,-0.42707839965691435,0.030667525900722057,-0.14526263065155207,0.028352594667104613,0.10649267472205066,0.08945186385179686
488,"Cap 1 graphic crew - The choice for rest days that include Ultimate Frisbee, longboarding the Avenues and a quick 9-mile-out-and-back trail run, this crew combines quick-drying, fast-wicking moisture-management with a street-worthy look. Silky-soft and livable, it's made with our super-breathable, lightest-weight Capilene performance baselayer fabric, which soothes overcooked skin and also layers well in cooler conditions. Sublimated graphics won't impede breathability, the rib-knit collar is soft, and the cut is long enough to tuck in. Made from 3.7-oz 100% all-recycled polyester, with Gladiodor natural odor control for the garment and 15-UPF sun protection. Recyclable through the Common Threads Recycling Program.<br><br><b>Details:</b><ul> <li>Silky soft Capilene 1 is the lightest of our technical baselayer fabrics</li> <li>""Fast-drying, highly breathable and sleek, it provides 15-UPF sun protection and can be worn either on its own or under layers in cooler temps""</li> <li>Rib-knit collar is soft against the skin</li> <li>Graphic elements sublimated into the fabric won't impede breathability or wicking performance</li> <li>Set-in sleeves</li> <li>Cut long enough to tuck in</li></ul><br><br><b>Fabric: </b>3.7-oz 100% recycled polyester with Gladiodor natural odor control for the garment and 15-UPF sun protection. Recyclable through the Common Threads Recycling Program<br><br><b>Weight: </b>(155 g 5.4 oz)<br><br>Made in USA.",0,3,0.2985519985151361,-0.08245723894689627,0.38952216150929503,-0.0014747853460953728,-0.37415743293957304,0.04815179257404576,-0.11792838618529025,-0.02715222067609964,0.10615201364952137,0.08857284790841728
489,"Fitz roy study t-shirt - When unveiled, the Fitzroy massif commands the sky, bending the light spectrum. Artist Susie Billings captures the rare, cloudless Patagonia day on a canvas of supersoft, 100% organic cotton. The shirt's taped shoulder seams are chafe-free. Doublestitching at sleeves and hem strengthen the finish. Coverstitched at neck and armholes. The tee is recyclable through the Common Threads Recycling Program.<br><br><b>Details:</b><ul> <li>Ringspun yarns for a softer hand</li> <li>Taped shoulder seams</li> <li>Screen-print inks are PVC- and phthalate-free</li></ul><br><br><b>Fabric: </b>5.4-oz 100% organic cotton. Recyclable through the Common Threads Recycling Program<br><br><b>Weight: </b>(199 g 6.9 oz)<br><br>Made in USA.",5,2,0.31303016540302914,0.5239898823951683,-0.03641225525008033,-0.10111031643815532,-0.013447608180331222,0.013894972803358663,-0.03915829744504629,0.006533205514859096,0.00990340157506981,-0.022512339010564795
490,"Flyfishing the athabasca poster - Patrik Ondrus wets his line in the Athabasca River. Jasper National Park, Alberta, Canada. For 30 years we've paid tribute to human adventures both near and far with a collection of photographs that speak to the passion, joy and beauty of lives spent outside. These photos have appeared exclusively on our Web site, in our catalog and on the walls of our retail stores and specialty outdoor clothiers around the world. And now we are excited to make select photos available to you as posters. We hope they brighten up your space and inspire you to get outside.<br><br><b>Details:</b><ul> <li>""Dimensions: 36"""" x 24""""""</li> <li>Photo by Dusan Smetana</li></ul><br><br><b>Fabric: </b>Printed on recycled paper with soy inks.<br><br>Printed in USA.",6,10,0.04964584633821317,0.076196735989107,-0.015194426829142264,-0.05325272915474154,0.01945280166631251,0.0765120129056664,-0.009230094278168652,0.026971551588068694,-0.5217346561709872,0.725524593449526
491,"Flying fish 2 t-shirt - Life's more colorful with the Flying-Fish 2 T-Shirt, featuring original artwork by Geoff McFetridge. Printed on organic cotton, the shirt features taped shoulder seams for a no-chafe fit and ringspun yarns for added softness. PVC- and phthalate-free inks are easier on the environment; recyclable through the Common Threads Recycling Program.<br><br><b>Details:</b><ul> <li>Ringspun yarns for a softer hand</li> <li>Taped shoulder seams</li> <li>Screen-print inks are PVC- and phthalate-free</li></ul><br><br><b>Fabric: </b>4.4-oz 100% organic cotton. Recyclable through the Common Threads Recycling Program<br><br><b>Weight: </b>(150 g 5.2 oz)<br><br>Made in USA.",5,2,0.34512678676881275,0.6869614630914411,-0.04118750668277667,-0.21649259929029754,0.00884273820056695,0.08693758560366328,-0.0620771204896995,-0.010095579692543974,-0.030052142947163355,-0.059198608918317894
492,"Freedom to roam t-shirt - Global warming and habitat destruction have made the need for animals to migrate between shifting habitats urgent - the difference between migrating and remaining within fixed boundaries is the difference between life and extinction. The Freedom to Roam initiative strives to connect North America's critical habitats to ensure the survival of large mammals. Five dollars from the sale of each shirt will go to the cause. Original artwork by Jay Ryan. Made of supersoft, 100% organic-cotton jersey and recyclable through the Common Threads Recycling Program.<br><br><b>Details:</b><ul> <li>Ringspun yarns for a softer hand</li> <li>Taped shoulder seams</li> <li>Screen-print inks are PVC- and phthalate-free</li></ul><br><br><b>Fabric: </b>5.4-oz 100% organic cotton. Recyclable through the Common Threads Recycling Program<br><br><b>Weight: </b>(199 g 6.9 oz)<br><br>Made in USA.",-1,2,0.15152436388008403,0.2829226098437914,-0.0306175596029294,-0.046201342332932986,0.006643370861077875,0.01120864828320944,-0.007889334235384581,0.006616950986518182,-0.003915715732969155,-0.013227755238631117
493,"'73 logo t-shirt - Patagonia's timeless '73 Logo T-Shirt pays homage to our pioneering spirit, resonating with old- and new-schoolers alike. Screen-printed on 100% organic cotton using PVC- and phthalate-free inks, the shirt has ringspun yarns for a softer hand. Taped shoulder seams prevent chafing. Recyclable through the Common Threads Recycling Program.<br><br><b>Details:</b><ul> <li>Ringspun yarns for a softer hand</li> <li>Taped shoulder seams</li> <li>Screen-print inks are PVC- and phthalate-free</li></ul><br><br><b>Fabric: </b>5.4-oz 100% organic cotton. Recyclable through the Common Threads Recycling Program<br><br><b>Weight: </b>195 g (6.9 oz)<br><br>Made in USA.",5,2,0.33569674106862446,0.6488610690006944,-0.049941628836016376,-0.2107971271932032,0.004317755212352774,0.08277215984166585,-0.04689919910984558,-0.022174503467206917,-0.0032791533716969553,-0.009075551736372556
494,"Active boxer briefs - A no-fuss travel companion, these skivvies love sink and creek baths, and they dry in a flash. The quick-wicking underwear breathes exceptionally well, keeping you comfortable in any condition. An exposed elastic waistband is brushed for no-chafe softness; the hem is coverstitched for a smooth glide beneath shorts or pants. With a 5 1/2"" inseam (size M) an easy-access fly and a supportive front panel. Made from 100% polyester (54% recycled) with moisture-wicking performance. Recyclable through the Common Threads Recycling Program.<br><br><b>Details:</b><ul> <li>Moisture-wicking Capilene 2 fabric with an open-knit weave for breathability</li> <li>Brushed elastic waistband for next-to-skin softness</li> <li>Supportive front panel</li> <li>""Cover-stitched hem for smooth glide under shorts or pants, won't restrict mobility""</li> <li>""Inseam (size M) is 5 1/2""""""</li></ul><br><br><b>Fabric: </b>4-oz 100% polyester (54% recycled) with Gladiodor natural odor control for the garment. Recyclable through the Common Threads Recycling Program<br><br><b>Weight: </b>(72 g 2.5 oz)<br><br>Made in USA.",0,3,0.2383968081620031,-0.0713198823299575,0.25589026054987235,0.04786806025184027,-0.1294901636481503,0.008959466908034102,-0.02566175501680371,-0.020979920945874225,-0.2257432896819142,-0.15759207108317758
495,"Active briefs - These featherweight, quick-wicking briefs keep you comfortable and dry whether you travel by bus, kayak or stubborn yak. The nonbinding waistband is brushed for next-to-skin softness, and elastic in the leg openings provides a supple fit without constricting. With reversed-out stitching for chafe-free comfort, an easy-access, functional fly and a supportive front panel. Made from 100% polyester (54% recycled) with moisture-wicking performance and Gladiodor natural odor control for the garment. Recyclable through the Common Threads Recycling Program.<br><br><b>Details:</b><ul> <li>Moisture-wicking Capilene 2 fabric with an open-knit weave for breathability</li> <li>Elastic in the leg openings provides a supple fit without constriction; stitching at leg binding is reversed out for chafe-free comfort</li> <li>""Non-binding, quick-drying waistband is brushed for comfort""</li></ul><br><br><b>Fabric: </b>4-oz 100% polyester (54% recycled) with Gladiodor natural odor control for the garment. Recyclable through the Common Threads Recycling Program<br><br><b>Weight: </b>(57 g 2 oz)<br><br>Made in USA.",0,3,0.2548557204905716,-0.060154884141995324,0.2960422005993571,0.0012735928837278982,-0.1356635009976772,0.03918492604040385,-0.01676619438511242,-0.026949227426646922,-0.1863565085526935,-0.13633836543250477
496,"Cap 2 bottoms - Cut loose from the maddening crowds and search out the undone. Capilene 2 fabric balances fast-drying performance with lightweight insulation so you can go where others haven't. Made from an open-knit 4-oz polyester (54% recycled) that provides exceptional breathability, wicks perspiration, and dries in a flash, these pants are the ultimate in comfort beneath layers on chilly days. They feature an elastic waistband that's brushed for softness, and side seams that are set forward to eliminate chafe. With a gusseted crotch, functional fly and Gladiodor natural odor control for the garment. Recyclable through the Common Threads Recycling Program.<br><br><b>Details:</b><ul> <li>Capilene 2 fabric has an open knit that invites airflow and provides excellent wicking for endurance activities in warm to moderate temperatures</li> <li>""Fastest-drying of our Capilene fabrics, it insulates enough for use on chilly days and can be worn beneath other layers""</li> <li>Elastic waistband brushed for next-to-skin softness</li> <li>Side seams set forward for better fit and freedom from chafe</li> <li>Functional fly</li> <li>Gusseted crotch for unimpeded mobility</li></ul><br><br><b>Fabric: </b>4-oz 100% polyester (54% recycled) with Gladiodor natural odor control for the garment. Recyclable through the Common Threads Recycling Program<br><br><b>Weight: </b>155 g (5.5 oz)<br><br>Made in Mexico.",0,3,0.27474863928923376,-0.09967543359543461,0.4183968953275159,-0.0021050953790508102,-0.25915471816316055,-0.08960969428462065,-0.08982639355112744,-0.05137273851686599,-0.3197409136473163,-0.21567301202565542
497,"Cap 2 crew - This crew takes the edge off fickle weather. In clearing conditions, it has the fastest dry time of all our performance baselayer fabrics, with an open-knit construction that breathes and wicks to keep you dry and cool. When the weather window shuts, you can wear it as insulation beneath layers. With a self-fabric neck that's soft against the skin, and raglan sleeves and flat-ribbed underarm panels that merge out of the way of shoulder straps to eliminate chafe. Made from 4-oz 100 % polyester (54% recycled) with Gladiodor natural odor control for the garment. Recyclable through the Common Threads Recycling Program.<br><br><b>Details:</b><ul> <li>Capilene 2 fabric has an open knit that invites airflow and provides excellent wicking for endurance activities in warm to moderate temperatures</li> <li>""Fastest-drying of our Capilene fabrics, it is insulates enough for use on chilly days and can be worn beneath other layers""</li> <li>Self-fabric neckline is soft next to skin</li> <li>Raglan sleeves and underarm panels merge out of the way of pack straps</li> <li>""Flat-rib panel-piecing under the arms and sides is exceptionally breathable, fast drying and eliminates armpit seam chafing""</li></ul><br><br><b>Fabric: </b>4-oz 100% polyester (54% recycled) with Gladiodor natural odor control for the garment. Recyclable through the Common Threads Recycling Program<br><br><b>Weight: </b>170 g (6 oz)<br><br>Made in Mexico.",0,3,0.310256255880346,-0.07364176987714888,0.4830561092441841,-0.06241583626571644,-0.294394318577089,-0.14704722405878476,-0.036617944900111464,0.023301661245044906,-0.1957826624211884,-0.12765498183012106
498,"All-time shell - No need to use that morning Times as an umbrella. The All-Times' handsome matte-finish, 100% recycled polyester shell provides tasteful sports-coat-length coverage for the vicissitudes of weather in the city and country. A hardy 2.5-layer, 4.2-oz polyester ripstop with an H2No waterproof/breathable barrier and a Deluge DWR (durable water repellent) finish scoffs at cloudbursts; a 100% polyester (60% recycled) brushed fleece collar lining and chin guard keep you feeling well-kept, and the zip-off hood gives you options and keeps you dry. The 2-way zip allows for flexibility when sitting. Recyclable through the Common Threads Recycling Program.<br><br><b>Details:</b><ul> <li>2.5-layer 100% all-recycled polyester shell with a matte ripstop surface and a waterproof/breathable H2No barrier</li> <li>""Snap-off detachable storm hood, protective microfleece-lined collar and chin guard""</li> <li>2-way zip</li> <li>Laser-cut zippered handwarmer pockets</li></ul><br><br><b>Fabric: </b>""Shell: 2.5-layer, 4.1-oz 50-denier 100% all-recycled polyester ripstop with a waterproof/breathable H2No barrier and Deluge DWR (durable water repellent) finish. Collar lining and chin guard: 4.2-oz 100% polyester (60% recycled) brushed fleece. Recyclable through the Common Threads Recycling Program""<br><br><b>Weight: </b>493 g (17.4 oz)<br><br>Made in China.",1,1,0.33276151233391565,-0.21614996989972296,-0.09698211138306834,-0.21927927631163188,0.025636095705139493,-0.20412954582621595,-0.00586127988058737,-0.18664436175928523,0.07953406913635358,0.08257506038153545
499,"All-wear cargo shorts - All-Wear Cargo Shorts bask in the glory of sweat stains, paint splatters and caked-on mud - and get the job done every time. Resilient, garment-washed 5.2-oz 100% organic cotton canvas softens with each washing. Offset side seams won't chafe during active use. Has a classic flat front with two generous wide-entry drop-in pockets, two bellowed side cargos and two rear welted pockets. Inseam (size 32) is 12"". Recyclable through the Common Threads Recycling Program.<br><br><b>Details:</b><ul> <li>Lightweight organic cotton canvas</li> <li>Zip fly with button closure</li> <li>Flat front with offset side seams</li> <li>Generous wide-entry front pockets</li> <li>Welted back pockets hidden under yoke</li> <li>""Inseam is 12""""""</li></ul><br><br><b>Fabric: </b>5.2-oz 100% organic cotton canvas. Recyclable through the Common Threads Recycling Program<br><br><b>Weight: </b>(349 g 12.1 oz)<br><br>Made in Thailand.",1,4,0.27605979689804877,0.06847700501625052,-0.11667940879774347,0.3826194035211787,0.04881788293665987,-0.09672121115289833,-0.26278026224248335,0.0955392583139594,-0.042905505995134194,-0.04314742753397274
500,"All-wear shorts - Time to simplify? Our All-Wear shorts prove that one short really can go anywhere. Made from comfortable garment-washed 100% organic cotton canvas, they withstand hard work and arduous journeys and remain unfazed. Durable but soft to the touch, they feature two wide-entry drop-in front pockets, two rear welted pockets and an 8 1/2"" inseam (size 32). Recyclable through the Common Threads Recycling Program.<br><br><b>Details:</b><ul> <li>Lightweight yet durable organic cotton</li> <li>Flat front</li> <li>Zip fly with button closure</li> <li>Generous wide-entry drop-in front pockets</li> <li>Welted back pockets</li> <li>""Inseam is 8 1/2""""""</li> <li>Updated fit</li></ul><br><br><b>Fabric: </b>5.2-oz 100% organic cotton canvas. Recyclable through the Common Threads Recycling Program<br><br><b>Weight: </b>(282 g 9.8 oz)<br><br>Made in Thailand.",1,4,0.3330888412753252,0.07222570151623686,-0.1596117948565975,0.3932495305088545,0.04933849146166092,-0.09622311440045411,-0.24770596865597272,0.08522354259708113,-0.02291051044389792,-0.03193227189681644
